{
	"credit": "Made By BronGhast014 with Blockbench",
	"textures": {
		"0": "mobs/golem_skin",
		"particle": "mobs/golem_skin"
	},
	"elements": [
		{
			"name": "chest",
			"from": [0, 13, 6],
			"to": [16, 32, 14],
			"faces": {
				"north": {"uv": [0, 11.25, 4, 16], "texture": "#0"},
				"east": {"uv": [4, 11.25, 6, 16], "texture": "#0"},
				"south": {"uv": [6, 11.25, 10, 16], "texture": "#0"},
				"west": {"uv": [10, 11.25, 12, 16], "texture": "#0"},
				"up": {"uv": [16, 14, 12, 12], "texture": "#0"},
				"down": {"uv": [12, 14, 16, 16], "texture": "#0"}
			}
		},
		{
			"name": "midrif",
			"from": [1, 8, 7],
			"to": [15, 13, 13],
			"faces": {
				"north": {"uv": [7.25, 9.75, 10.75, 11], "texture": "#0"},
				"east": {"uv": [12.25, 9.75, 13.75, 11], "texture": "#0"},
				"south": {"uv": [7.25, 9.75, 10.75, 11], "texture": "#0"},
				"west": {"uv": [10.75, 9.75, 12.25, 11], "texture": "#0"},
				"up": {"uv": [7.25, 8.25, 10.75, 9.75], "texture": "#0"},
				"down": {"uv": [7.25, 8.25, 10.75, 9.75], "texture": "#0"}
			}
		},
		{
			"name": "r leg",
			"from": [8.5, -4, 6.5],
			"to": [15.5, 8, 13.5],
			"faces": {
				"north": {"uv": [1.75, 8, 3.5, 11], "texture": "#0"},
				"east": {"uv": [0, 8, 1.75, 11], "texture": "#0"},
				"south": {"uv": [5.25, 8, 7, 11], "texture": "#0"},
				"west": {"uv": [3.5, 8, 5.25, 11], "texture": "#0"},
				"up": {"uv": [0, 6.25, 1.75, 8], "texture": "#0"},
				"down": {"uv": [1.75, 6.25, 3.5, 8], "texture": "#0"}
			}
		},
		{
			"name": "l leg",
			"from": [0.5, -4, 6.5],
			"to": [7.5, 8, 13.5],
			"faces": {
				"north": {"uv": [1.75, 8, 3.5, 11], "texture": "#0"},
				"east": {"uv": [0, 8, 1.75, 11], "texture": "#0"},
				"south": {"uv": [5.25, 8, 7, 11], "texture": "#0"},
				"west": {"uv": [3.5, 8, 5.25, 11], "texture": "#0"},
				"up": {"uv": [0, 6.25, 1.75, 8], "texture": "#0"},
				"down": {"uv": [1.75, 6.25, 3.5, 8], "texture": "#0"}
			}
		}
	],
	"display": {
		"head": {
			"translation": [0, -68, 0],
			"scale": [1.8, 1.8, 1.8]
		}
	}
}