{
	"credit": "Made By BronGhast014 with Blockbench",
	"textures": {
		"0": "mobs/sand_creeper"
	},
	"elements": [
		{
			"name": "body",
			"from": [4, 6, 6],
			"to": [12, 18, 10],
			"faces": {
				"north": {"uv": [2, 10, 6, 16], "texture": "#0"},
				"east": {"uv": [0, 10, 2, 16], "texture": "#0"},
				"south": {"uv": [6, 10, 10, 16], "texture": "#0"},
				"west": {"uv": [10, 10, 12, 16], "texture": "#0"},
				"up": {"uv": [0, 8, 4, 10], "texture": "#0"},
				"down": {"uv": [4, 8, 8, 10], "texture": "#0"}
			}
		},
		{
			"name": "R f leg",
			"from": [4, 0, 2],
			"to": [8, 6, 6],
			"faces": {
				"north": {"uv": [12, 0, 14, 3], "texture": "#0"},
				"east": {"uv": [12, 3, 14, 6], "texture": "#0"},
				"south": {"uv": [14, 3, 16, 6], "texture": "#0"},
				"west": {"uv": [14, 0, 16, 3], "texture": "#0"},
				"up": {"uv": [12, 6, 14, 8], "texture": "#0"},
				"down": {"uv": [14, 6, 16, 8], "texture": "#0"}
			}
		},
		{
			"name": "Left f leg",
			"from": [8, 0, 2],
			"to": [12, 6, 6],
			"faces": {
				"north": {"uv": [12, 0, 14, 3], "texture": "#0"},
				"east": {"uv": [12, 3, 14, 6], "texture": "#0"},
				"south": {"uv": [14, 3, 16, 6], "texture": "#0"},
				"west": {"uv": [14, 0, 16, 3], "texture": "#0"},
				"up": {"uv": [12, 6, 14, 8], "texture": "#0"},
				"down": {"uv": [14, 6, 16, 8], "texture": "#0"}
			}
		},
		{
			"name": "Right b leg",
			"from": [4, 0, 10],
			"to": [8, 6, 14],
			"faces": {
				"north": {"uv": [12, 0, 14, 3], "texture": "#0"},
				"east": {"uv": [12, 3, 14, 6], "texture": "#0"},
				"south": {"uv": [14, 3, 16, 6], "texture": "#0"},
				"west": {"uv": [14, 0, 16, 3], "texture": "#0"},
				"up": {"uv": [12, 6, 14, 8], "texture": "#0"},
				"down": {"uv": [14, 6, 16, 8], "texture": "#0"}
			}
		},
		{
			"name": "Left b leg",
			"from": [8, 0, 10],
			"to": [12, 6, 14],
			"faces": {
				"north": {"uv": [12, 0, 14, 3], "texture": "#0"},
				"east": {"uv": [12, 3, 14, 6], "texture": "#0"},
				"south": {"uv": [14, 3, 16, 6], "texture": "#0"},
				"west": {"uv": [14, 0, 16, 3], "texture": "#0"},
				"up": {"uv": [12, 6, 14, 8], "texture": "#0"},
				"down": {"uv": [14, 6, 16, 8], "texture": "#0"}
			}
		}
	],
	"display": {
		"head": {
			"translation": [0, -69.8, 0],
			"scale": [1.5, 1.5, 1.5]
		}
	},
	"groups": [
		{
			"name": "body",
			"children": [0, 1, 2, 3, 4]
		}
	]
}