{
	"credit": "Made By BronGhast014 with Blockbench",
	"textures": {
		"0": "mobs/animations/ice_creeper_fuse",
		"1": "mobs/ice_creeper_ice",
		"particle": "mobs/ice_creeper_ice"
	},
	"elements": [
		{
			"name": "head",
			"from": [3.9, 17.9, 3.9],
			"to": [12.1, 26.1, 12.1],
			"faces": {
				"north": {"uv": [4, 4, 8, 8], "texture": "#1"},
				"east": {"uv": [0, 4, 4, 8], "texture": "#1"},
				"south": {"uv": [0, 0, 4, 4], "texture": "#1"},
				"west": {"uv": [8, 4, 12, 8], "texture": "#1"},
				"up": {"uv": [4, 0, 8, 4], "texture": "#1"},
				"down": {"uv": [8, 0, 12, 4], "texture": "#1"}
			}
		},
		{
			"name": "head",
			"from": [4, 18, 4],
			"to": [12, 26, 12],
			"faces": {
				"north": {"uv": [4, 4, 8, 8], "texture": "#0"},
				"east": {"uv": [0, 4, 4, 8], "texture": "#0"},
				"south": {"uv": [0, 0, 4, 4], "texture": "#0"},
				"west": {"uv": [8, 4, 12, 8], "texture": "#0"},
				"up": {"uv": [4, 0, 8, 4], "texture": "#0"},
				"down": {"uv": [8, 0, 12, 4], "texture": "#0"}
			}
		}
	],
	"display": {
		"head": {
			"translation": [0, -34.1, 0],
			"scale": [1.5, 1.5, 1.5]
		}
	}
}