{
	"credit": "Made By BronGhast014 with Blockbench",
	"textures": {
		"0": "mobs/jungle_zombie_hurt",
		"1": "mobs/overgrowth_hurt"
	},
	"elements": [
		{
			"name": "R Arm",
			"from": [0, 9, 6],
			"to": [4, 21, 10],
			"rotation": {"angle": 45, "axis": "x", "origin": [8, 19, 8]},
			"faces": {
				"north": {"uv": [13, 9, 14, 12], "texture": "#0"},
				"east": {"uv": [12, 9, 13, 12], "texture": "#0"},
				"south": {"uv": [11, 9, 12, 12], "texture": "#0"},
				"west": {"uv": [10, 9, 11, 12], "texture": "#0"},
				"up": {"uv": [11, 8, 12, 9], "rotation": 180, "texture": "#0"},
				"down": {"uv": [13, 8, 12, 9], "rotation": 180, "texture": "#0"}
			}
		},
		{
			"name": "brown mushroom",
			"from": [-1.14286, 20.42857, 7.5],
			"to": [1.85714, 23.42857, 7.5],
			"rotation": {"angle": 22.5, "axis": "z", "origin": [0.35714, 21.92857, 7.5]},
			"faces": {
				"north": {"uv": [8, 0, 10, 1.75], "texture": "#1"},
				"east": {"uv": [0, 0, 0, 5], "texture": "#1"},
				"south": {"uv": [8, 0, 10, 1.75], "texture": "#1"},
				"west": {"uv": [0, 0, 0, 5], "rotation": 180, "texture": "#1"},
				"up": {"uv": [0, 0, 4, 0], "texture": "#1"},
				"down": {"uv": [0, 0, 4, 0], "rotation": 180, "texture": "#1"}
			}
		},
		{
			"name": "brown mushroom",
			"from": [0.35714, 20.42857, 6],
			"to": [0.35714, 23.42857, 9],
			"rotation": {"angle": 22.5, "axis": "z", "origin": [0.35714, 21.92857, 7.5]},
			"faces": {
				"north": {"uv": [0, 0, 0, 5], "texture": "#1"},
				"east": {"uv": [8, 0, 10, 1.75], "texture": "#1"},
				"south": {"uv": [0, 0, 0, 5], "rotation": 180, "texture": "#1"},
				"west": {"uv": [8, 0, 10, 1.75], "texture": "#1"},
				"up": {"uv": [0, 0, 4, 0], "rotation": 270, "texture": "#1"},
				"down": {"uv": [0, 0, 4, 0], "rotation": 270, "texture": "#1"}
			}
		},
		{
			"name": "brown mushroom",
			"from": [1.14286, 21.57143, 8.64286],
			"to": [4.14286, 24.57143, 8.64286],
			"rotation": {"angle": 22.5, "axis": "x", "origin": [0.35714, 21.92857, 7.5]},
			"faces": {
				"north": {"uv": [10, 0.25, 12, 2], "texture": "#1"},
				"east": {"uv": [0, 0, 0, 5], "texture": "#1"},
				"south": {"uv": [10, 0.25, 12, 2], "texture": "#1"},
				"west": {"uv": [0, 0, 0, 5], "rotation": 180, "texture": "#1"},
				"up": {"uv": [0, 0, 4, 0], "texture": "#1"},
				"down": {"uv": [0, 0, 4, 0], "rotation": 180, "texture": "#1"}
			}
		},
		{
			"name": "brown mushroom",
			"from": [2.64286, 21.57143, 7.14286],
			"to": [2.64286, 24.57143, 10.14286],
			"rotation": {"angle": 22.5, "axis": "x", "origin": [0.35714, 21.92857, 7.5]},
			"faces": {
				"north": {"uv": [10, 0.25, 12, 2], "texture": "#1"},
				"east": {"uv": [10, 0.25, 12, 2], "texture": "#1"},
				"south": {"uv": [10, 0.25, 12, 2], "rotation": 180, "texture": "#1"},
				"west": {"uv": [10, 0.25, 12, 2], "texture": "#1"},
				"up": {"uv": [0, 0, 4, 0], "rotation": 270, "texture": "#1"},
				"down": {"uv": [0, 0, 4, 0], "rotation": 270, "texture": "#1"}
			}
		}
	],
	"display": {
		"thirdperson_righthand": {
			"rotation": [45, 0, 0],
			"translation": [6, -9.75, 2.25]
		},
		"thirdperson_lefthand": {
			"rotation": [75, 45, 0],
			"translation": [0, 2.5, 0],
			"scale": [0.375, 0.375, 0.375]
		},
		"firstperson_righthand": {
			"rotation": [0, 111, 0],
			"scale": [0.4, 0.4, 0.4]
		},
		"firstperson_lefthand": {
			"rotation": [0, 132, 0],
			"scale": [0.4, 0.4, 0.4]
		},
		"ground": {
			"translation": [0, 3, 0],
			"scale": [0.25, 0.25, 0.25]
		},
		"gui": {
			"rotation": [30, 225, 0],
			"translation": [0, -2, 0],
			"scale": [0.5, 0.5, 0.5]
		},
		"head": {
			"translation": [0, -27.25, 0],
			"scale": [1.6, 1.6, 1.6]
		},
		"fixed": {
			"scale": [0.5, 0.5, 0.5]
		}
	},
	"groups": [
		{
			"name": "r arm",
			"children": [0, 1, 2, 3, 4]
		}
	]
}