{
  "parent": "item/template_spawn_egg",
  "overrides": [
    { "predicate": { "custom_model_data": 10140001 }, "model": "mobs/eggs/desert_skeleton" },
    { "predicate": { "custom_model_data": 10140002 }, "model": "mobs/eggs/cave_skeleton" },
    { "predicate": { "custom_model_data": 10140003 }, "model": "mobs/eggs/test" },
    { "predicate": { "custom_model_data": 10140004 }, "model": "mobs/eggs/stooge" },
    { "predicate": { "custom_model_data": 10140005 }, "model": "mobs/eggs/cave_golem" },
    { "predicate": { "custom_model_data": 10140006 }, "model": "mobs/eggs/cave_zombie" },
    { "predicate": { "custom_model_data": 10140007 }, "model": "mobs/eggs/jungle_creeper" },
    { "predicate": { "custom_model_data": 10140008 }, "model": "mobs/eggs/swamp_skeleton" },
    { "predicate": { "custom_model_data": 10140009 }, "model": "mobs/eggs/swamp_zombie" },
    { "predicate": { "custom_model_data": 10140010 }, "model": "mobs/eggs/druid" },
    { "predicate": { "custom_model_data": 10140011 }, "model": "mobs/eggs/sand_mite" },
    { "predicate": { "custom_model_data": 10140012 }, "model": "mobs/eggs/wisp" },
    { "predicate": { "custom_model_data": 10140013 }, "model": "mobs/eggs/ent" },
    { "predicate": { "custom_model_data": 10140014 }, "model": "mobs/eggs/ice_creeper" },
    { "predicate": { "custom_model_data": 10140015 }, "model": "mobs/eggs/ice_zombie" },
    { "predicate": { "custom_model_data": 10140016 }, "model": "mobs/eggs/jungle_skeleton" },
    { "predicate": { "custom_model_data": 10140017 }, "model": "mobs/eggs/jungle_zombie" },
    { "predicate": { "custom_model_data": 10140018 }, "model": "mobs/eggs/blight" },
    { "predicate": { "custom_model_data": 10140019 }, "model": "mobs/eggs/plains_skeleton" },
    { "predicate": { "custom_model_data": 10140020 }, "model": "mobs/eggs/mummy" },
    { "predicate": { "custom_model_data": 10140021 }, "model": "mobs/eggs/cave_warrior" },
    { "predicate": { "custom_model_data": 10140022 }, "model": "mobs/eggs/desert_creeper" },
    { "predicate": { "custom_model_data": 10140023 }, "model": "mobs/eggs/shadow" },
    { "predicate": { "custom_model_data": 10140024 }, "model": "mobs/eggs/plains_zombie" },
    { "predicate": { "custom_model_data": 10140025 }, "model": "mobs/eggs/soul" },
    { "predicate": { "custom_model_data": 10140026 }, "model": "mobs/eggs/warlock" },
    { "predicate": { "custom_model_data": 10140027 }, "model": "mobs/eggs/killer_bunny" },
    { "predicate": { "custom_model_data": 10140028 }, "model": "mobs/eggs/illusioner" },
    { "predicate": { "custom_model_data": 10140029 }, "model": "mobs/eggs/knoll" }
  ]
}
