{
    "credit": "Made By BronGhast014 with Blockbench", 
    "textures": {
        "main": "mobs/animations/swamp_zombie"
    }, 
    "elements": [
        {
            "name": "L Leg", 
            "from": [ 5, -2.9, 7 ], 
            "to":   [ 7, 3, 9 ], 
            "rotation": { "angle": -22.5, "axis": "x", "origin": [6, 8, 8] }, 
            "faces": {
                "north": { "uv": [ 0.125, 1.5, 0.25, 1.875 ], "texture": "#main" }, 
                "east":  { "uv": [ 0.25, 1.5, 0.375, 1.875 ], "texture": "#main" }, 
                "south": { "uv": [ 0.375, 1.5, 0.5, 1.875 ], "texture": "#main" }, 
                "west":  { "uv": [ 0, 1.5, 0.125, 1.875 ], "texture": "#main" }, 
                "up":    { "uv": [ 0.125, 1, 0.25, 1.125 ], "texture": "#main" }, 
                "down":  { "uv": [ 0.625, 1, 0.75, 1.125 ], "texture": "#main" }
            }
        }, 
        {
            "name": "L Leg", 
            "from": [ 5, 3, 7 ], 
            "to":   [ 7, 9, 9 ], 
            "rotation": { "angle": -22.5, "axis": "x", "origin": [6, 8, 8] }, 
            "faces": {
                "north": { "uv": [ 0.125, 1.125, 0.25, 1.5 ], "texture": "#main" }, 
                "east":  { "uv": [ 0.25, 1.125, 0.375, 1.5 ], "texture": "#main" }, 
                "south": { "uv": [ 0.375, 1.125, 0.5, 1.5 ], "texture": "#main" }, 
                "west":  { "uv": [ 0, 1.125, 0.125, 1.5 ], "texture": "#main" }, 
                "up":    { "uv": [ 0.25, 1, 0.375, 1.125 ], "texture": "#main" }, 
                "down":  { "uv": [ 0.125, 1, 0.25, 1.125 ], "texture": "#main" }
            }
        }, 
        {
            "name": "L Leg", 
            "from": [ 4, -3, 6 ], 
            "to":   [ 8, 9, 10 ], 
            "rotation": { "angle": -22.5, "axis": "x", "origin": [6, 8, 8] }, 
            "faces": {
                "north": { "uv": [ 4.25, 1.25, 4.5, 2 ], "texture": "#main" }, 
                "east":  { "uv": [ 4.75, 1.25, 5, 2 ], "texture": "#main" }, 
                "south": { "uv": [ 4, 1.25, 4.25, 2 ], "texture": "#main" }, 
                "west":  { "uv": [ 4.5, 1.25, 4.75, 2 ], "texture": "#main" }, 
                "up":    { "uv": [ 4.25, 1, 4.5, 1.25 ], "rotation":180, "texture": "#main" }, 
                "down":  { "uv": [ 4.5, 1, 4.75, 1.25 ], "rotation":180, "texture": "#main" }
            }
        }, 
        {
            "name": "R Leg", 
            "from": [ 9, -2.9, 7 ], 
            "to":   [ 11, 3, 9 ], 
            "rotation": { "angle": 22.5, "axis": "x", "origin": [10, 8, 8] }, 
            "faces": {
                "north": { "uv": [ 0.375, 1.5, 0.5, 1.875 ], "texture": "#main" }, 
                "east":  { "uv": [ 0.125, 1.5, 0.25, 1.875 ], "texture": "#main" }, 
                "south": { "uv": [ 0, 1.5, 0.125, 1.875 ], "texture": "#main" }, 
                "west":  { "uv": [ 0.25, 1.5, 0.375, 1.875 ], "texture": "#main" }, 
                "up":    { "uv": [ 0.75, 1, 0.875, 1.125 ], "texture": "#main" }, 
                "down":  { "uv": [ 0.75, 1, 0.875, 1.125 ], "texture": "#main" }
            }
        }, 
        {
            "name": "R Leg", 
            "from": [ 9, 3, 7 ], 
            "to":   [ 11, 9, 9 ], 
            "rotation": { "angle": 22.5, "axis": "x", "origin": [10, 8, 8] }, 
            "faces": {
                "north": { "uv": [ 0.375, 1.125, 0.5, 1.5 ], "texture": "#main" }, 
                "east":  { "uv": [ 0, 1.125, 0.125, 1.5 ], "texture": "#main" }, 
                "south": { "uv": [ 0.125, 1.125, 0.25, 1.5 ], "texture": "#main" }, 
                "west":  { "uv": [ 0.25, 1.125, 0.375, 1.5 ], "texture": "#main" }, 
                "up":    { "uv": [ 0.25, 1, 0.375, 1.125 ], "texture": "#main" }, 
                "down":  { "uv": [ 0.875, 1.5, 1, 1.875 ], "texture": "#main" }
            }
        }, 
        {
            "name": "R Leg", 
            "from": [ 8, -3, 6 ], 
            "to":   [ 12, 9, 10 ], 
            "rotation": { "angle": 22.5, "axis": "x", "origin": [10, 8, 8] }, 
            "faces": {
                "north": { "uv": [ 4.5, 2.25, 4.25, 3 ], "texture": "#main" }, 
                "east":  { "uv": [ 4.75, 2.25, 4.5, 3 ], "texture": "#main" }, 
                "south": { "uv": [ 4.25, 2.25, 4, 3 ], "texture": "#main" }, 
                "west":  { "uv": [ 4.75, 2.25, 5, 3 ], "texture": "#main" }, 
                "up":    { "uv": [ 4.25, 2, 4.5, 2.25 ], "rotation":180, "texture": "#main" }, 
                "down":  { "uv": [ 4.5, 2, 4.75, 2.25 ], "rotation":180, "texture": "#main" }
            }
        }, 
        {
            "name": "Body", 
            "from": [ 4, 9, 6 ], 
            "to":   [ 12, 21, 10 ], 
            "faces": {
                "north": { "uv": [ 1.25, 1.25, 1.75, 2 ], "texture": "#main" }, 
                "east":  { "uv": [ 1.75, 1.25, 2, 2 ], "texture": "#main" }, 
                "south": { "uv": [ 1.5, 0.25, 2, 1 ], "texture": "#main" }, 
                "west":  { "uv": [ 1, 1.25, 1.25, 2 ], "texture": "#main" }, 
                "up":    { "uv": [ 1.40625, 1.09375, 1.65625, 1.21875 ], "rotation":180, "texture": "#main" }, 
                "down":  { "uv": [ 1.5, 0, 2, 0.25 ], "rotation":180, "texture": "#main" }
            }
        }, 
        {
            "name": "Body", 
            "from": [ 4, 9, 6 ], 
            "to":   [ 12, 21, 10 ], 
            "faces": {
                "north": { "uv": [ 5.25, 1.25, 5.75, 2 ], "texture": "#main" }, 
                "east":  { "uv": [ 5, 1.25, 5.25, 2 ], "texture": "#main" }, 
                "south": { "uv": [ 6, 1.25, 6.5, 2 ], "texture": "#main" }, 
                "west":  { "uv": [ 5.75, 1.25, 6, 2 ], "texture": "#main" }, 
                "up":    { "uv": [ 5.25, 1, 5.75, 1.25 ], "rotation":180, "texture": "#main" }, 
                "down":  { "uv": [ 5.75, 1, 6.25, 1.25 ], "rotation":180, "texture": "#main" }
            }
        }, 
        {
            "name": "L Leg", 
            "from": [ 5, -2.9, 7 ], 
            "to":   [ 7, 3, 9 ], 
            "faces": {
                "north": { "uv": [ 8.125, 1.5, 8.25, 1.875 ], "texture": "#main" }, 
                "east":  { "uv": [ 8.25, 1.5, 8.375, 1.875 ], "texture": "#main" }, 
                "south": { "uv": [ 8.375, 1.5, 8.5, 1.875 ], "texture": "#main" }, 
                "west":  { "uv": [ 8, 1.5, 8.125, 1.875 ], "texture": "#main" }, 
                "up":    { "uv": [ 8.125, 1, 8.25, 1.125 ], "texture": "#main" }, 
                "down":  { "uv": [ 8.625, 1, 8.75, 1.125 ], "texture": "#main" }
            }
        }, 
        {
            "name": "L Leg", 
            "from": [ 5, 3, 7 ], 
            "to":   [ 7, 9, 9 ], 
            "faces": {
                "north": { "uv": [ 8.125, 1.125, 8.25, 1.5 ], "texture": "#main" }, 
                "east":  { "uv": [ 8.25, 1.125, 8.375, 1.5 ], "texture": "#main" }, 
                "south": { "uv": [ 8.375, 1.125, 8.5, 1.5 ], "texture": "#main" }, 
                "west":  { "uv": [ 8, 1.125, 8.125, 1.5 ], "texture": "#main" }, 
                "up":    { "uv": [ 8.25, 1, 8.375, 1.125 ], "texture": "#main" }, 
                "down":  { "uv": [ 8.125, 1, 8.25, 1.125 ], "texture": "#main" }
            }
        }, 
        {
            "name": "L Leg", 
            "from": [ 4, -3, 6 ], 
            "to":   [ 8, 9, 10 ], 
            "faces": {
                "north": { "uv": [ 12.25, 1.25, 12.5, 2 ], "texture": "#main" }, 
                "east":  { "uv": [ 12.75, 1.25, 13, 2 ], "texture": "#main" }, 
                "south": { "uv": [ 12, 1.25, 12.25, 2 ], "texture": "#main" }, 
                "west":  { "uv": [ 12.5, 1.25, 12.75, 2 ], "texture": "#main" }, 
                "up":    { "uv": [ 12.25, 1, 12.5, 1.25 ], "rotation":180, "texture": "#main" }, 
                "down":  { "uv": [ 12.5, 1, 12.75, 1.25 ], "rotation":180, "texture": "#main" }
            }
        }, 
        {
            "name": "R Leg", 
            "from": [ 9, -2.9, 7 ], 
            "to":   [ 11, 3, 9 ], 
            "faces": {
                "north": { "uv": [ 8.375, 1.5, 8.5, 1.875 ], "texture": "#main" }, 
                "east":  { "uv": [ 8.125, 1.5, 8.25, 1.875 ], "texture": "#main" }, 
                "south": { "uv": [ 8, 1.5, 8.125, 1.875 ], "texture": "#main" }, 
                "west":  { "uv": [ 8.25, 1.5, 8.375, 1.875 ], "texture": "#main" }, 
                "up":    { "uv": [ 8.75, 1, 8.875, 1.125 ], "texture": "#main" }, 
                "down":  { "uv": [ 8.75, 1, 8.875, 1.125 ], "texture": "#main" }
            }
        }, 
        {
            "name": "R Leg", 
            "from": [ 9, 3, 7 ], 
            "to":   [ 11, 9, 9 ], 
            "faces": {
                "north": { "uv": [ 8.375, 1.125, 8.5, 1.5 ], "texture": "#main" }, 
                "east":  { "uv": [ 8, 1.125, 8.125, 1.5 ], "texture": "#main" }, 
                "south": { "uv": [ 8.125, 1.125, 8.25, 1.5 ], "texture": "#main" }, 
                "west":  { "uv": [ 8.25, 1.125, 8.375, 1.5 ], "texture": "#main" }, 
                "up":    { "uv": [ 8.25, 1, 8.375, 1.125 ], "texture": "#main" }, 
                "down":  { "uv": [ 8.875, 1.5, 9, 1.875 ], "texture": "#main" }
            }
        }, 
        {
            "name": "R Leg", 
            "from": [ 8, -3, 6 ], 
            "to":   [ 12, 9, 10 ], 
            "faces": {
                "north": { "uv": [ 12.5, 2.25, 12.25, 3 ], "texture": "#main" }, 
                "east":  { "uv": [ 12.75, 2.25, 12.5, 3 ], "texture": "#main" }, 
                "south": { "uv": [ 12.25, 2.25, 12, 3 ], "texture": "#main" }, 
                "west":  { "uv": [ 12.75, 2.25, 13, 3 ], "texture": "#main" }, 
                "up":    { "uv": [ 12.25, 2, 12.5, 2.25 ], "rotation":180, "texture": "#main" }, 
                "down":  { "uv": [ 12.5, 2, 12.75, 2.25 ], "rotation":180, "texture": "#main" }
            }
        }, 
        {
            "name": "Body", 
            "from": [ 4, 9, 6 ], 
            "to":   [ 12, 21, 10 ], 
            "faces": {
                "north": { "uv": [ 9.25, 1.25, 9.75, 2 ], "texture": "#main" }, 
                "east":  { "uv": [ 9.75, 1.25, 10, 2 ], "texture": "#main" }, 
                "south": { "uv": [ 9.5, 0.25, 10, 1 ], "texture": "#main" }, 
                "west":  { "uv": [ 9, 1.25, 9.25, 2 ], "texture": "#main" }, 
                "up":    { "uv": [ 9.40625, 1.09375, 9.65625, 1.21875 ], "rotation":180, "texture": "#main" }, 
                "down":  { "uv": [ 9.5, 0, 10, 0.25 ], "rotation":180, "texture": "#main" }
            }
        }, 
        {
            "name": "Body", 
            "from": [ 4, 9, 6 ], 
            "to":   [ 12, 21, 10 ], 
            "faces": {
                "north": { "uv": [ 13.25, 1.25, 13.75, 2 ], "texture": "#main" }, 
                "east":  { "uv": [ 13, 1.25, 13.25, 2 ], "texture": "#main" }, 
                "south": { "uv": [ 14, 1.25, 14.5, 2 ], "texture": "#main" }, 
                "west":  { "uv": [ 13.75, 1.25, 14, 2 ], "texture": "#main" }, 
                "up":    { "uv": [ 13.25, 1, 13.75, 1.25 ], "rotation":180, "texture": "#main" }, 
                "down":  { "uv": [ 13.75, 1, 14.25, 1.25 ], "rotation":180, "texture": "#main" }
            }
        }, 
        {
            "name": "L Leg", 
            "from": [ 5, -2.9, 7 ], 
            "to":   [ 7, 3, 9 ], 
            "rotation": { "angle": 22.5, "axis": "x", "origin": [6, 8, 8] }, 
            "faces": {
                "north": { "uv": [ 0.125, 9.5, 0.25, 9.875 ], "texture": "#main" }, 
                "east":  { "uv": [ 0.25, 9.5, 0.375, 9.875 ], "texture": "#main" }, 
                "south": { "uv": [ 0.375, 9.5, 0.5, 9.875 ], "texture": "#main" }, 
                "west":  { "uv": [ 0, 9.5, 0.125, 9.875 ], "texture": "#main" }, 
                "up":    { "uv": [ 0.125, 9, 0.25, 9.125 ], "texture": "#main" }, 
                "down":  { "uv": [ 0.625, 9, 0.75, 9.125 ], "texture": "#main" }
            }
        }, 
        {
            "name": "L Leg", 
            "from": [ 5, 3, 7 ], 
            "to":   [ 7, 9, 9 ], 
            "rotation": { "angle": 22.5, "axis": "x", "origin": [6, 8, 8] }, 
            "faces": {
                "north": { "uv": [ 0.125, 9.125, 0.25, 9.5 ], "texture": "#main" }, 
                "east":  { "uv": [ 0.25, 9.125, 0.375, 9.5 ], "texture": "#main" }, 
                "south": { "uv": [ 0.375, 9.125, 0.5, 9.5 ], "texture": "#main" }, 
                "west":  { "uv": [ 0, 9.125, 0.125, 9.5 ], "texture": "#main" }, 
                "up":    { "uv": [ 0.25, 9, 0.375, 9.125 ], "texture": "#main" }, 
                "down":  { "uv": [ 0.125, 9, 0.25, 9.125 ], "texture": "#main" }
            }
        }, 
        {
            "name": "L Leg", 
            "from": [ 4, -3, 6 ], 
            "to":   [ 8, 9, 10 ], 
            "rotation": { "angle": 22.5, "axis": "x", "origin": [6, 8, 8] }, 
            "faces": {
                "north": { "uv": [ 4.25, 9.25, 4.5, 10 ], "texture": "#main" }, 
                "east":  { "uv": [ 4.75, 9.25, 5, 10 ], "texture": "#main" }, 
                "south": { "uv": [ 4, 9.25, 4.25, 10 ], "texture": "#main" }, 
                "west":  { "uv": [ 4.5, 9.25, 4.75, 10 ], "texture": "#main" }, 
                "up":    { "uv": [ 4.25, 9, 4.5, 9.25 ], "rotation":180, "texture": "#main" }, 
                "down":  { "uv": [ 4.5, 9, 4.75, 9.25 ], "rotation":180, "texture": "#main" }
            }
        }, 
        {
            "name": "R Leg", 
            "from": [ 9, -2.9, 7 ], 
            "to":   [ 11, 3, 9 ], 
            "rotation": { "angle": -22.5, "axis": "x", "origin": [10, 8, 8] }, 
            "faces": {
                "north": { "uv": [ 0.375, 9.5, 0.5, 9.875 ], "texture": "#main" }, 
                "east":  { "uv": [ 0.125, 9.5, 0.25, 9.875 ], "texture": "#main" }, 
                "south": { "uv": [ 0, 9.5, 0.125, 9.875 ], "texture": "#main" }, 
                "west":  { "uv": [ 0.25, 9.5, 0.375, 9.875 ], "texture": "#main" }, 
                "up":    { "uv": [ 0.75, 9, 0.875, 9.125 ], "texture": "#main" }, 
                "down":  { "uv": [ 0.75, 9, 0.875, 9.125 ], "texture": "#main" }
            }
        }, 
        {
            "name": "R Leg", 
            "from": [ 9, 3, 7 ], 
            "to":   [ 11, 9, 9 ], 
            "rotation": { "angle": -22.5, "axis": "x", "origin": [10, 8, 8] }, 
            "faces": {
                "north": { "uv": [ 0.375, 9.125, 0.5, 9.5 ], "texture": "#main" }, 
                "east":  { "uv": [ 0, 9.125, 0.125, 9.5 ], "texture": "#main" }, 
                "south": { "uv": [ 0.125, 9.125, 0.25, 9.5 ], "texture": "#main" }, 
                "west":  { "uv": [ 0.25, 9.125, 0.375, 9.5 ], "texture": "#main" }, 
                "up":    { "uv": [ 0.25, 9, 0.375, 9.125 ], "texture": "#main" }, 
                "down":  { "uv": [ 0.875, 9.5, 1, 9.875 ], "texture": "#main" }
            }
        }, 
        {
            "name": "R Leg", 
            "from": [ 8, -3, 6 ], 
            "to":   [ 12, 9, 10 ], 
            "rotation": { "angle": -22.5, "axis": "x", "origin": [10, 8, 8] }, 
            "faces": {
                "north": { "uv": [ 4.5, 10.25, 4.25, 11 ], "texture": "#main" }, 
                "east":  { "uv": [ 4.75, 10.25, 4.5, 11 ], "texture": "#main" }, 
                "south": { "uv": [ 4.25, 10.25, 4, 11 ], "texture": "#main" }, 
                "west":  { "uv": [ 4.75, 10.25, 5, 11 ], "texture": "#main" }, 
                "up":    { "uv": [ 4.25, 10, 4.5, 10.25 ], "rotation":180, "texture": "#main" }, 
                "down":  { "uv": [ 4.5, 10, 4.75, 10.25 ], "rotation":180, "texture": "#main" }
            }
        }, 
        {
            "name": "Body", 
            "from": [ 4, 9, 6 ], 
            "to":   [ 12, 21, 10 ], 
            "faces": {
                "north": { "uv": [ 1.25, 9.25, 1.75, 10 ], "texture": "#main" }, 
                "east":  { "uv": [ 1.75, 9.25, 2, 10 ], "texture": "#main" }, 
                "south": { "uv": [ 1.5, 8.25, 2, 9 ], "texture": "#main" }, 
                "west":  { "uv": [ 1, 9.25, 1.25, 10 ], "texture": "#main" }, 
                "up":    { "uv": [ 1.40625, 9.09375, 1.65625, 9.21875 ], "rotation":180, "texture": "#main" }, 
                "down":  { "uv": [ 1.5, 8, 2, 8.25 ], "rotation":180, "texture": "#main" }
            }
        }, 
        {
            "name": "Body", 
            "from": [ 4, 9, 6 ], 
            "to":   [ 12, 21, 10 ], 
            "faces": {
                "north": { "uv": [ 5.25, 9.25, 5.75, 10 ], "texture": "#main" }, 
                "east":  { "uv": [ 5, 9.25, 5.25, 10 ], "texture": "#main" }, 
                "south": { "uv": [ 6, 9.25, 6.5, 10 ], "texture": "#main" }, 
                "west":  { "uv": [ 5.75, 9.25, 6, 10 ], "texture": "#main" }, 
                "up":    { "uv": [ 5.25, 9, 5.75, 9.25 ], "rotation":180, "texture": "#main" }, 
                "down":  { "uv": [ 5.75, 9, 6.25, 9.25 ], "rotation":180, "texture": "#main" }
            }
        }
    ], 
    "display": {
        "thirdperson_righthand": {
            "rotation": [ 75, 45, 0 ], 
            "translation": [ 0, 2.5, 0 ], 
            "scale": [ 0.375, 0.375, 0.375 ]
        }, 
        "thirdperson_lefthand": {
            "rotation": [ 75, 45, 0 ], 
            "translation": [ 0, 2.5, 0 ], 
            "scale": [ 0.375, 0.375, 0.375 ]
        }, 
        "firstperson_righthand": {
            "rotation": [ 0, 111, 0 ], 
            "scale": [ 0.4, 0.4, 0.4 ]
        }, 
        "firstperson_lefthand": {
            "rotation": [ 0, 132, 0 ], 
            "scale": [ 0.4, 0.4, 0.4 ]
        }, 
        "ground": {
            "translation": [ 0, 3, 0 ], 
            "scale": [ 0.25, 0.25, 0.25 ]
        }, 
        "gui": {
            "rotation": [ 30, 225, 0 ], 
            "translation": [ 0, -2, 0 ], 
            "scale": [ 0.5, 0.5, 0.5 ]
        }, 
        "head": {
            "translation": [ 0, -63.5, 0 ], 
            "scale": [ 1.6, 1.6, 1.6 ]
        }, 
        "fixed": {
            "scale": [ 0.5, 0.5, 0.5 ]
        }
    }, 
    "groups": [
        {
            "name": "body", 
            "children": [
                {
                    "name": "LL", 
                    "children": [
                        0, 
                        1, 
                        2
                    ]
                }, 
                {
                    "name": "RL", 
                    "children": [
                        3, 
                        4, 
                        5
                    ]
                }, 
                6, 
                7
            ]
        }
    ], 
    "__comment": "Model animated using Fizzy's model animator - http://fizzy81.github.io/animated-models/"
}