{
    "credit": "Made By BronGhast014 with Blockbench", 
    "textures": {
        "main": "mobs/animations/ice_creeper"
    }, 
    "elements": [
        {
            "name": "body", 
            "from": [ 4, 6, 6 ], 
            "to":   [ 12, 18, 10 ], 
            "faces": {
                "north": { "uv": [ 0.5, 2.5, 1.5, 4 ], "texture": "#main" }, 
                "east":  { "uv": [ 0, 2.5, 0.5, 4 ], "texture": "#main" }, 
                "south": { "uv": [ 1.5, 2.5, 2.5, 4 ], "texture": "#main" }, 
                "west":  { "uv": [ 2.5, 2.5, 3, 4 ], "texture": "#main" }, 
                "up":    { "uv": [ 0, 2, 1, 2.5 ], "texture": "#main" }, 
                "down":  { "uv": [ 1, 2, 2, 2.5 ], "texture": "#main" }
            }
        }, 
        {
            "name": "R f leg", 
            "from": [ 4, 0, 2 ], 
            "to":   [ 8, 6, 6 ], 
            "rotation": { "angle": -22.5, "axis": "x", "origin": [8, 6, 6] }, 
            "faces": {
                "north": { "uv": [ 3, 0, 3.5, 0.75 ], "texture": "#main" }, 
                "east":  { "uv": [ 3, 0.75, 3.5, 1.5 ], "texture": "#main" }, 
                "south": { "uv": [ 3.5, 0.75, 4, 1.5 ], "texture": "#main" }, 
                "west":  { "uv": [ 3.5, 0, 4, 0.75 ], "texture": "#main" }, 
                "up":    { "uv": [ 3, 1.5, 3.5, 2 ], "texture": "#main" }, 
                "down":  { "uv": [ 3.5, 1.5, 4, 2 ], "texture": "#main" }
            }
        }, 
        {
            "name": "Left f leg", 
            "from": [ 8, 0, 2 ], 
            "to":   [ 12, 6, 6 ], 
            "rotation": { "angle": 22.5, "axis": "x", "origin": [8, 6, 6] }, 
            "faces": {
                "north": { "uv": [ 3, 0, 3.5, 0.75 ], "texture": "#main" }, 
                "east":  { "uv": [ 3, 0.75, 3.5, 1.5 ], "texture": "#main" }, 
                "south": { "uv": [ 3.5, 0.75, 4, 1.5 ], "texture": "#main" }, 
                "west":  { "uv": [ 3.5, 0, 4, 0.75 ], "texture": "#main" }, 
                "up":    { "uv": [ 3, 1.5, 3.5, 2 ], "texture": "#main" }, 
                "down":  { "uv": [ 3.5, 1.5, 4, 2 ], "texture": "#main" }
            }
        }, 
        {
            "name": "Right b leg", 
            "from": [ 4, 0, 10 ], 
            "to":   [ 8, 6, 14 ], 
            "rotation": { "angle": -22.5, "axis": "x", "origin": [8, 6, 10] }, 
            "faces": {
                "north": { "uv": [ 3, 0, 3.5, 0.75 ], "texture": "#main" }, 
                "east":  { "uv": [ 3, 0.75, 3.5, 1.5 ], "texture": "#main" }, 
                "south": { "uv": [ 3.5, 0.75, 4, 1.5 ], "texture": "#main" }, 
                "west":  { "uv": [ 3.5, 0, 4, 0.75 ], "texture": "#main" }, 
                "up":    { "uv": [ 3, 1.5, 3.5, 2 ], "texture": "#main" }, 
                "down":  { "uv": [ 3.5, 1.5, 4, 2 ], "texture": "#main" }
            }
        }, 
        {
            "name": "Left b leg", 
            "from": [ 8, 0, 10 ], 
            "to":   [ 12, 6, 14 ], 
            "rotation": { "angle": 22.5, "axis": "x", "origin": [8, 6, 10] }, 
            "faces": {
                "north": { "uv": [ 3, 0, 3.5, 0.75 ], "texture": "#main" }, 
                "east":  { "uv": [ 3, 0.75, 3.5, 1.5 ], "texture": "#main" }, 
                "south": { "uv": [ 3.5, 0.75, 4, 1.5 ], "texture": "#main" }, 
                "west":  { "uv": [ 3.5, 0, 4, 0.75 ], "texture": "#main" }, 
                "up":    { "uv": [ 3, 1.5, 3.5, 2 ], "texture": "#main" }, 
                "down":  { "uv": [ 3.5, 1.5, 4, 2 ], "texture": "#main" }
            }
        }, 
        {
            "name": "body", 
            "from": [ 4, 6, 6 ], 
            "to":   [ 12, 18, 10 ], 
            "faces": {
                "north": { "uv": [ 4.5, 2.5, 5.5, 4 ], "texture": "#main" }, 
                "east":  { "uv": [ 4, 2.5, 4.5, 4 ], "texture": "#main" }, 
                "south": { "uv": [ 5.5, 2.5, 6.5, 4 ], "texture": "#main" }, 
                "west":  { "uv": [ 6.5, 2.5, 7, 4 ], "texture": "#main" }, 
                "up":    { "uv": [ 4, 2, 5, 2.5 ], "texture": "#main" }, 
                "down":  { "uv": [ 5, 2, 6, 2.5 ], "texture": "#main" }
            }
        }, 
        {
            "name": "R f leg", 
            "from": [ 4, 0, 2 ], 
            "to":   [ 8, 6, 6 ], 
            "rotation": { "angle": -22.5, "axis": "x", "origin": [8, 6, 6] }, 
            "faces": {
                "north": { "uv": [ 7, 0, 7.5, 0.75 ], "texture": "#main" }, 
                "east":  { "uv": [ 7, 0.75, 7.5, 1.5 ], "texture": "#main" }, 
                "south": { "uv": [ 7.5, 0.75, 8, 1.5 ], "texture": "#main" }, 
                "west":  { "uv": [ 7.5, 0, 8, 0.75 ], "texture": "#main" }, 
                "up":    { "uv": [ 7, 1.5, 7.5, 2 ], "texture": "#main" }, 
                "down":  { "uv": [ 7.5, 1.5, 8, 2 ], "texture": "#main" }
            }
        }, 
        {
            "name": "Left f leg", 
            "from": [ 8, 0, 2 ], 
            "to":   [ 12, 6, 6 ], 
            "rotation": { "angle": 22.5, "axis": "x", "origin": [8, 6, 6] }, 
            "faces": {
                "north": { "uv": [ 7, 0, 7.5, 0.75 ], "texture": "#main" }, 
                "east":  { "uv": [ 7, 0.75, 7.5, 1.5 ], "texture": "#main" }, 
                "south": { "uv": [ 7.5, 0.75, 8, 1.5 ], "texture": "#main" }, 
                "west":  { "uv": [ 7.5, 0, 8, 0.75 ], "texture": "#main" }, 
                "up":    { "uv": [ 7, 1.5, 7.5, 2 ], "texture": "#main" }, 
                "down":  { "uv": [ 7.5, 1.5, 8, 2 ], "texture": "#main" }
            }
        }, 
        {
            "name": "Right b leg", 
            "from": [ 4, 0, 10 ], 
            "to":   [ 8, 6, 14 ], 
            "rotation": { "angle": -22.5, "axis": "x", "origin": [8, 6, 10] }, 
            "faces": {
                "north": { "uv": [ 7, 0, 7.5, 0.75 ], "texture": "#main" }, 
                "east":  { "uv": [ 7, 0.75, 7.5, 1.5 ], "texture": "#main" }, 
                "south": { "uv": [ 7.5, 0.75, 8, 1.5 ], "texture": "#main" }, 
                "west":  { "uv": [ 7.5, 0, 8, 0.75 ], "texture": "#main" }, 
                "up":    { "uv": [ 7, 1.5, 7.5, 2 ], "texture": "#main" }, 
                "down":  { "uv": [ 7.5, 1.5, 8, 2 ], "texture": "#main" }
            }
        }, 
        {
            "name": "Left b leg", 
            "from": [ 8, 0, 10 ], 
            "to":   [ 12, 6, 14 ], 
            "rotation": { "angle": 22.5, "axis": "x", "origin": [8, 6, 10] }, 
            "faces": {
                "north": { "uv": [ 7, 0, 7.5, 0.75 ], "texture": "#main" }, 
                "east":  { "uv": [ 7, 0.75, 7.5, 1.5 ], "texture": "#main" }, 
                "south": { "uv": [ 7.5, 0.75, 8, 1.5 ], "texture": "#main" }, 
                "west":  { "uv": [ 7.5, 0, 8, 0.75 ], "texture": "#main" }, 
                "up":    { "uv": [ 7, 1.5, 7.5, 2 ], "texture": "#main" }, 
                "down":  { "uv": [ 7.5, 1.5, 8, 2 ], "texture": "#main" }
            }
        }, 
        {
            "name": "body", 
            "from": [ 4, 6, 6 ], 
            "to":   [ 12, 18, 10 ], 
            "faces": {
                "north": { "uv": [ 8.5, 2.5, 9.5, 4 ], "texture": "#main" }, 
                "east":  { "uv": [ 8, 2.5, 8.5, 4 ], "texture": "#main" }, 
                "south": { "uv": [ 9.5, 2.5, 10.5, 4 ], "texture": "#main" }, 
                "west":  { "uv": [ 10.5, 2.5, 11, 4 ], "texture": "#main" }, 
                "up":    { "uv": [ 8, 2, 9, 2.5 ], "texture": "#main" }, 
                "down":  { "uv": [ 9, 2, 10, 2.5 ], "texture": "#main" }
            }
        }, 
        {
            "name": "R f leg", 
            "from": [ 4, 0, 2 ], 
            "to":   [ 8, 6, 6 ], 
            "faces": {
                "north": { "uv": [ 11, 0, 11.5, 0.75 ], "texture": "#main" }, 
                "east":  { "uv": [ 11, 0.75, 11.5, 1.5 ], "texture": "#main" }, 
                "south": { "uv": [ 11.5, 0.75, 12, 1.5 ], "texture": "#main" }, 
                "west":  { "uv": [ 11.5, 0, 12, 0.75 ], "texture": "#main" }, 
                "up":    { "uv": [ 11, 1.5, 11.5, 2 ], "texture": "#main" }, 
                "down":  { "uv": [ 11.5, 1.5, 12, 2 ], "texture": "#main" }
            }
        }, 
        {
            "name": "Left f leg", 
            "from": [ 8, 0, 2 ], 
            "to":   [ 12, 6, 6 ], 
            "faces": {
                "north": { "uv": [ 11, 0, 11.5, 0.75 ], "texture": "#main" }, 
                "east":  { "uv": [ 11, 0.75, 11.5, 1.5 ], "texture": "#main" }, 
                "south": { "uv": [ 11.5, 0.75, 12, 1.5 ], "texture": "#main" }, 
                "west":  { "uv": [ 11.5, 0, 12, 0.75 ], "texture": "#main" }, 
                "up":    { "uv": [ 11, 1.5, 11.5, 2 ], "texture": "#main" }, 
                "down":  { "uv": [ 11.5, 1.5, 12, 2 ], "texture": "#main" }
            }
        }, 
        {
            "name": "Right b leg", 
            "from": [ 4, 0, 10 ], 
            "to":   [ 8, 6, 14 ], 
            "faces": {
                "north": { "uv": [ 11, 0, 11.5, 0.75 ], "texture": "#main" }, 
                "east":  { "uv": [ 11, 0.75, 11.5, 1.5 ], "texture": "#main" }, 
                "south": { "uv": [ 11.5, 0.75, 12, 1.5 ], "texture": "#main" }, 
                "west":  { "uv": [ 11.5, 0, 12, 0.75 ], "texture": "#main" }, 
                "up":    { "uv": [ 11, 1.5, 11.5, 2 ], "texture": "#main" }, 
                "down":  { "uv": [ 11.5, 1.5, 12, 2 ], "texture": "#main" }
            }
        }, 
        {
            "name": "Left b leg", 
            "from": [ 8, 0, 10 ], 
            "to":   [ 12, 6, 14 ], 
            "faces": {
                "north": { "uv": [ 11, 0, 11.5, 0.75 ], "texture": "#main" }, 
                "east":  { "uv": [ 11, 0.75, 11.5, 1.5 ], "texture": "#main" }, 
                "south": { "uv": [ 11.5, 0.75, 12, 1.5 ], "texture": "#main" }, 
                "west":  { "uv": [ 11.5, 0, 12, 0.75 ], "texture": "#main" }, 
                "up":    { "uv": [ 11, 1.5, 11.5, 2 ], "texture": "#main" }, 
                "down":  { "uv": [ 11.5, 1.5, 12, 2 ], "texture": "#main" }
            }
        }, 
        {
            "name": "body", 
            "from": [ 4, 6, 6 ], 
            "to":   [ 12, 18, 10 ], 
            "faces": {
                "north": { "uv": [ 12.5, 2.5, 13.5, 4 ], "texture": "#main" }, 
                "east":  { "uv": [ 12, 2.5, 12.5, 4 ], "texture": "#main" }, 
                "south": { "uv": [ 13.5, 2.5, 14.5, 4 ], "texture": "#main" }, 
                "west":  { "uv": [ 14.5, 2.5, 15, 4 ], "texture": "#main" }, 
                "up":    { "uv": [ 12, 2, 13, 2.5 ], "texture": "#main" }, 
                "down":  { "uv": [ 13, 2, 14, 2.5 ], "texture": "#main" }
            }
        }, 
        {
            "name": "R f leg", 
            "from": [ 4, 0, 2 ], 
            "to":   [ 8, 6, 6 ], 
            "faces": {
                "north": { "uv": [ 15, 0, 15.5, 0.75 ], "texture": "#main" }, 
                "east":  { "uv": [ 15, 0.75, 15.5, 1.5 ], "texture": "#main" }, 
                "south": { "uv": [ 15.5, 0.75, 16, 1.5 ], "texture": "#main" }, 
                "west":  { "uv": [ 15.5, 0, 16, 0.75 ], "texture": "#main" }, 
                "up":    { "uv": [ 15, 1.5, 15.5, 2 ], "texture": "#main" }, 
                "down":  { "uv": [ 15.5, 1.5, 16, 2 ], "texture": "#main" }
            }
        }, 
        {
            "name": "Left f leg", 
            "from": [ 8, 0, 2 ], 
            "to":   [ 12, 6, 6 ], 
            "faces": {
                "north": { "uv": [ 15, 0, 15.5, 0.75 ], "texture": "#main" }, 
                "east":  { "uv": [ 15, 0.75, 15.5, 1.5 ], "texture": "#main" }, 
                "south": { "uv": [ 15.5, 0.75, 16, 1.5 ], "texture": "#main" }, 
                "west":  { "uv": [ 15.5, 0, 16, 0.75 ], "texture": "#main" }, 
                "up":    { "uv": [ 15, 1.5, 15.5, 2 ], "texture": "#main" }, 
                "down":  { "uv": [ 15.5, 1.5, 16, 2 ], "texture": "#main" }
            }
        }, 
        {
            "name": "Right b leg", 
            "from": [ 4, 0, 10 ], 
            "to":   [ 8, 6, 14 ], 
            "faces": {
                "north": { "uv": [ 15, 0, 15.5, 0.75 ], "texture": "#main" }, 
                "east":  { "uv": [ 15, 0.75, 15.5, 1.5 ], "texture": "#main" }, 
                "south": { "uv": [ 15.5, 0.75, 16, 1.5 ], "texture": "#main" }, 
                "west":  { "uv": [ 15.5, 0, 16, 0.75 ], "texture": "#main" }, 
                "up":    { "uv": [ 15, 1.5, 15.5, 2 ], "texture": "#main" }, 
                "down":  { "uv": [ 15.5, 1.5, 16, 2 ], "texture": "#main" }
            }
        }, 
        {
            "name": "Left b leg", 
            "from": [ 8, 0, 10 ], 
            "to":   [ 12, 6, 14 ], 
            "faces": {
                "north": { "uv": [ 15, 0, 15.5, 0.75 ], "texture": "#main" }, 
                "east":  { "uv": [ 15, 0.75, 15.5, 1.5 ], "texture": "#main" }, 
                "south": { "uv": [ 15.5, 0.75, 16, 1.5 ], "texture": "#main" }, 
                "west":  { "uv": [ 15.5, 0, 16, 0.75 ], "texture": "#main" }, 
                "up":    { "uv": [ 15, 1.5, 15.5, 2 ], "texture": "#main" }, 
                "down":  { "uv": [ 15.5, 1.5, 16, 2 ], "texture": "#main" }
            }
        }, 
        {
            "name": "body", 
            "from": [ 4, 6, 6 ], 
            "to":   [ 12, 18, 10 ], 
            "faces": {
                "north": { "uv": [ 0.5, 10.5, 1.5, 12 ], "texture": "#main" }, 
                "east":  { "uv": [ 0, 10.5, 0.5, 12 ], "texture": "#main" }, 
                "south": { "uv": [ 1.5, 10.5, 2.5, 12 ], "texture": "#main" }, 
                "west":  { "uv": [ 2.5, 10.5, 3, 12 ], "texture": "#main" }, 
                "up":    { "uv": [ 0, 10, 1, 10.5 ], "texture": "#main" }, 
                "down":  { "uv": [ 1, 10, 2, 10.5 ], "texture": "#main" }
            }
        }, 
        {
            "name": "R f leg", 
            "from": [ 4, 0, 2 ], 
            "to":   [ 8, 6, 6 ], 
            "rotation": { "angle": 22.5, "axis": "x", "origin": [8, 6, 6] }, 
            "faces": {
                "north": { "uv": [ 3, 8, 3.5, 8.75 ], "texture": "#main" }, 
                "east":  { "uv": [ 3, 8.75, 3.5, 9.5 ], "texture": "#main" }, 
                "south": { "uv": [ 3.5, 8.75, 4, 9.5 ], "texture": "#main" }, 
                "west":  { "uv": [ 3.5, 8, 4, 8.75 ], "texture": "#main" }, 
                "up":    { "uv": [ 3, 9.5, 3.5, 10 ], "texture": "#main" }, 
                "down":  { "uv": [ 3.5, 9.5, 4, 10 ], "texture": "#main" }
            }
        }, 
        {
            "name": "Left f leg", 
            "from": [ 8, 0, 2 ], 
            "to":   [ 12, 6, 6 ], 
            "rotation": { "angle": -22.5, "axis": "x", "origin": [8, 6, 6] }, 
            "faces": {
                "north": { "uv": [ 3, 8, 3.5, 8.75 ], "texture": "#main" }, 
                "east":  { "uv": [ 3, 8.75, 3.5, 9.5 ], "texture": "#main" }, 
                "south": { "uv": [ 3.5, 8.75, 4, 9.5 ], "texture": "#main" }, 
                "west":  { "uv": [ 3.5, 8, 4, 8.75 ], "texture": "#main" }, 
                "up":    { "uv": [ 3, 9.5, 3.5, 10 ], "texture": "#main" }, 
                "down":  { "uv": [ 3.5, 9.5, 4, 10 ], "texture": "#main" }
            }
        }, 
        {
            "name": "Right b leg", 
            "from": [ 4, 0, 10 ], 
            "to":   [ 8, 6, 14 ], 
            "rotation": { "angle": 22.5, "axis": "x", "origin": [8, 6, 10] }, 
            "faces": {
                "north": { "uv": [ 3, 8, 3.5, 8.75 ], "texture": "#main" }, 
                "east":  { "uv": [ 3, 8.75, 3.5, 9.5 ], "texture": "#main" }, 
                "south": { "uv": [ 3.5, 8.75, 4, 9.5 ], "texture": "#main" }, 
                "west":  { "uv": [ 3.5, 8, 4, 8.75 ], "texture": "#main" }, 
                "up":    { "uv": [ 3, 9.5, 3.5, 10 ], "texture": "#main" }, 
                "down":  { "uv": [ 3.5, 9.5, 4, 10 ], "texture": "#main" }
            }
        }, 
        {
            "name": "Left b leg", 
            "from": [ 8, 0, 10 ], 
            "to":   [ 12, 6, 14 ], 
            "rotation": { "angle": -22.5, "axis": "x", "origin": [8, 6, 10] }, 
            "faces": {
                "north": { "uv": [ 3, 8, 3.5, 8.75 ], "texture": "#main" }, 
                "east":  { "uv": [ 3, 8.75, 3.5, 9.5 ], "texture": "#main" }, 
                "south": { "uv": [ 3.5, 8.75, 4, 9.5 ], "texture": "#main" }, 
                "west":  { "uv": [ 3.5, 8, 4, 8.75 ], "texture": "#main" }, 
                "up":    { "uv": [ 3, 9.5, 3.5, 10 ], "texture": "#main" }, 
                "down":  { "uv": [ 3.5, 9.5, 4, 10 ], "texture": "#main" }
            }
        }, 
        {
            "name": "body", 
            "from": [ 4, 6, 6 ], 
            "to":   [ 12, 18, 10 ], 
            "faces": {
                "north": { "uv": [ 4.5, 10.5, 5.5, 12 ], "texture": "#main" }, 
                "east":  { "uv": [ 4, 10.5, 4.5, 12 ], "texture": "#main" }, 
                "south": { "uv": [ 5.5, 10.5, 6.5, 12 ], "texture": "#main" }, 
                "west":  { "uv": [ 6.5, 10.5, 7, 12 ], "texture": "#main" }, 
                "up":    { "uv": [ 4, 10, 5, 10.5 ], "texture": "#main" }, 
                "down":  { "uv": [ 5, 10, 6, 10.5 ], "texture": "#main" }
            }
        }, 
        {
            "name": "R f leg", 
            "from": [ 4, 0, 2 ], 
            "to":   [ 8, 6, 6 ], 
            "rotation": { "angle": 22.5, "axis": "x", "origin": [8, 6, 6] }, 
            "faces": {
                "north": { "uv": [ 7, 8, 7.5, 8.75 ], "texture": "#main" }, 
                "east":  { "uv": [ 7, 8.75, 7.5, 9.5 ], "texture": "#main" }, 
                "south": { "uv": [ 7.5, 8.75, 8, 9.5 ], "texture": "#main" }, 
                "west":  { "uv": [ 7.5, 8, 8, 8.75 ], "texture": "#main" }, 
                "up":    { "uv": [ 7, 9.5, 7.5, 10 ], "texture": "#main" }, 
                "down":  { "uv": [ 7.5, 9.5, 8, 10 ], "texture": "#main" }
            }
        }, 
        {
            "name": "Left f leg", 
            "from": [ 8, 0, 2 ], 
            "to":   [ 12, 6, 6 ], 
            "rotation": { "angle": -22.5, "axis": "x", "origin": [8, 6, 6] }, 
            "faces": {
                "north": { "uv": [ 7, 8, 7.5, 8.75 ], "texture": "#main" }, 
                "east":  { "uv": [ 7, 8.75, 7.5, 9.5 ], "texture": "#main" }, 
                "south": { "uv": [ 7.5, 8.75, 8, 9.5 ], "texture": "#main" }, 
                "west":  { "uv": [ 7.5, 8, 8, 8.75 ], "texture": "#main" }, 
                "up":    { "uv": [ 7, 9.5, 7.5, 10 ], "texture": "#main" }, 
                "down":  { "uv": [ 7.5, 9.5, 8, 10 ], "texture": "#main" }
            }
        }, 
        {
            "name": "Right b leg", 
            "from": [ 4, 0, 10 ], 
            "to":   [ 8, 6, 14 ], 
            "rotation": { "angle": 22.5, "axis": "x", "origin": [8, 6, 10] }, 
            "faces": {
                "north": { "uv": [ 7, 8, 7.5, 8.75 ], "texture": "#main" }, 
                "east":  { "uv": [ 7, 8.75, 7.5, 9.5 ], "texture": "#main" }, 
                "south": { "uv": [ 7.5, 8.75, 8, 9.5 ], "texture": "#main" }, 
                "west":  { "uv": [ 7.5, 8, 8, 8.75 ], "texture": "#main" }, 
                "up":    { "uv": [ 7, 9.5, 7.5, 10 ], "texture": "#main" }, 
                "down":  { "uv": [ 7.5, 9.5, 8, 10 ], "texture": "#main" }
            }
        }, 
        {
            "name": "Left b leg", 
            "from": [ 8, 0, 10 ], 
            "to":   [ 12, 6, 14 ], 
            "rotation": { "angle": -22.5, "axis": "x", "origin": [8, 6, 10] }, 
            "faces": {
                "north": { "uv": [ 7, 8, 7.5, 8.75 ], "texture": "#main" }, 
                "east":  { "uv": [ 7, 8.75, 7.5, 9.5 ], "texture": "#main" }, 
                "south": { "uv": [ 7.5, 8.75, 8, 9.5 ], "texture": "#main" }, 
                "west":  { "uv": [ 7.5, 8, 8, 8.75 ], "texture": "#main" }, 
                "up":    { "uv": [ 7, 9.5, 7.5, 10 ], "texture": "#main" }, 
                "down":  { "uv": [ 7.5, 9.5, 8, 10 ], "texture": "#main" }
            }
        }
    ], 
    "display": {
        "head": {
            "translation": [ 0, -69.8, 0 ], 
            "scale": [ 1.5, 1.5, 1.5 ]
        }
    }, 
    "groups": [
        {
            "name": "body", 
            "children": [
                0, 
                1, 
                2, 
                3, 
                4
            ]
        }, 
        {
            "name": "overlay", 
            "children": [
                5, 
                6, 
                7, 
                8, 
                9
            ]
        }
    ], 
    "__comment": "Model animated using Fizzy's model animator - http://fizzy81.github.io/animated-models/"
}