{
	"credit": "Made By BronGhast014 with Blockbench",
	"textures": {
		"0": "mobs/overgrowth_hurt",
		"1": "mobs/tree_hurt",
		"particle": "mobs/overgrowth"
	},
	"elements": [
		{
			"name": "right_leg",
			"from": [2.5, -7.5, 8],
			"to": [6.5, 6.5, 12],
			"faces": {
				"north": {"uv": [0, 0, 1, 3.5], "texture": "#1"},
				"east": {"uv": [4.5, 0, 5.5, 3.5], "texture": "#1"},
				"south": {"uv": [1.25, 0, 2.25, 3.5], "texture": "#1"},
				"west": {"uv": [2.75, 0, 3.75, 3.5], "texture": "#1"},
				"up": {"uv": [0, 0, 1, 1], "texture": "#1"},
				"down": {"uv": [12, 0, 10, 2], "texture": "#1"}
			}
		},
		{
			"name": "right_leg",
			"from": [9.5, -7.5, 8],
			"to": [13.5, 6.5, 12],
			"faces": {
				"north": {"uv": [0, 0, 1, 3.5], "texture": "#1"},
				"east": {"uv": [4.5, 0, 5.5, 3.5], "texture": "#1"},
				"south": {"uv": [1.25, 0, 2.25, 3.5], "texture": "#1"},
				"west": {"uv": [2.75, 0, 3.75, 3.5], "texture": "#1"},
				"up": {"uv": [0, 0, 1, 1], "texture": "#1"},
				"down": {"uv": [12, 0, 10, 2], "texture": "#1"}
			}
		},
		{
			"from": [-4.5, 21, 14],
			"to": [5.5, 31, 14],
			"rotation": {"angle": 22.5, "axis": "z", "origin": [3, 25, 13]},
			"faces": {
				"north": {"uv": [12, 8, 16, 12], "texture": "#1"},
				"east": {"uv": [12, 8, 16, 12], "texture": "#1"},
				"south": {"uv": [12, 8, 16, 12], "texture": "#1"},
				"west": {"uv": [12, 8, 16, 12], "texture": "#1"},
				"up": {"uv": [12, 8, 16, 12], "texture": "#1"},
				"down": {"uv": [12, 8, 16, 12], "texture": "#1"}
			}
		},
		{
			"from": [0.5, 21, 9],
			"to": [0.5, 31, 19],
			"rotation": {"angle": 22.5, "axis": "z", "origin": [3, 25, 13]},
			"faces": {
				"north": {"uv": [12, 8, 16, 12], "texture": "#1"},
				"east": {"uv": [12, 8, 16, 12], "texture": "#1"},
				"south": {"uv": [12, 8, 16, 12], "texture": "#1"},
				"west": {"uv": [12, 8, 16, 12], "texture": "#1"},
				"up": {"uv": [12, 8, 16, 12], "texture": "#1"},
				"down": {"uv": [12, 8, 16, 12], "texture": "#1"}
			}
		},
		{
			"name": "body",
			"from": [1, 11.5, 5],
			"to": [15, 21.5, 15],
			"faces": {
				"north": {"uv": [0, 0, 3.5, 2.5], "texture": "#1"},
				"east": {"uv": [0, 0, 2.5, 2.5], "texture": "#1"},
				"south": {"uv": [0, 0, 3.5, 2.5], "texture": "#1"},
				"west": {"uv": [0, 0, 2.5, 2.5], "texture": "#1"},
				"up": {"uv": [0, 0, 3.5, 2.5], "texture": "#1"},
				"down": {"uv": [2.75, 2.75, 6.25, 5.25], "texture": "#1"}
			}
		},
		{
			"name": "body",
			"from": [3, 6.5, 7],
			"to": [13, 11.5, 13],
			"faces": {
				"north": {"uv": [0.25, 2, 3.25, 3.25], "texture": "#1"},
				"east": {"uv": [1, 3.25, 2.25, 4.5], "texture": "#1"},
				"south": {"uv": [0.25, 2, 3.25, 3.25], "texture": "#1"},
				"west": {"uv": [0.25, 2, 1.5, 3.25], "texture": "#1"},
				"up": {"uv": [0.25, 2, 3.25, 3.25], "texture": "#1"},
				"down": {"uv": [0.25, 2, 3.25, 3.25], "texture": "#1"}
			}
		},
		{
			"name": "leaves",
			"from": [9.98427, 18.00172, 9.01401],
			"to": [17.98427, 26.00172, 17.01401],
			"rotation": {"angle": 22.5, "axis": "z", "origin": [13.98427, 22.00172, 13.01401]},
			"faces": {
				"north": {"uv": [8, 12, 12, 16], "texture": "#0"},
				"east": {"uv": [8, 12, 12, 16], "texture": "#0"},
				"south": {"uv": [8, 12, 12, 16], "texture": "#0"},
				"west": {"uv": [8, 12, 12, 16], "texture": "#0"},
				"up": {"uv": [8, 12, 12, 16], "texture": "#0"},
				"down": {"uv": [8, 12, 12, 16], "texture": "#0"}
			}
		},
		{
			"name": "leaves",
			"from": [7.98427, 13.00172, 9.01401],
			"to": [15.98427, 21.00172, 17.01401],
			"rotation": {"angle": 22.5, "axis": "y", "origin": [13.98427, 22.00172, 13.01401]},
			"faces": {
				"north": {"uv": [8, 12, 12, 16], "texture": "#0"},
				"east": {"uv": [8, 12, 12, 16], "texture": "#0"},
				"south": {"uv": [8, 12, 12, 16], "texture": "#0"},
				"west": {"uv": [8, 12, 12, 16], "texture": "#0"},
				"up": {"uv": [8, 12, 12, 16], "texture": "#0"},
				"down": {"uv": [8, 12, 12, 16], "texture": "#0"}
			}
		}
	],
	"display": {
		"head": {
			"translation": [0, -55.5, 0],
			"scale": [1.6, 1.6, 1.6]
		}
	},
	"groups": [
		{
			"name": "body",
			"children": [
				{
					"name": "leftLeg",
					"children": [0]
				},
				{
					"name": "rightLeg",
					"children": [1]
				}, 2, 3, 4, 5, 6, 7]
		}
	]
}