{
	"credit": "Made By BronGhast014 with Blockbench",
	"textures": {
		"1": "mobs/tree_hurt"
	},
	"elements": [
		{
			"from": [7, 20, 2],
			"to": [9, 24, 4],
			"faces": {
				"north": {"uv": [1.5, 0, 2, 1], "texture": "#1"},
				"east": {"uv": [0.5, 0, 1, 1], "texture": "#1"},
				"south": {"uv": [0.5, 0, 1, 1], "texture": "#1"},
				"west": {"uv": [0.5, 0, 1, 1], "texture": "#1"},
				"up": {"uv": [0.5, 0, 1, 0.5], "texture": "#1"},
				"down": {"uv": [0.5, 0.5, 1, 1], "texture": "#1"}
			}
		},
		{
			"name": "head",
			"from": [4, 20.5, 4],
			"to": [12, 29.5, 12],
			"faces": {
				"north": {"uv": [1.75, 13.75, 3.75, 16], "texture": "#1"},
				"east": {"uv": [0, 13.75, 2, 16], "texture": "#1"},
				"south": {"uv": [6, 13.75, 8, 16], "texture": "#1"},
				"west": {"uv": [3.75, 13.75, 5.75, 16], "texture": "#1"},
				"up": {"uv": [10, 0, 12, 2], "texture": "#1"},
				"down": {"uv": [0.25, 2, 2.25, 4], "texture": "#1"}
			}
		},
		{
			"from": [4, 29.5, 4],
			"to": [5, 31.5, 5],
			"faces": {
				"north": {"uv": [3.75, 13.25, 4, 13.75], "texture": "#1"},
				"east": {"uv": [0, 0, 0.25, 0.25], "texture": "#1"},
				"south": {"uv": [4, 13.25, 4.25, 13.5], "texture": "#1"},
				"west": {"uv": [4, 13.25, 4.25, 13.75], "texture": "#1"},
				"up": {"uv": [0, 0, 0.25, 0.25], "texture": "#1"},
				"down": {"uv": [0, 0, 0.25, 0.25], "texture": "#1"}
			}
		},
		{
			"from": [5, 29.5, 4],
			"to": [7, 30.5, 6],
			"faces": {
				"north": {"uv": [3.25, 13.5, 3.75, 13.75], "texture": "#1"},
				"east": {"uv": [3.25, 13.5, 3.75, 13.75], "texture": "#1"},
				"south": {"uv": [3.25, 13.5, 3.75, 13.75], "texture": "#1"},
				"west": {"uv": [3.25, 13.5, 3.75, 13.75], "texture": "#1"},
				"up": {"uv": [4, 4.25, 4.5, 4.5], "texture": "#1"},
				"down": {"uv": [3.25, 13.5, 3.75, 13.75], "texture": "#1"}
			}
		},
		{
			"from": [8, 29.5, 4],
			"to": [10, 30.5, 6],
			"faces": {
				"north": {"uv": [2.5, 13.5, 3, 13.75], "texture": "#1"},
				"east": {"uv": [2.5, 13.5, 3, 13.75], "texture": "#1"},
				"south": {"uv": [2.5, 13.5, 3, 13.75], "texture": "#1"},
				"west": {"uv": [2.5, 13.5, 3, 13.75], "texture": "#1"},
				"up": {"uv": [2.25, 13.75, 2.75, 14.25], "texture": "#1"},
				"down": {"uv": [2.5, 13.5, 3, 13.75], "texture": "#1"}
			}
		},
		{
			"from": [10, 29.5, 4],
			"to": [12, 31.5, 5],
			"faces": {
				"north": {"uv": [1.75, 13.25, 2.25, 13.75], "texture": "#1"},
				"east": {"uv": [1.75, 13.25, 2, 13.75], "texture": "#1"},
				"south": {"uv": [2.25, 13.25, 1.75, 13.75], "texture": "#1"},
				"west": {"uv": [0, 0, 0.25, 0.25], "texture": "#1"},
				"up": {"uv": [0, 0, 0.5, 0.25], "texture": "#1"},
				"down": {"uv": [0, 0, 0.25, 0.25], "texture": "#1"}
			}
		},
		{
			"from": [11, 29.5, 5],
			"to": [12, 30.5, 8],
			"faces": {
				"north": {"uv": [1, 13.5, 1.75, 13.75], "texture": "#1"},
				"east": {"uv": [1, 13.5, 1.75, 13.75], "texture": "#1"},
				"south": {"uv": [1, 13.5, 1.25, 13.75], "texture": "#1"},
				"west": {"uv": [1.75, 13.5, 1, 13.75], "texture": "#1"},
				"up": {"uv": [1.75, 13.5, 1, 13.75], "rotation": 90, "texture": "#1"},
				"down": {"uv": [1, 13.5, 1.75, 13.75], "texture": "#1"}
			}
		},
		{
			"from": [11, 29.5, 10],
			"to": [12, 30.5, 12],
			"faces": {
				"north": {"uv": [0, 13.5, 0.25, 13.75], "texture": "#1"},
				"east": {"uv": [0, 13.5, 0.5, 13.75], "texture": "#1"},
				"south": {"uv": [7.75, 13.5, 8, 13.75], "texture": "#1"},
				"west": {"uv": [0, 13.5, 0.5, 13.75], "texture": "#1"},
				"up": {"uv": [0.5, 13.5, 0, 13.75], "rotation": 90, "texture": "#1"},
				"down": {"uv": [0, 13.5, 0.5, 13.75], "texture": "#1"}
			}
		},
		{
			"from": [10, 29.5, 11],
			"to": [11, 31.5, 12],
			"faces": {
				"north": {"uv": [7.5, 13.25, 7.75, 13.75], "texture": "#1"},
				"east": {"uv": [7.5, 13.25, 7.75, 13.75], "texture": "#1"},
				"south": {"uv": [7.5, 13.25, 7.75, 13.75], "texture": "#1"},
				"west": {"uv": [7.5, 13.25, 7.75, 13.75], "texture": "#1"},
				"up": {"uv": [7.5, 13.25, 7.75, 13.75], "texture": "#1"},
				"down": {"uv": [7.5, 13.25, 7.75, 13.75], "texture": "#1"}
			}
		},
		{
			"from": [9, 29.5, 9],
			"to": [10, 30.5, 12],
			"faces": {
				"north": {"uv": [7.25, 13.5, 7.5, 13.75], "texture": "#1"},
				"east": {"uv": [7.25, 14.5, 7.5, 13.5], "rotation": 90, "texture": "#1"},
				"south": {"uv": [7.25, 13.5, 7.5, 13.75], "texture": "#1"},
				"west": {"uv": [7.25, 13.5, 7.5, 14.5], "rotation": 90, "texture": "#1"},
				"up": {"uv": [7.25, 14.5, 7.5, 13.5], "texture": "#1"},
				"down": {"uv": [7.25, 13.5, 7.5, 13.75], "texture": "#1"}
			}
		},
		{
			"from": [7, 29.5, 11],
			"to": [8, 30.5, 12],
			"faces": {
				"north": {"uv": [6.75, 13.5, 7, 13.75], "texture": "#1"},
				"east": {"uv": [6.75, 13.5, 7, 13.75], "texture": "#1"},
				"south": {"uv": [6.75, 13.5, 7, 13.75], "texture": "#1"},
				"west": {"uv": [6.75, 13.5, 7, 13.75], "texture": "#1"},
				"up": {"uv": [6.75, 13.5, 7, 13.75], "texture": "#1"},
				"down": {"uv": [6.75, 13.5, 7, 13.75], "texture": "#1"}
			}
		},
		{
			"from": [4, 29.5, 11],
			"to": [6, 31.5, 12],
			"faces": {
				"north": {"uv": [5.75, 13.25, 6, 13.75], "texture": "#1"},
				"east": {"uv": [5.75, 13.25, 6, 13.75], "texture": "#1"},
				"south": {"uv": [6, 13.25, 6.5, 13.75], "texture": "#1"},
				"west": {"uv": [5.75, 13.25, 6, 13.75], "texture": "#1"},
				"up": {"uv": [6, 14, 6.5, 14.25], "texture": "#1"},
				"down": {"uv": [5.75, 13.25, 6, 13.75], "texture": "#1"}
			}
		},
		{
			"from": [4, 29.5, 10],
			"to": [5, 30.5, 11],
			"faces": {
				"north": {"uv": [5.5, 13.5, 5.75, 13.75], "texture": "#1"},
				"east": {"uv": [5.5, 13.5, 5.75, 13.75], "texture": "#1"},
				"south": {"uv": [5.5, 13.5, 5.75, 13.75], "texture": "#1"},
				"west": {"uv": [5.5, 13.5, 5.75, 13.75], "texture": "#1"},
				"up": {"uv": [5.5, 13.5, 5.75, 13.75], "texture": "#1"},
				"down": {"uv": [5.5, 13.5, 5.75, 13.75], "texture": "#1"}
			}
		},
		{
			"from": [4, 29.5, 7],
			"to": [6, 31.5, 9],
			"faces": {
				"north": {"uv": [2.25, 5.5, 2.75, 6], "texture": "#1"},
				"east": {"uv": [4.75, 13.25, 5.25, 13.75], "texture": "#1"},
				"south": {"uv": [4.75, 13.25, 5.25, 13.75], "texture": "#1"},
				"west": {"uv": [4.75, 13.25, 5.25, 13.75], "texture": "#1"},
				"up": {"uv": [6.75, 15.5, 6.25, 15], "rotation": 270, "texture": "#1"},
				"down": {"uv": [4.75, 13.25, 5.25, 13.75], "texture": "#1"}
			}
		},
		{
			"from": [4, 29.5, 6],
			"to": [5, 30.5, 7],
			"faces": {
				"north": {"uv": [4.5, 13.5, 4.75, 13.75], "texture": "#1"},
				"east": {"uv": [4.5, 13.5, 4.75, 13.75], "texture": "#1"},
				"south": {"uv": [4.5, 13.5, 4.75, 13.75], "texture": "#1"},
				"west": {"uv": [4.5, 13.5, 4.75, 13.75], "texture": "#1"},
				"up": {"uv": [4.5, 13.5, 4.75, 13.75], "texture": "#1"},
				"down": {"uv": [4.5, 13.5, 4.75, 13.75], "texture": "#1"}
			}
		}
	],
	"display": {
		"head": {
			"translation": [0, -20, 0],
			"scale": [1.6, 1.6, 1.6]
		}
	},
	"groups": [
		{
			"name": "head",
			"children": [0, 1, 2, 3, 4, 5, 6, 7, 8, 9, 10, 11, 12, 13, 14]
		}
	]
}