{
	"credit": "Made By BronGhast014 with Blockbench",
	"textures": {
		"0": "mobs/fossil_hurt",
		"particle": "mobs/fossil_hurt",
		"1_1": "mobs/weapons/cave_bow"
	},
	"elements": [
		{
			"name": "L Arm",
			"from": [12, 9, 7],
			"to": [14, 21, 9],
			"faces": {
				"north": {"uv": [4.5, 9, 5.5, 15], "texture": "#0"},
				"east": {"uv": [5.5, 9, 6.5, 15], "texture": "#0"},
				"south": {"uv": [5.5, 9, 6.5, 15], "texture": "#0"},
				"west": {"uv": [5.5, 9, 6.5, 15], "texture": "#0"},
				"up": {"uv": [6, 8, 7, 9], "texture": "#0"},
				"down": {"uv": [1, 8, 2, 9], "texture": "#0"}
			}
		},
		{
			"name": "voxel",
			"from": [12.5, 16, 2.5],
			"to": [13.5, 20, 3.5],
			"rotation": {"angle": -45, "axis": "x", "origin": [13, 11.19565, 8.69565]},
			"faces": {
				"north": {"uv": [1.25, 0.25, 1.75, 0.75], "rotation": 270, "texture": "#1_1"},
				"east": {"uv": [1.25, 0.25, 1.75, 0.75], "rotation": 90, "texture": "#1_1"},
				"south": {"uv": [1.25, 0.25, 1.75, 0.75], "rotation": 270, "texture": "#1_1"},
				"west": {"uv": [1.25, 0.25, 1.75, 0.75], "rotation": 270, "texture": "#1_1"},
				"up": {"uv": [1.25, 0.25, 1.75, 0.75], "texture": "#1_1"},
				"down": {"uv": [1.25, 0.25, 1.75, 0.75], "rotation": 180, "texture": "#1_1"}
			}
		},
		{
			"name": "voxel",
			"from": [12.5, 20, 3.5],
			"to": [13.5, 21, 4.5],
			"rotation": {"angle": -45, "axis": "x", "origin": [13, 11.19565, 8.69565]},
			"faces": {
				"north": {"uv": [0.25, 0.25, 0.75, 0.75], "rotation": 270, "texture": "#1_1"},
				"east": {"uv": [0.25, 0.25, 0.75, 0.75], "rotation": 90, "texture": "#1_1"},
				"south": {"uv": [0.25, 0.25, 0.75, 0.75], "rotation": 270, "texture": "#1_1"},
				"west": {"uv": [0.25, 0.25, 0.75, 0.75], "rotation": 270, "texture": "#1_1"},
				"up": {"uv": [0.25, 0.25, 0.75, 0.75], "texture": "#1_1"},
				"down": {"uv": [0.25, 0.25, 0.75, 0.75], "rotation": 180, "texture": "#1_1"}
			}
		},
		{
			"name": "voxel",
			"from": [12.5, 19, 3.5],
			"to": [13.5, 20, 4.5],
			"rotation": {"angle": -45, "axis": "x", "origin": [13, 11.19565, 8.69565]},
			"faces": {
				"north": {"uv": [2.25, 0.25, 2.75, 0.75], "rotation": 270, "texture": "#1_1"},
				"east": {"uv": [2.25, 0.25, 2.75, 0.75], "rotation": 90, "texture": "#1_1"},
				"south": {"uv": [2.25, 0.25, 2.75, 0.75], "rotation": 270, "texture": "#1_1"},
				"west": {"uv": [2.25, 0.25, 2.75, 0.75], "rotation": 270, "texture": "#1_1"},
				"up": {"uv": [2.25, 0.25, 2.75, 0.75], "texture": "#1_1"},
				"down": {"uv": [2.25, 0.25, 2.75, 0.75], "rotation": 180, "texture": "#1_1"}
			}
		},
		{
			"name": "voxel",
			"from": [12.5, 17, 3.5],
			"to": [13.5, 19, 4.5],
			"rotation": {"angle": -45, "axis": "x", "origin": [13, 11.19565, 8.69565]},
			"faces": {
				"north": {"uv": [3.25, 0.25, 3.75, 0.75], "rotation": 270, "texture": "#1_1"},
				"east": {"uv": [3.25, 0.25, 3.75, 0.75], "rotation": 90, "texture": "#1_1"},
				"south": {"uv": [3.25, 0.25, 3.75, 0.75], "rotation": 270, "texture": "#1_1"},
				"west": {"uv": [3.25, 0.25, 3.75, 0.75], "rotation": 270, "texture": "#1_1"},
				"up": {"uv": [3.25, 0.25, 3.75, 0.75], "texture": "#1_1"},
				"down": {"uv": [3.25, 0.25, 3.75, 0.75], "rotation": 180, "texture": "#1_1"}
			}
		},
		{
			"name": "voxel",
			"from": [12.5, 16, 3.5],
			"to": [13.5, 17, 4.5],
			"rotation": {"angle": -45, "axis": "x", "origin": [13, 11.19565, 8.69565]},
			"faces": {
				"north": {"uv": [2.25, 0.25, 2.75, 0.75], "rotation": 270, "texture": "#1_1"},
				"east": {"uv": [2.25, 0.25, 2.75, 0.75], "rotation": 90, "texture": "#1_1"},
				"south": {"uv": [2.25, 0.25, 2.75, 0.75], "rotation": 270, "texture": "#1_1"},
				"west": {"uv": [2.25, 0.25, 2.75, 0.75], "rotation": 270, "texture": "#1_1"},
				"up": {"uv": [2.25, 0.25, 2.75, 0.75], "texture": "#1_1"},
				"down": {"uv": [2.25, 0.25, 2.75, 0.75], "rotation": 180, "texture": "#1_1"}
			}
		},
		{
			"name": "voxel",
			"from": [12.5, 13, 3.5],
			"to": [13.5, 16, 4.5],
			"rotation": {"angle": -45, "axis": "x", "origin": [13, 11.19565, 8.69565]},
			"faces": {
				"north": {"uv": [1.25, 0.25, 1.75, 0.75], "rotation": 270, "texture": "#1_1"},
				"east": {"uv": [1.25, 0.25, 1.75, 0.75], "rotation": 90, "texture": "#1_1"},
				"south": {"uv": [1.25, 0.25, 1.75, 0.75], "rotation": 270, "texture": "#1_1"},
				"west": {"uv": [1.25, 0.25, 1.75, 0.75], "rotation": 270, "texture": "#1_1"},
				"up": {"uv": [1.25, 0.25, 1.75, 0.75], "texture": "#1_1"},
				"down": {"uv": [1.25, 0.25, 1.75, 0.75], "rotation": 180, "texture": "#1_1"}
			}
		},
		{
			"name": "voxel",
			"from": [12.5, 16, 4.5],
			"to": [13.5, 20, 5.5],
			"rotation": {"angle": -45, "axis": "x", "origin": [13, 11.19565, 8.69565]},
			"faces": {
				"north": {"uv": [0.25, 0.25, 0.75, 0.75], "rotation": 270, "texture": "#1_1"},
				"east": {"uv": [0.25, 0.25, 0.75, 0.75], "rotation": 90, "texture": "#1_1"},
				"south": {"uv": [0.25, 0.25, 0.75, 0.75], "rotation": 270, "texture": "#1_1"},
				"west": {"uv": [0.25, 0.25, 0.75, 0.75], "rotation": 270, "texture": "#1_1"},
				"up": {"uv": [0.25, 0.25, 0.75, 0.75], "texture": "#1_1"},
				"down": {"uv": [0.25, 0.25, 0.75, 0.75], "rotation": 180, "texture": "#1_1"}
			}
		},
		{
			"name": "voxel",
			"from": [12.5, 15, 4.5],
			"to": [13.5, 16, 5.5],
			"rotation": {"angle": -45, "axis": "x", "origin": [13, 11.19565, 8.69565]},
			"faces": {
				"north": {"uv": [2.25, 0.25, 2.75, 0.75], "rotation": 270, "texture": "#1_1"},
				"east": {"uv": [2.25, 0.25, 2.75, 0.75], "rotation": 90, "texture": "#1_1"},
				"south": {"uv": [2.25, 0.25, 2.75, 0.75], "rotation": 270, "texture": "#1_1"},
				"west": {"uv": [2.25, 0.25, 2.75, 0.75], "rotation": 270, "texture": "#1_1"},
				"up": {"uv": [2.25, 0.25, 2.75, 0.75], "texture": "#1_1"},
				"down": {"uv": [2.25, 0.25, 2.75, 0.75], "rotation": 180, "texture": "#1_1"}
			}
		},
		{
			"name": "voxel",
			"from": [12.5, 14, 4.5],
			"to": [13.5, 15, 5.5],
			"rotation": {"angle": -45, "axis": "x", "origin": [13, 11.19565, 8.69565]},
			"faces": {
				"north": {"uv": [3.25, 0.25, 3.75, 0.75], "rotation": 270, "texture": "#1_1"},
				"east": {"uv": [3.25, 0.25, 3.75, 0.75], "rotation": 90, "texture": "#1_1"},
				"south": {"uv": [3.25, 0.25, 3.75, 0.75], "rotation": 270, "texture": "#1_1"},
				"west": {"uv": [3.25, 0.25, 3.75, 0.75], "rotation": 270, "texture": "#1_1"},
				"up": {"uv": [3.25, 0.25, 3.75, 0.75], "texture": "#1_1"},
				"down": {"uv": [3.25, 0.25, 3.75, 0.75], "rotation": 180, "texture": "#1_1"}
			}
		},
		{
			"name": "voxel",
			"from": [12.5, 13, 4.5],
			"to": [13.5, 14, 5.5],
			"rotation": {"angle": -45, "axis": "x", "origin": [13, 11.19565, 8.69565]},
			"faces": {
				"north": {"uv": [2.25, 0.25, 2.75, 0.75], "rotation": 270, "texture": "#1_1"},
				"east": {"uv": [2.25, 0.25, 2.75, 0.75], "rotation": 90, "texture": "#1_1"},
				"south": {"uv": [2.25, 0.25, 2.75, 0.75], "rotation": 270, "texture": "#1_1"},
				"west": {"uv": [2.25, 0.25, 2.75, 0.75], "rotation": 270, "texture": "#1_1"},
				"up": {"uv": [2.25, 0.25, 2.75, 0.75], "texture": "#1_1"},
				"down": {"uv": [2.25, 0.25, 2.75, 0.75], "rotation": 180, "texture": "#1_1"}
			}
		},
		{
			"name": "voxel",
			"from": [12.5, 11, 4.5],
			"to": [13.5, 13, 5.5],
			"rotation": {"angle": -45, "axis": "x", "origin": [13, 11.19565, 8.69565]},
			"faces": {
				"north": {"uv": [1.25, 0.25, 1.75, 0.75], "rotation": 270, "texture": "#1_1"},
				"east": {"uv": [1.25, 0.25, 1.75, 0.75], "rotation": 90, "texture": "#1_1"},
				"south": {"uv": [1.25, 0.25, 1.75, 0.75], "rotation": 270, "texture": "#1_1"},
				"west": {"uv": [1.25, 0.25, 1.75, 0.75], "rotation": 270, "texture": "#1_1"},
				"up": {"uv": [1.25, 0.25, 1.75, 0.75], "texture": "#1_1"},
				"down": {"uv": [1.25, 0.25, 1.75, 0.75], "rotation": 180, "texture": "#1_1"}
			}
		},
		{
			"name": "voxel",
			"from": [12.5, 18, 5.5],
			"to": [13.5, 19, 6.5],
			"rotation": {"angle": -45, "axis": "x", "origin": [13, 11.19565, 8.69565]},
			"faces": {
				"north": {"uv": [4.25, 0.25, 4.75, 0.75], "rotation": 270, "texture": "#1_1"},
				"east": {"uv": [4.25, 0.25, 4.75, 0.75], "rotation": 90, "texture": "#1_1"},
				"south": {"uv": [4.25, 0.25, 4.75, 0.75], "rotation": 270, "texture": "#1_1"},
				"west": {"uv": [4.25, 0.25, 4.75, 0.75], "rotation": 270, "texture": "#1_1"},
				"up": {"uv": [4.25, 0.25, 4.75, 0.75], "texture": "#1_1"},
				"down": {"uv": [4.25, 0.25, 4.75, 0.75], "rotation": 180, "texture": "#1_1"}
			}
		},
		{
			"name": "voxel",
			"from": [12.5, 13, 5.5],
			"to": [13.5, 16, 6.5],
			"rotation": {"angle": -45, "axis": "x", "origin": [13, 11.19565, 8.69565]},
			"faces": {
				"north": {"uv": [0.25, 0.25, 0.75, 0.75], "rotation": 270, "texture": "#1_1"},
				"east": {"uv": [0.25, 0.25, 0.75, 0.75], "rotation": 90, "texture": "#1_1"},
				"south": {"uv": [0.25, 0.25, 0.75, 0.75], "rotation": 270, "texture": "#1_1"},
				"west": {"uv": [0.25, 0.25, 0.75, 0.75], "rotation": 270, "texture": "#1_1"},
				"up": {"uv": [0.25, 0.25, 0.75, 0.75], "texture": "#1_1"},
				"down": {"uv": [0.25, 0.25, 0.75, 0.75], "rotation": 180, "texture": "#1_1"}
			}
		},
		{
			"name": "voxel",
			"from": [12.5, 12, 5.5],
			"to": [13.5, 13, 6.5],
			"rotation": {"angle": -45, "axis": "x", "origin": [13, 11.19565, 8.69565]},
			"faces": {
				"north": {"uv": [3.25, 0.25, 3.75, 0.75], "rotation": 270, "texture": "#1_1"},
				"east": {"uv": [3.25, 0.25, 3.75, 0.75], "rotation": 90, "texture": "#1_1"},
				"south": {"uv": [3.25, 0.25, 3.75, 0.75], "rotation": 270, "texture": "#1_1"},
				"west": {"uv": [3.25, 0.25, 3.75, 0.75], "rotation": 270, "texture": "#1_1"},
				"up": {"uv": [3.25, 0.25, 3.75, 0.75], "texture": "#1_1"},
				"down": {"uv": [3.25, 0.25, 3.75, 0.75], "rotation": 180, "texture": "#1_1"}
			}
		},
		{
			"name": "voxel",
			"from": [12.5, 11, 5.5],
			"to": [13.5, 12, 6.5],
			"rotation": {"angle": -45, "axis": "x", "origin": [13, 11.19565, 8.69565]},
			"faces": {
				"north": {"uv": [5.25, 0.25, 5.75, 0.75], "rotation": 270, "texture": "#1_1"},
				"east": {"uv": [5.25, 0.25, 5.75, 0.75], "rotation": 90, "texture": "#1_1"},
				"south": {"uv": [5.25, 0.25, 5.75, 0.75], "rotation": 270, "texture": "#1_1"},
				"west": {"uv": [5.25, 0.25, 5.75, 0.75], "rotation": 270, "texture": "#1_1"},
				"up": {"uv": [5.25, 0.25, 5.75, 0.75], "texture": "#1_1"},
				"down": {"uv": [5.25, 0.25, 5.75, 0.75], "rotation": 180, "texture": "#1_1"}
			}
		},
		{
			"name": "voxel",
			"from": [12.5, 10, 5.5],
			"to": [13.5, 11, 6.5],
			"rotation": {"angle": -45, "axis": "x", "origin": [13, 11.19565, 8.69565]},
			"faces": {
				"north": {"uv": [1.25, 0.25, 1.75, 0.75], "rotation": 270, "texture": "#1_1"},
				"east": {"uv": [1.25, 0.25, 1.75, 0.75], "rotation": 90, "texture": "#1_1"},
				"south": {"uv": [1.25, 0.25, 1.75, 0.75], "rotation": 270, "texture": "#1_1"},
				"west": {"uv": [1.25, 0.25, 1.75, 0.75], "rotation": 270, "texture": "#1_1"},
				"up": {"uv": [1.25, 0.25, 1.75, 0.75], "texture": "#1_1"},
				"down": {"uv": [1.25, 0.25, 1.75, 0.75], "rotation": 180, "texture": "#1_1"}
			}
		},
		{
			"name": "voxel",
			"from": [12.5, 17, 6.5],
			"to": [13.5, 18, 7.5],
			"rotation": {"angle": -45, "axis": "x", "origin": [13, 11.19565, 8.69565]},
			"faces": {
				"north": {"uv": [4.25, 0.25, 4.75, 0.75], "rotation": 270, "texture": "#1_1"},
				"east": {"uv": [4.25, 0.25, 4.75, 0.75], "rotation": 90, "texture": "#1_1"},
				"south": {"uv": [4.25, 0.25, 4.75, 0.75], "rotation": 270, "texture": "#1_1"},
				"west": {"uv": [4.25, 0.25, 4.75, 0.75], "rotation": 270, "texture": "#1_1"},
				"up": {"uv": [4.25, 0.25, 4.75, 0.75], "texture": "#1_1"},
				"down": {"uv": [4.25, 0.25, 4.75, 0.75], "rotation": 180, "texture": "#1_1"}
			}
		},
		{
			"name": "voxel",
			"from": [12.5, 12, 6.5],
			"to": [13.5, 13, 7.5],
			"rotation": {"angle": -45, "axis": "x", "origin": [13, 11.19565, 8.69565]},
			"faces": {
				"north": {"uv": [5.25, 0.25, 5.75, 0.75], "rotation": 270, "texture": "#1_1"},
				"east": {"uv": [5.25, 0.25, 5.75, 0.75], "rotation": 90, "texture": "#1_1"},
				"south": {"uv": [5.25, 0.25, 5.75, 0.75], "rotation": 270, "texture": "#1_1"},
				"west": {"uv": [5.25, 0.25, 5.75, 0.75], "rotation": 270, "texture": "#1_1"},
				"up": {"uv": [5.25, 0.25, 5.75, 0.75], "texture": "#1_1"},
				"down": {"uv": [5.25, 0.25, 5.75, 0.75], "rotation": 180, "texture": "#1_1"}
			}
		},
		{
			"name": "voxel",
			"from": [12.5, 11, 6.5],
			"to": [13.5, 12, 7.5],
			"rotation": {"angle": -45, "axis": "x", "origin": [13, 11.19565, 8.69565]},
			"faces": {
				"north": {"uv": [6.25, 0.25, 6.75, 0.75], "rotation": 270, "texture": "#1_1"},
				"east": {"uv": [6.25, 0.25, 6.75, 0.75], "rotation": 90, "texture": "#1_1"},
				"south": {"uv": [6.25, 0.25, 6.75, 0.75], "rotation": 270, "texture": "#1_1"},
				"west": {"uv": [6.25, 0.25, 6.75, 0.75], "rotation": 270, "texture": "#1_1"},
				"up": {"uv": [6.25, 0.25, 6.75, 0.75], "texture": "#1_1"},
				"down": {"uv": [6.25, 0.25, 6.75, 0.75], "rotation": 180, "texture": "#1_1"}
			}
		},
		{
			"name": "voxel",
			"from": [12.5, 10, 6.5],
			"to": [13.5, 11, 7.5],
			"rotation": {"angle": -45, "axis": "x", "origin": [13, 11.19565, 8.69565]},
			"faces": {
				"north": {"uv": [5.25, 0.25, 5.75, 0.75], "rotation": 270, "texture": "#1_1"},
				"east": {"uv": [5.25, 0.25, 5.75, 0.75], "rotation": 90, "texture": "#1_1"},
				"south": {"uv": [5.25, 0.25, 5.75, 0.75], "rotation": 270, "texture": "#1_1"},
				"west": {"uv": [5.25, 0.25, 5.75, 0.75], "rotation": 270, "texture": "#1_1"},
				"up": {"uv": [5.25, 0.25, 5.75, 0.75], "texture": "#1_1"},
				"down": {"uv": [5.25, 0.25, 5.75, 0.75], "rotation": 180, "texture": "#1_1"}
			}
		},
		{
			"name": "voxel",
			"from": [12.5, 9, 6.5],
			"to": [13.5, 10, 7.5],
			"rotation": {"angle": -45, "axis": "x", "origin": [13, 11.19565, 8.69565]},
			"faces": {
				"north": {"uv": [1.25, 0.25, 1.75, 0.75], "rotation": 270, "texture": "#1_1"},
				"east": {"uv": [1.25, 0.25, 1.75, 0.75], "rotation": 90, "texture": "#1_1"},
				"south": {"uv": [1.25, 0.25, 1.75, 0.75], "rotation": 270, "texture": "#1_1"},
				"west": {"uv": [1.25, 0.25, 1.75, 0.75], "rotation": 270, "texture": "#1_1"},
				"up": {"uv": [1.25, 0.25, 1.75, 0.75], "texture": "#1_1"},
				"down": {"uv": [1.25, 0.25, 1.75, 0.75], "rotation": 180, "texture": "#1_1"}
			}
		},
		{
			"name": "voxel",
			"from": [12.5, 16, 7.5],
			"to": [13.5, 17, 8.5],
			"rotation": {"angle": -45, "axis": "x", "origin": [13, 11.19565, 8.69565]},
			"faces": {
				"north": {"uv": [4.25, 0.25, 4.75, 0.75], "rotation": 270, "texture": "#1_1"},
				"east": {"uv": [4.25, 0.25, 4.75, 0.75], "rotation": 90, "texture": "#1_1"},
				"south": {"uv": [4.25, 0.25, 4.75, 0.75], "rotation": 270, "texture": "#1_1"},
				"west": {"uv": [4.25, 0.25, 4.75, 0.75], "rotation": 270, "texture": "#1_1"},
				"up": {"uv": [4.25, 0.25, 4.75, 0.75], "texture": "#1_1"},
				"down": {"uv": [4.25, 0.25, 4.75, 0.75], "rotation": 180, "texture": "#1_1"}
			}
		},
		{
			"name": "voxel",
			"from": [12.5, 11, 7.5],
			"to": [13.5, 12, 8.5],
			"rotation": {"angle": -45, "axis": "x", "origin": [13, 11.19565, 8.69565]},
			"faces": {
				"north": {"uv": [5.25, 0.25, 5.75, 0.75], "rotation": 270, "texture": "#1_1"},
				"east": {"uv": [5.25, 0.25, 5.75, 0.75], "rotation": 90, "texture": "#1_1"},
				"south": {"uv": [5.25, 0.25, 5.75, 0.75], "rotation": 270, "texture": "#1_1"},
				"west": {"uv": [5.25, 0.25, 5.75, 0.75], "rotation": 270, "texture": "#1_1"},
				"up": {"uv": [5.25, 0.25, 5.75, 0.75], "texture": "#1_1"},
				"down": {"uv": [5.25, 0.25, 5.75, 0.75], "rotation": 180, "texture": "#1_1"}
			}
		},
		{
			"name": "voxel",
			"from": [12.5, 10, 7.5],
			"to": [13.5, 11, 8.5],
			"rotation": {"angle": -45, "axis": "x", "origin": [13, 11.19565, 8.69565]},
			"faces": {
				"north": {"uv": [6.25, 0.25, 6.75, 0.75], "rotation": 270, "texture": "#1_1"},
				"east": {"uv": [6.25, 0.25, 6.75, 0.75], "rotation": 90, "texture": "#1_1"},
				"south": {"uv": [6.25, 0.25, 6.75, 0.75], "rotation": 270, "texture": "#1_1"},
				"west": {"uv": [6.25, 0.25, 6.75, 0.75], "rotation": 270, "texture": "#1_1"},
				"up": {"uv": [6.25, 0.25, 6.75, 0.75], "texture": "#1_1"},
				"down": {"uv": [6.25, 0.25, 6.75, 0.75], "rotation": 180, "texture": "#1_1"}
			}
		},
		{
			"name": "voxel",
			"from": [12.5, 9, 7.5],
			"to": [13.5, 10, 8.5],
			"rotation": {"angle": -45, "axis": "x", "origin": [13, 11.19565, 8.69565]},
			"faces": {
				"north": {"uv": [5.25, 0.25, 5.75, 0.75], "rotation": 270, "texture": "#1_1"},
				"east": {"uv": [5.25, 0.25, 5.75, 0.75], "rotation": 90, "texture": "#1_1"},
				"south": {"uv": [5.25, 0.25, 5.75, 0.75], "rotation": 270, "texture": "#1_1"},
				"west": {"uv": [5.25, 0.25, 5.75, 0.75], "rotation": 270, "texture": "#1_1"},
				"up": {"uv": [5.25, 0.25, 5.75, 0.75], "texture": "#1_1"},
				"down": {"uv": [5.25, 0.25, 5.75, 0.75], "rotation": 180, "texture": "#1_1"}
			}
		},
		{
			"name": "voxel",
			"from": [12.5, 15, 8.5],
			"to": [13.5, 16, 9.5],
			"rotation": {"angle": -45, "axis": "x", "origin": [13, 11.19565, 8.69565]},
			"faces": {
				"north": {"uv": [4.25, 0.25, 4.75, 0.75], "rotation": 270, "texture": "#1_1"},
				"east": {"uv": [4.25, 0.25, 4.75, 0.75], "rotation": 90, "texture": "#1_1"},
				"south": {"uv": [4.25, 0.25, 4.75, 0.75], "rotation": 270, "texture": "#1_1"},
				"west": {"uv": [4.25, 0.25, 4.75, 0.75], "rotation": 270, "texture": "#1_1"},
				"up": {"uv": [4.25, 0.25, 4.75, 0.75], "texture": "#1_1"},
				"down": {"uv": [4.25, 0.25, 4.75, 0.75], "rotation": 180, "texture": "#1_1"}
			}
		},
		{
			"name": "voxel",
			"from": [12.5, 10, 8.5],
			"to": [13.5, 11, 9.5],
			"rotation": {"angle": -45, "axis": "x", "origin": [13, 11.19565, 8.69565]},
			"faces": {
				"north": {"uv": [5.25, 0.25, 5.75, 0.75], "rotation": 270, "texture": "#1_1"},
				"east": {"uv": [5.25, 0.25, 5.75, 0.75], "rotation": 90, "texture": "#1_1"},
				"south": {"uv": [5.25, 0.25, 5.75, 0.75], "rotation": 270, "texture": "#1_1"},
				"west": {"uv": [5.25, 0.25, 5.75, 0.75], "rotation": 270, "texture": "#1_1"},
				"up": {"uv": [5.25, 0.25, 5.75, 0.75], "texture": "#1_1"},
				"down": {"uv": [5.25, 0.25, 5.75, 0.75], "rotation": 180, "texture": "#1_1"}
			}
		},
		{
			"name": "voxel",
			"from": [12.5, 9, 8.5],
			"to": [13.5, 10, 9.5],
			"rotation": {"angle": -45, "axis": "x", "origin": [13, 11.19565, 8.69565]},
			"faces": {
				"north": {"uv": [3.25, 0.25, 3.75, 0.75], "rotation": 270, "texture": "#1_1"},
				"east": {"uv": [3.25, 0.25, 3.75, 0.75], "rotation": 90, "texture": "#1_1"},
				"south": {"uv": [3.25, 0.25, 3.75, 0.75], "rotation": 270, "texture": "#1_1"},
				"west": {"uv": [3.25, 0.25, 3.75, 0.75], "rotation": 270, "texture": "#1_1"},
				"up": {"uv": [3.25, 0.25, 3.75, 0.75], "texture": "#1_1"},
				"down": {"uv": [3.25, 0.25, 3.75, 0.75], "rotation": 180, "texture": "#1_1"}
			}
		},
		{
			"name": "voxel",
			"from": [12.5, 8, 7.5],
			"to": [13.5, 9, 9.5],
			"rotation": {"angle": -45, "axis": "x", "origin": [13, 11.19565, 8.69565]},
			"faces": {
				"north": {"uv": [1.25, 0.25, 1.75, 0.75], "rotation": 270, "texture": "#1_1"},
				"east": {"uv": [1.25, 0.25, 1.75, 0.75], "rotation": 90, "texture": "#1_1"},
				"south": {"uv": [1.25, 0.25, 1.75, 0.75], "rotation": 270, "texture": "#1_1"},
				"west": {"uv": [1.25, 0.25, 1.75, 0.75], "rotation": 270, "texture": "#1_1"},
				"up": {"uv": [1.25, 0.25, 1.75, 0.75], "texture": "#1_1"},
				"down": {"uv": [1.25, 0.25, 1.75, 0.75], "rotation": 180, "texture": "#1_1"}
			}
		},
		{
			"name": "voxel",
			"from": [12.5, 14, 9.5],
			"to": [13.5, 15, 10.5],
			"rotation": {"angle": -45, "axis": "x", "origin": [13, 11.19565, 8.69565]},
			"faces": {
				"north": {"uv": [4.25, 0.25, 4.75, 0.75], "rotation": 270, "texture": "#1_1"},
				"east": {"uv": [4.25, 0.25, 4.75, 0.75], "rotation": 90, "texture": "#1_1"},
				"south": {"uv": [4.25, 0.25, 4.75, 0.75], "rotation": 270, "texture": "#1_1"},
				"west": {"uv": [4.25, 0.25, 4.75, 0.75], "rotation": 270, "texture": "#1_1"},
				"up": {"uv": [4.25, 0.25, 4.75, 0.75], "texture": "#1_1"},
				"down": {"uv": [4.25, 0.25, 4.75, 0.75], "rotation": 180, "texture": "#1_1"}
			}
		},
		{
			"name": "voxel",
			"from": [12.5, 8, 9.5],
			"to": [13.5, 9, 10.5],
			"rotation": {"angle": -45, "axis": "x", "origin": [13, 11.19565, 8.69565]},
			"faces": {
				"north": {"uv": [2.25, 0.25, 2.75, 0.75], "rotation": 270, "texture": "#1_1"},
				"east": {"uv": [2.25, 0.25, 2.75, 0.75], "rotation": 90, "texture": "#1_1"},
				"south": {"uv": [2.25, 0.25, 2.75, 0.75], "rotation": 270, "texture": "#1_1"},
				"west": {"uv": [2.25, 0.25, 2.75, 0.75], "rotation": 270, "texture": "#1_1"},
				"up": {"uv": [2.25, 0.25, 2.75, 0.75], "texture": "#1_1"},
				"down": {"uv": [2.25, 0.25, 2.75, 0.75], "rotation": 180, "texture": "#1_1"}
			}
		},
		{
			"name": "voxel",
			"from": [12.5, 13, 10.5],
			"to": [13.5, 14, 11.5],
			"rotation": {"angle": -45, "axis": "x", "origin": [13, 11.19565, 8.69565]},
			"faces": {
				"north": {"uv": [4.25, 0.25, 4.75, 0.75], "rotation": 270, "texture": "#1_1"},
				"east": {"uv": [4.25, 0.25, 4.75, 0.75], "rotation": 90, "texture": "#1_1"},
				"south": {"uv": [4.25, 0.25, 4.75, 0.75], "rotation": 270, "texture": "#1_1"},
				"west": {"uv": [4.25, 0.25, 4.75, 0.75], "rotation": 270, "texture": "#1_1"},
				"up": {"uv": [4.25, 0.25, 4.75, 0.75], "texture": "#1_1"},
				"down": {"uv": [4.25, 0.25, 4.75, 0.75], "rotation": 180, "texture": "#1_1"}
			}
		},
		{
			"name": "voxel",
			"from": [12.5, 8, 10.5],
			"to": [13.5, 9, 11.5],
			"rotation": {"angle": -45, "axis": "x", "origin": [13, 11.19565, 8.69565]},
			"faces": {
				"north": {"uv": [3.25, 0.25, 3.75, 0.75], "rotation": 270, "texture": "#1_1"},
				"east": {"uv": [3.25, 0.25, 3.75, 0.75], "rotation": 90, "texture": "#1_1"},
				"south": {"uv": [3.25, 0.25, 3.75, 0.75], "rotation": 270, "texture": "#1_1"},
				"west": {"uv": [3.25, 0.25, 3.75, 0.75], "rotation": 270, "texture": "#1_1"},
				"up": {"uv": [3.25, 0.25, 3.75, 0.75], "texture": "#1_1"},
				"down": {"uv": [3.25, 0.25, 3.75, 0.75], "rotation": 180, "texture": "#1_1"}
			}
		},
		{
			"name": "voxel",
			"from": [12.5, 12, 11.5],
			"to": [13.5, 13, 12.5],
			"rotation": {"angle": -45, "axis": "x", "origin": [13, 11.19565, 8.69565]},
			"faces": {
				"north": {"uv": [4.25, 0.25, 4.75, 0.75], "rotation": 270, "texture": "#1_1"},
				"east": {"uv": [4.25, 0.25, 4.75, 0.75], "rotation": 90, "texture": "#1_1"},
				"south": {"uv": [4.25, 0.25, 4.75, 0.75], "rotation": 270, "texture": "#1_1"},
				"west": {"uv": [4.25, 0.25, 4.75, 0.75], "rotation": 270, "texture": "#1_1"},
				"up": {"uv": [4.25, 0.25, 4.75, 0.75], "texture": "#1_1"},
				"down": {"uv": [4.25, 0.25, 4.75, 0.75], "rotation": 180, "texture": "#1_1"}
			}
		},
		{
			"name": "voxel",
			"from": [12.5, 9, 9.5],
			"to": [13.5, 10, 12.5],
			"rotation": {"angle": -45, "axis": "x", "origin": [13, 11.19565, 8.69565]},
			"faces": {
				"north": {"uv": [0.25, 0.25, 0.75, 0.75], "rotation": 270, "texture": "#1_1"},
				"east": {"uv": [0.25, 0.25, 0.75, 0.75], "rotation": 90, "texture": "#1_1"},
				"south": {"uv": [0.25, 0.25, 0.75, 0.75], "rotation": 270, "texture": "#1_1"},
				"west": {"uv": [0.25, 0.25, 0.75, 0.75], "rotation": 270, "texture": "#1_1"},
				"up": {"uv": [0.25, 0.25, 0.75, 0.75], "texture": "#1_1"},
				"down": {"uv": [0.25, 0.25, 0.75, 0.75], "rotation": 180, "texture": "#1_1"}
			}
		},
		{
			"name": "voxel",
			"from": [12.5, 8, 11.5],
			"to": [13.5, 9, 12.5],
			"rotation": {"angle": -45, "axis": "x", "origin": [13, 11.19565, 8.69565]},
			"faces": {
				"north": {"uv": [2.25, 0.25, 2.75, 0.75], "rotation": 270, "texture": "#1_1"},
				"east": {"uv": [2.25, 0.25, 2.75, 0.75], "rotation": 90, "texture": "#1_1"},
				"south": {"uv": [2.25, 0.25, 2.75, 0.75], "rotation": 270, "texture": "#1_1"},
				"west": {"uv": [2.25, 0.25, 2.75, 0.75], "rotation": 270, "texture": "#1_1"},
				"up": {"uv": [2.25, 0.25, 2.75, 0.75], "texture": "#1_1"},
				"down": {"uv": [2.25, 0.25, 2.75, 0.75], "rotation": 180, "texture": "#1_1"}
			}
		},
		{
			"name": "voxel",
			"from": [12.5, 7, 9.5],
			"to": [13.5, 8, 12.5],
			"rotation": {"angle": -45, "axis": "x", "origin": [13, 11.19565, 8.69565]},
			"faces": {
				"north": {"uv": [1.25, 0.25, 1.75, 0.75], "rotation": 270, "texture": "#1_1"},
				"east": {"uv": [1.25, 0.25, 1.75, 0.75], "rotation": 90, "texture": "#1_1"},
				"south": {"uv": [1.25, 0.25, 1.75, 0.75], "rotation": 270, "texture": "#1_1"},
				"west": {"uv": [1.25, 0.25, 1.75, 0.75], "rotation": 270, "texture": "#1_1"},
				"up": {"uv": [1.25, 0.25, 1.75, 0.75], "texture": "#1_1"},
				"down": {"uv": [1.25, 0.25, 1.75, 0.75], "rotation": 180, "texture": "#1_1"}
			}
		},
		{
			"name": "voxel",
			"from": [12.5, 11, 12.5],
			"to": [13.5, 12, 13.5],
			"rotation": {"angle": -45, "axis": "x", "origin": [13, 11.19565, 8.69565]},
			"faces": {
				"north": {"uv": [4.25, 0.25, 4.75, 0.75], "rotation": 270, "texture": "#1_1"},
				"east": {"uv": [4.25, 0.25, 4.75, 0.75], "rotation": 90, "texture": "#1_1"},
				"south": {"uv": [4.25, 0.25, 4.75, 0.75], "rotation": 270, "texture": "#1_1"},
				"west": {"uv": [4.25, 0.25, 4.75, 0.75], "rotation": 270, "texture": "#1_1"},
				"up": {"uv": [4.25, 0.25, 4.75, 0.75], "texture": "#1_1"},
				"down": {"uv": [4.25, 0.25, 4.75, 0.75], "rotation": 180, "texture": "#1_1"}
			}
		},
		{
			"name": "voxel",
			"from": [12.5, 7, 12.5],
			"to": [13.5, 8, 13.5],
			"rotation": {"angle": -45, "axis": "x", "origin": [13, 11.19565, 8.69565]},
			"faces": {
				"north": {"uv": [2.25, 0.25, 2.75, 0.75], "rotation": 270, "texture": "#1_1"},
				"east": {"uv": [2.25, 0.25, 2.75, 0.75], "rotation": 90, "texture": "#1_1"},
				"south": {"uv": [2.25, 0.25, 2.75, 0.75], "rotation": 270, "texture": "#1_1"},
				"west": {"uv": [2.25, 0.25, 2.75, 0.75], "rotation": 270, "texture": "#1_1"},
				"up": {"uv": [2.25, 0.25, 2.75, 0.75], "texture": "#1_1"},
				"down": {"uv": [2.25, 0.25, 2.75, 0.75], "rotation": 180, "texture": "#1_1"}
			}
		},
		{
			"name": "voxel",
			"from": [12.5, 10, 13.5],
			"to": [13.5, 11, 14.5],
			"rotation": {"angle": -45, "axis": "x", "origin": [13, 11.19565, 8.69565]},
			"faces": {
				"north": {"uv": [4.25, 0.25, 4.75, 0.75], "rotation": 270, "texture": "#1_1"},
				"east": {"uv": [4.25, 0.25, 4.75, 0.75], "rotation": 90, "texture": "#1_1"},
				"south": {"uv": [4.25, 0.25, 4.75, 0.75], "rotation": 270, "texture": "#1_1"},
				"west": {"uv": [4.25, 0.25, 4.75, 0.75], "rotation": 270, "texture": "#1_1"},
				"up": {"uv": [4.25, 0.25, 4.75, 0.75], "texture": "#1_1"},
				"down": {"uv": [4.25, 0.25, 4.75, 0.75], "rotation": 180, "texture": "#1_1"}
			}
		},
		{
			"name": "voxel",
			"from": [12.5, 9, 14.5],
			"to": [13.5, 10, 15.5],
			"rotation": {"angle": -45, "axis": "x", "origin": [13, 11.19565, 8.69565]},
			"faces": {
				"north": {"uv": [4.25, 0.25, 4.75, 0.75], "rotation": 270, "texture": "#1_1"},
				"east": {"uv": [4.25, 0.25, 4.75, 0.75], "rotation": 90, "texture": "#1_1"},
				"south": {"uv": [4.25, 0.25, 4.75, 0.75], "rotation": 270, "texture": "#1_1"},
				"west": {"uv": [4.25, 0.25, 4.75, 0.75], "rotation": 270, "texture": "#1_1"},
				"up": {"uv": [4.25, 0.25, 4.75, 0.75], "texture": "#1_1"},
				"down": {"uv": [4.25, 0.25, 4.75, 0.75], "rotation": 180, "texture": "#1_1"}
			}
		},
		{
			"name": "voxel",
			"from": [12.5, 7, 13.5],
			"to": [13.5, 8, 15.5],
			"rotation": {"angle": -45, "axis": "x", "origin": [13, 11.19565, 8.69565]},
			"faces": {
				"north": {"uv": [3.25, 0.25, 3.75, 0.75], "rotation": 270, "texture": "#1_1"},
				"east": {"uv": [3.25, 0.25, 3.75, 0.75], "rotation": 90, "texture": "#1_1"},
				"south": {"uv": [3.25, 0.25, 3.75, 0.75], "rotation": 270, "texture": "#1_1"},
				"west": {"uv": [3.25, 0.25, 3.75, 0.75], "rotation": 270, "texture": "#1_1"},
				"up": {"uv": [3.25, 0.25, 3.75, 0.75], "texture": "#1_1"},
				"down": {"uv": [3.25, 0.25, 3.75, 0.75], "rotation": 180, "texture": "#1_1"}
			}
		},
		{
			"name": "voxel",
			"from": [12.5, 8, 12.5],
			"to": [13.5, 9, 16.5],
			"rotation": {"angle": -45, "axis": "x", "origin": [13, 11.19565, 8.69565]},
			"faces": {
				"north": {"uv": [0.25, 0.25, 0.75, 0.75], "rotation": 270, "texture": "#1_1"},
				"east": {"uv": [0.25, 0.25, 0.75, 0.75], "rotation": 90, "texture": "#1_1"},
				"south": {"uv": [0.25, 0.25, 0.75, 0.75], "rotation": 270, "texture": "#1_1"},
				"west": {"uv": [0.25, 0.25, 0.75, 0.75], "rotation": 270, "texture": "#1_1"},
				"up": {"uv": [0.25, 0.25, 0.75, 0.75], "texture": "#1_1"},
				"down": {"uv": [0.25, 0.25, 0.75, 0.75], "rotation": 180, "texture": "#1_1"}
			}
		},
		{
			"name": "voxel",
			"from": [12.5, 7, 15.5],
			"to": [13.5, 8, 16.5],
			"rotation": {"angle": -45, "axis": "x", "origin": [13, 11.19565, 8.69565]},
			"faces": {
				"north": {"uv": [2.25, 0.25, 2.75, 0.75], "rotation": 270, "texture": "#1_1"},
				"east": {"uv": [2.25, 0.25, 2.75, 0.75], "rotation": 90, "texture": "#1_1"},
				"south": {"uv": [2.25, 0.25, 2.75, 0.75], "rotation": 270, "texture": "#1_1"},
				"west": {"uv": [2.25, 0.25, 2.75, 0.75], "rotation": 270, "texture": "#1_1"},
				"up": {"uv": [2.25, 0.25, 2.75, 0.75], "texture": "#1_1"},
				"down": {"uv": [2.25, 0.25, 2.75, 0.75], "rotation": 180, "texture": "#1_1"}
			}
		},
		{
			"name": "voxel",
			"from": [12.5, 6, 12.5],
			"to": [13.5, 7, 16.5],
			"rotation": {"angle": -45, "axis": "x", "origin": [13, 11.19565, 8.69565]},
			"faces": {
				"north": {"uv": [1.25, 0.25, 1.75, 0.75], "rotation": 270, "texture": "#1_1"},
				"east": {"uv": [1.25, 0.25, 1.75, 0.75], "rotation": 90, "texture": "#1_1"},
				"south": {"uv": [1.25, 0.25, 1.75, 0.75], "rotation": 270, "texture": "#1_1"},
				"west": {"uv": [1.25, 0.25, 1.75, 0.75], "rotation": 270, "texture": "#1_1"},
				"up": {"uv": [1.25, 0.25, 1.75, 0.75], "texture": "#1_1"},
				"down": {"uv": [1.25, 0.25, 1.75, 0.75], "rotation": 180, "texture": "#1_1"}
			}
		},
		{
			"name": "voxel",
			"from": [12.5, 7, 16.5],
			"to": [13.5, 8, 17.5],
			"rotation": {"angle": -45, "axis": "x", "origin": [13, 11.19565, 8.69565]},
			"faces": {
				"north": {"uv": [0.25, 0.25, 0.75, 0.75], "rotation": 270, "texture": "#1_1"},
				"east": {"uv": [0.25, 0.25, 0.75, 0.75], "rotation": 90, "texture": "#1_1"},
				"south": {"uv": [0.25, 0.25, 0.75, 0.75], "rotation": 270, "texture": "#1_1"},
				"west": {"uv": [0.25, 0.25, 0.75, 0.75], "rotation": 270, "texture": "#1_1"},
				"up": {"uv": [0.25, 0.25, 0.75, 0.75], "texture": "#1_1"},
				"down": {"uv": [0.25, 0.25, 0.75, 0.75], "rotation": 180, "texture": "#1_1"}
			}
		}
	],
	"display": {
		"thirdperson_righthand": {
			"rotation": [90, 0, 0],
			"translation": [-5, -2, -1]
		},
		"thirdperson_lefthand": {
			"rotation": [90, 0, 0],
			"translation": [-5, -2, -1]
		},
		"firstperson_righthand": {
			"rotation": [0, 45, 0],
			"translation": [0, 1, 0],
			"scale": [0.4, 0.4, 0.4]
		},
		"firstperson_lefthand": {
			"rotation": [0, 45, 0],
			"translation": [0, 1, 0],
			"scale": [0.4, 0.4, 0.4]
		},
		"ground": {
			"scale": [2, 2, 2]
		},
		"gui": {
			"rotation": [30, 45, 0],
			"scale": [0.65, 0.65, 0.65]
		},
		"head": {
			"translation": [0, -27.2, -0.15],
			"scale": [1.6, 1.6, 1.6]
		},
		"fixed": {
			"scale": [2, 2, 2]
		}
	},
	"groups": [0,
		{
			"name": "bow",
			"children": [1, 2, 3, 4, 5, 6, 7, 8, 9, 10, 11, 12, 13, 14, 15, 16, 17, 18, 19, 20, 21, 22, 23, 24, 25, 26, 27, 28, 29, 30, 31, 32, 33, 34, 35, 36, 37, 38, 39, 40, 41, 42, 43, 44, 45, 46]
		}
	]
}