{
    "credit": "Made By BronGhast014 with Blockbench", 
    "textures": {
        "main": "mobs/animations/sand_mite"
    }, 
    "elements": [
        {
            "name": "Head", 
            "from": [ 6, 0, -1 ], 
            "to":   [ 10, 4, 2 ], 
            "faces": {
                "north": { "uv": [ 0.75, 4.75, 3, 7 ], "texture": "#main" }, 
                "east":  { "uv": [ 0, 0, 0.75, 1 ], "texture": "#main" }, 
                "south": { "uv": [ 0, 0, 2, 2 ], "texture": "#main" }, 
                "west":  { "uv": [ 0, 0, 0.75, 1 ], "texture": "#main" }, 
                "up":    { "uv": [ 0, 0, 1, 0.75 ], "texture": "#main" }, 
                "down":  { "uv": [ 1.5, 1.25, 2.5, 2 ], "texture": "#main" }
            }
        }, 
        {
            "name": "Head", 
            "from": [ 6, 0, -1 ], 
            "to":   [ 10, 4, 2 ], 
            "faces": {
                "north": { "uv": [ 5.75, 3, 6, 3.25 ], "texture": "#main" }, 
                "east":  { "uv": [ 7.25, 3, 8, 4 ], "texture": "#main" }, 
                "south": { "uv": [ 5, 0, 6, 1 ], "texture": "#main" }, 
                "west":  { "uv": [ 4, 3, 4.75, 4 ], "texture": "#main" }, 
                "up":    { "uv": [ 6, 2.25, 7, 3 ], "texture": "#main" }, 
                "down":  { "uv": [ 5, 2.25, 6, 3 ], "texture": "#main" }
            }
        }, 
        {
            "name": "Body1", 
            "from": [ 5, 0, 2 ], 
            "to":   [ 11, 4.5, 10 ], 
            "faces": {
                "north": { "uv": [ 1.5, 1.75, 3, 2.625 ], "texture": "#main" }, 
                "east":  { "uv": [ 0, 0, 2, 1.125 ], "texture": "#main" }, 
                "south": { "uv": [ 1.5, 1.75, 3, 2.625 ], "texture": "#main" }, 
                "west":  { "uv": [ 0, 0, 2, 1.125 ], "texture": "#main" }, 
                "up":    { "uv": [ 0, 0, 1.5, 2 ], "texture": "#main" }, 
                "down":  { "uv": [ 1, 1.5, 2.5, 3.5 ], "texture": "#main" }
            }
        }, 
        {
            "name": "Body1", 
            "from": [ 5, 0, 2 ], 
            "to":   [ 11, 4.5, 10 ], 
            "faces": {
                "north": { "uv": [ 6.25, 3, 7.75, 3.875 ], "texture": "#main" }, 
                "east":  { "uv": [ 6, 2.75, 8, 3.875 ], "texture": "#main" }, 
                "south": { "uv": [ 4.25, 3, 5.75, 3.875 ], "texture": "#main" }, 
                "west":  { "uv": [ 4.5, 2.75, 6.5, 3.875 ], "texture": "#main" }, 
                "up":    { "uv": [ 5.5, 2.75, 6, 3.25 ], "texture": "#main" }, 
                "down":  { "uv": [ 4.5, 2.25, 6.5, 3.75 ], "rotation":90, "texture": "#main" }
            }
        }, 
        {
            "name": "body2", 
            "from": [ 6, 0, 10 ], 
            "to":   [ 10, 4, 14 ], 
            "faces": {
                "north": { "uv": [ 0, 0, 1, 1 ], "texture": "#main" }, 
                "east":  { "uv": [ 0, 0, 1, 1 ], "texture": "#main" }, 
                "south": { "uv": [ 0, 0, 1, 1 ], "texture": "#main" }, 
                "west":  { "uv": [ 0, 0, 1, 1 ], "texture": "#main" }, 
                "up":    { "uv": [ 0, 0, 1, 1 ], "texture": "#main" }, 
                "down":  { "uv": [ 0, 0, 1, 1 ], "texture": "#main" }
            }
        }, 
        {
            "name": "body2", 
            "from": [ 6, 0, 10 ], 
            "to":   [ 10, 4, 14 ], 
            "faces": {
                "north": { "uv": [ 4.5, 3, 5.5, 4 ], "texture": "#main" }, 
                "east":  { "uv": [ 4, 3, 5, 4 ], "texture": "#main" }, 
                "south": { "uv": [ 7, 3, 8, 4 ], "texture": "#main" }, 
                "west":  { "uv": [ 6.25, 3, 7.25, 4 ], "texture": "#main" }, 
                "up":    { "uv": [ 4.25, 2.5, 4.75, 3.25 ], "texture": "#main" }, 
                "down":  { "uv": [ 6.5, 3, 7.5, 4 ], "texture": "#main" }
            }
        }, 
        {
            "name": "tail", 
            "from": [ 6.3, 0, 14 ], 
            "to":   [ 9.7, 3.5, 17 ], 
            "faces": {
                "north": { "uv": [ 0.25, 0.75, 1.1, 1.5 ], "texture": "#main" }, 
                "east":  { "uv": [ 0, 0, 0.75, 0.625 ], "texture": "#main" }, 
                "south": { "uv": [ 0.25, 0.75, 1.1, 1.5 ], "texture": "#main" }, 
                "west":  { "uv": [ 1.75, 1.75, 2.5, 2.375 ], "texture": "#main" }, 
                "up":    { "uv": [ 0.25, 0.75, 1.1, 1.5 ], "texture": "#main" }, 
                "down":  { "uv": [ 0.25, 0.75, 1.1, 1.5 ], "texture": "#main" }
            }
        }, 
        {
            "name": "tail", 
            "from": [ 6.3, 0, 14 ], 
            "to":   [ 9.7, 3.5, 17 ], 
            "faces": {
                "north": { "uv": [ 5, 3.25, 5.85, 4 ], "texture": "#main" }, 
                "east":  { "uv": [ 5.75, 3.25, 6.5, 3.875 ], "texture": "#main" }, 
                "south": { "uv": [ 7, 3.25, 7.85, 4 ], "texture": "#main" }, 
                "west":  { "uv": [ 4.5, 3.25, 5.25, 3.875 ], "texture": "#main" }, 
                "up":    { "uv": [ 5.25, 2.75, 6.1, 3.5 ], "texture": "#main" }, 
                "down":  { "uv": [ 4, 3.25, 4.85, 4 ], "rotation":180, "texture": "#main" }
            }
        }, 
        {
            "name": "tail 2", 
            "from": [ 6.7, 0, 17 ], 
            "to":   [ 9.3, 3, 21 ], 
            "faces": {
                "north": { "uv": [ 0, 0, 0.65, 1 ], "texture": "#main" }, 
                "east":  { "uv": [ 2.5, 1, 3.5, 1.75 ], "texture": "#main" }, 
                "south": { "uv": [ 0, 0, 0.65, 0.75 ], "texture": "#main" }, 
                "west":  { "uv": [ 1.75, 2.25, 2.75, 3 ], "texture": "#main" }, 
                "up":    { "uv": [ 0, 0, 0.65, 1 ], "texture": "#main" }, 
                "down":  { "uv": [ 0, 0, 0.65, 1 ], "texture": "#main" }
            }
        }, 
        {
            "name": "tail 2", 
            "from": [ 6.7, 0, 17 ], 
            "to":   [ 9.3, 3, 21 ], 
            "faces": {
                "north": { "uv": [ 4.5, 3, 5.15, 4 ], "texture": "#main" }, 
                "east":  { "uv": [ 4.25, 3.25, 5.25, 4 ], "texture": "#main" }, 
                "south": { "uv": [ 5, 3.25, 5.65, 4 ], "texture": "#main" }, 
                "west":  { "uv": [ 6.5, 3.25, 7.5, 4 ], "texture": "#main" }, 
                "up":    { "uv": [ 4.25, 2.75, 4.9, 3.25 ], "texture": "#main" }, 
                "down":  { "uv": [ 4.25, 3, 4.9, 4 ], "texture": "#main" }
            }
        }, 
        {
            "name": "tail tip", 
            "from": [ 7, 0, 21 ], 
            "to":   [ 9, 2, 25 ], 
            "faces": {
                "north": { "uv": [ 0, 0, 0.5, 1 ], "texture": "#main" }, 
                "east":  { "uv": [ 2.5, 2.75, 3, 3.75 ], "rotation":90, "texture": "#main" }, 
                "south": { "uv": [ 0, 0, 0.5, 0.5 ], "texture": "#main" }, 
                "west":  { "uv": [ 1.5, 2.5, 2, 3.5 ], "rotation":90, "texture": "#main" }, 
                "up":    { "uv": [ 0, 0, 0.5, 1 ], "texture": "#main" }, 
                "down":  { "uv": [ 0, 0, 0.5, 1 ], "texture": "#main" }
            }
        }, 
        {
            "name": "tail tip", 
            "from": [ 7, 0, 21 ], 
            "to":   [ 9, 2, 25 ], 
            "faces": {
                "north": { "uv": [ 6, 3, 6.5, 4 ], "texture": "#main" }, 
                "east":  { "uv": [ 6, 3, 6.5, 4 ], "rotation":90, "texture": "#main" }, 
                "south": { "uv": [ 7, 3.5, 7.5, 4 ], "texture": "#main" }, 
                "west":  { "uv": [ 6, 3, 6.5, 4 ], "rotation":90, "texture": "#main" }, 
                "up":    { "uv": [ 7.25, 3, 7.75, 3.5 ], "texture": "#main" }, 
                "down":  { "uv": [ 5, 2, 5.5, 3 ], "texture": "#main" }
            }
        }, 
        {
            "name": "Head", 
            "from": [ 6, 0, -1 ], 
            "to":   [ 10, 4, 2 ], 
            "faces": {
                "north": { "uv": [ 8.75, 4.75, 11, 7 ], "texture": "#main" }, 
                "east":  { "uv": [ 8, 0, 8.75, 1 ], "texture": "#main" }, 
                "south": { "uv": [ 8, 0, 10, 2 ], "texture": "#main" }, 
                "west":  { "uv": [ 8, 0, 8.75, 1 ], "texture": "#main" }, 
                "up":    { "uv": [ 8, 0, 9, 0.75 ], "texture": "#main" }, 
                "down":  { "uv": [ 9.5, 1.25, 10.5, 2 ], "texture": "#main" }
            }
        }, 
        {
            "name": "Head", 
            "from": [ 6, 0, -1 ], 
            "to":   [ 10, 4, 2 ], 
            "faces": {
                "north": { "uv": [ 13.75, 3, 14, 3.25 ], "texture": "#main" }, 
                "east":  { "uv": [ 15.25, 3, 16, 4 ], "texture": "#main" }, 
                "south": { "uv": [ 13, 0, 14, 1 ], "texture": "#main" }, 
                "west":  { "uv": [ 12, 3, 12.75, 4 ], "texture": "#main" }, 
                "up":    { "uv": [ 14, 2.25, 15, 3 ], "texture": "#main" }, 
                "down":  { "uv": [ 13, 2.25, 14, 3 ], "texture": "#main" }
            }
        }, 
        {
            "name": "Body1", 
            "from": [ 5.5, 0, 2 ], 
            "to":   [ 11.5, 4.5, 10 ], 
            "faces": {
                "north": { "uv": [ 9.5, 1.75, 11, 2.625 ], "texture": "#main" }, 
                "east":  { "uv": [ 8, 0, 10, 1.125 ], "texture": "#main" }, 
                "south": { "uv": [ 9.5, 1.75, 11, 2.625 ], "texture": "#main" }, 
                "west":  { "uv": [ 8, 0, 10, 1.125 ], "texture": "#main" }, 
                "up":    { "uv": [ 8, 0, 9.5, 2 ], "texture": "#main" }, 
                "down":  { "uv": [ 9, 1.5, 10.5, 3.5 ], "texture": "#main" }
            }
        }, 
        {
            "name": "Body1", 
            "from": [ 5.5, 0, 2 ], 
            "to":   [ 11.5, 4.5, 10 ], 
            "faces": {
                "north": { "uv": [ 14.25, 3, 15.75, 3.875 ], "texture": "#main" }, 
                "east":  { "uv": [ 14, 2.75, 16, 3.875 ], "texture": "#main" }, 
                "south": { "uv": [ 12.25, 3, 13.75, 3.875 ], "texture": "#main" }, 
                "west":  { "uv": [ 12.5, 2.75, 14.5, 3.875 ], "texture": "#main" }, 
                "up":    { "uv": [ 13.5, 2.75, 14, 3.25 ], "texture": "#main" }, 
                "down":  { "uv": [ 12.5, 2.25, 14.5, 3.75 ], "rotation":90, "texture": "#main" }
            }
        }, 
        {
            "name": "body2", 
            "from": [ 5, 0, 10 ], 
            "to":   [ 9, 4, 14 ], 
            "faces": {
                "north": { "uv": [ 8, 0, 9, 1 ], "texture": "#main" }, 
                "east":  { "uv": [ 8, 0, 9, 1 ], "texture": "#main" }, 
                "south": { "uv": [ 8, 0, 9, 1 ], "texture": "#main" }, 
                "west":  { "uv": [ 8, 0, 9, 1 ], "texture": "#main" }, 
                "up":    { "uv": [ 8, 0, 9, 1 ], "texture": "#main" }, 
                "down":  { "uv": [ 8, 0, 9, 1 ], "texture": "#main" }
            }
        }, 
        {
            "name": "body2", 
            "from": [ 5, 0, 10 ], 
            "to":   [ 9, 4, 14 ], 
            "faces": {
                "north": { "uv": [ 12.5, 3, 13.5, 4 ], "texture": "#main" }, 
                "east":  { "uv": [ 12, 3, 13, 4 ], "texture": "#main" }, 
                "south": { "uv": [ 15, 3, 16, 4 ], "texture": "#main" }, 
                "west":  { "uv": [ 14.25, 3, 15.25, 4 ], "texture": "#main" }, 
                "up":    { "uv": [ 12.25, 2.5, 12.75, 3.25 ], "texture": "#main" }, 
                "down":  { "uv": [ 14.5, 3, 15.5, 4 ], "texture": "#main" }
            }
        }, 
        {
            "name": "tail", 
            "from": [ 6.55, 0, 14 ], 
            "to":   [ 9.95, 3.5, 17 ], 
            "faces": {
                "north": { "uv": [ 8.25, 0.75, 9.1, 1.5 ], "texture": "#main" }, 
                "east":  { "uv": [ 8, 0, 8.75, 0.625 ], "texture": "#main" }, 
                "south": { "uv": [ 8.25, 0.75, 9.1, 1.5 ], "texture": "#main" }, 
                "west":  { "uv": [ 9.75, 1.75, 10.5, 2.375 ], "texture": "#main" }, 
                "up":    { "uv": [ 8.25, 0.75, 9.1, 1.5 ], "texture": "#main" }, 
                "down":  { "uv": [ 8.25, 0.75, 9.1, 1.5 ], "texture": "#main" }
            }
        }, 
        {
            "name": "tail", 
            "from": [ 6.55, 0, 14 ], 
            "to":   [ 9.95, 3.5, 17 ], 
            "faces": {
                "north": { "uv": [ 13, 3.25, 13.85, 4 ], "texture": "#main" }, 
                "east":  { "uv": [ 13.75, 3.25, 14.5, 3.875 ], "texture": "#main" }, 
                "south": { "uv": [ 15, 3.25, 15.85, 4 ], "texture": "#main" }, 
                "west":  { "uv": [ 12.5, 3.25, 13.25, 3.875 ], "texture": "#main" }, 
                "up":    { "uv": [ 13.25, 2.75, 14.1, 3.5 ], "texture": "#main" }, 
                "down":  { "uv": [ 12, 3.25, 12.85, 4 ], "rotation":180, "texture": "#main" }
            }
        }, 
        {
            "name": "tail 2", 
            "from": [ 6.45, 0, 17 ], 
            "to":   [ 9.05, 3, 21 ], 
            "faces": {
                "north": { "uv": [ 8, 0, 8.65, 1 ], "texture": "#main" }, 
                "east":  { "uv": [ 10.5, 1, 11.5, 1.75 ], "texture": "#main" }, 
                "south": { "uv": [ 8, 0, 8.65, 0.75 ], "texture": "#main" }, 
                "west":  { "uv": [ 9.75, 2.25, 10.75, 3 ], "texture": "#main" }, 
                "up":    { "uv": [ 8, 0, 8.65, 1 ], "texture": "#main" }, 
                "down":  { "uv": [ 8, 0, 8.65, 1 ], "texture": "#main" }
            }
        }, 
        {
            "name": "tail 2", 
            "from": [ 6.45, 0, 17 ], 
            "to":   [ 9.05, 3, 21 ], 
            "faces": {
                "north": { "uv": [ 12.5, 3, 13.15, 4 ], "texture": "#main" }, 
                "east":  { "uv": [ 12.25, 3.25, 13.25, 4 ], "texture": "#main" }, 
                "south": { "uv": [ 13, 3.25, 13.65, 4 ], "texture": "#main" }, 
                "west":  { "uv": [ 14.5, 3.25, 15.5, 4 ], "texture": "#main" }, 
                "up":    { "uv": [ 12.25, 2.75, 12.9, 3.25 ], "texture": "#main" }, 
                "down":  { "uv": [ 12.25, 3, 12.9, 4 ], "texture": "#main" }
            }
        }, 
        {
            "name": "tail tip", 
            "from": [ 7.25, 0, 21 ], 
            "to":   [ 9.25, 2, 25 ], 
            "faces": {
                "north": { "uv": [ 8, 0, 8.5, 1 ], "texture": "#main" }, 
                "east":  { "uv": [ 10.5, 2.75, 11, 3.75 ], "rotation":90, "texture": "#main" }, 
                "south": { "uv": [ 8, 0, 8.5, 0.5 ], "texture": "#main" }, 
                "west":  { "uv": [ 9.5, 2.5, 10, 3.5 ], "rotation":90, "texture": "#main" }, 
                "up":    { "uv": [ 8, 0, 8.5, 1 ], "texture": "#main" }, 
                "down":  { "uv": [ 8, 0, 8.5, 1 ], "texture": "#main" }
            }
        }, 
        {
            "name": "tail tip", 
            "from": [ 7.25, 0, 21 ], 
            "to":   [ 9.25, 2, 25 ], 
            "faces": {
                "north": { "uv": [ 14, 3, 14.5, 4 ], "texture": "#main" }, 
                "east":  { "uv": [ 14, 3, 14.5, 4 ], "rotation":90, "texture": "#main" }, 
                "south": { "uv": [ 15, 3.5, 15.5, 4 ], "texture": "#main" }, 
                "west":  { "uv": [ 14, 3, 14.5, 4 ], "rotation":90, "texture": "#main" }, 
                "up":    { "uv": [ 15.25, 3, 15.75, 3.5 ], "texture": "#main" }, 
                "down":  { "uv": [ 13, 2, 13.5, 3 ], "texture": "#main" }
            }
        }, 
        {
            "name": "Head", 
            "from": [ 6, 0, -1 ], 
            "to":   [ 10, 4, 2 ], 
            "faces": {
                "north": { "uv": [ 0.75, 12.75, 3, 15 ], "texture": "#main" }, 
                "east":  { "uv": [ 0, 8, 0.75, 9 ], "texture": "#main" }, 
                "south": { "uv": [ 0, 8, 2, 10 ], "texture": "#main" }, 
                "west":  { "uv": [ 0, 8, 0.75, 9 ], "texture": "#main" }, 
                "up":    { "uv": [ 0, 8, 1, 8.75 ], "texture": "#main" }, 
                "down":  { "uv": [ 1.5, 9.25, 2.5, 10 ], "texture": "#main" }
            }
        }, 
        {
            "name": "Head", 
            "from": [ 6, 0, -1 ], 
            "to":   [ 10, 4, 2 ], 
            "faces": {
                "north": { "uv": [ 5.75, 11, 6, 11.25 ], "texture": "#main" }, 
                "east":  { "uv": [ 7.25, 11, 8, 12 ], "texture": "#main" }, 
                "south": { "uv": [ 5, 8, 6, 9 ], "texture": "#main" }, 
                "west":  { "uv": [ 4, 11, 4.75, 12 ], "texture": "#main" }, 
                "up":    { "uv": [ 6, 10.25, 7, 11 ], "texture": "#main" }, 
                "down":  { "uv": [ 5, 10.25, 6, 11 ], "texture": "#main" }
            }
        }, 
        {
            "name": "Body1", 
            "from": [ 4.5, 0, 2 ], 
            "to":   [ 10.5, 4.5, 10 ], 
            "faces": {
                "north": { "uv": [ 1.5, 9.75, 3, 10.625 ], "texture": "#main" }, 
                "east":  { "uv": [ 0, 8, 2, 9.125 ], "texture": "#main" }, 
                "south": { "uv": [ 1.5, 9.75, 3, 10.625 ], "texture": "#main" }, 
                "west":  { "uv": [ 0, 8, 2, 9.125 ], "texture": "#main" }, 
                "up":    { "uv": [ 0, 8, 1.5, 10 ], "texture": "#main" }, 
                "down":  { "uv": [ 1, 9.5, 2.5, 11.5 ], "texture": "#main" }
            }
        }, 
        {
            "name": "Body1", 
            "from": [ 4.5, 0, 2 ], 
            "to":   [ 10.5, 4.5, 10 ], 
            "faces": {
                "north": { "uv": [ 6.25, 11, 7.75, 11.875 ], "texture": "#main" }, 
                "east":  { "uv": [ 6, 10.75, 8, 11.875 ], "texture": "#main" }, 
                "south": { "uv": [ 4.25, 11, 5.75, 11.875 ], "texture": "#main" }, 
                "west":  { "uv": [ 4.5, 10.75, 6.5, 11.875 ], "texture": "#main" }, 
                "up":    { "uv": [ 5.5, 10.75, 6, 11.25 ], "texture": "#main" }, 
                "down":  { "uv": [ 4.5, 10.25, 6.5, 11.75 ], "rotation":90, "texture": "#main" }
            }
        }, 
        {
            "name": "body2", 
            "from": [ 6.5, 0, 10 ], 
            "to":   [ 10.5, 4, 14 ], 
            "faces": {
                "north": { "uv": [ 0, 8, 1, 9 ], "texture": "#main" }, 
                "east":  { "uv": [ 0, 8, 1, 9 ], "texture": "#main" }, 
                "south": { "uv": [ 0, 8, 1, 9 ], "texture": "#main" }, 
                "west":  { "uv": [ 0, 8, 1, 9 ], "texture": "#main" }, 
                "up":    { "uv": [ 0, 8, 1, 9 ], "texture": "#main" }, 
                "down":  { "uv": [ 0, 8, 1, 9 ], "texture": "#main" }
            }
        }, 
        {
            "name": "body2", 
            "from": [ 6.5, 0, 10 ], 
            "to":   [ 10.5, 4, 14 ], 
            "faces": {
                "north": { "uv": [ 4.5, 11, 5.5, 12 ], "texture": "#main" }, 
                "east":  { "uv": [ 4, 11, 5, 12 ], "texture": "#main" }, 
                "south": { "uv": [ 7, 11, 8, 12 ], "texture": "#main" }, 
                "west":  { "uv": [ 6.25, 11, 7.25, 12 ], "texture": "#main" }, 
                "up":    { "uv": [ 4.25, 10.5, 4.75, 11.25 ], "texture": "#main" }, 
                "down":  { "uv": [ 6.5, 11, 7.5, 12 ], "texture": "#main" }
            }
        }, 
        {
            "name": "tail", 
            "from": [ 5.8, 0, 14 ], 
            "to":   [ 9.2, 3.5, 17 ], 
            "faces": {
                "north": { "uv": [ 0.25, 8.75, 1.1, 9.5 ], "texture": "#main" }, 
                "east":  { "uv": [ 0, 8, 0.75, 8.625 ], "texture": "#main" }, 
                "south": { "uv": [ 0.25, 8.75, 1.1, 9.5 ], "texture": "#main" }, 
                "west":  { "uv": [ 1.75, 9.75, 2.5, 10.375 ], "texture": "#main" }, 
                "up":    { "uv": [ 0.25, 8.75, 1.1, 9.5 ], "texture": "#main" }, 
                "down":  { "uv": [ 0.25, 8.75, 1.1, 9.5 ], "texture": "#main" }
            }
        }, 
        {
            "name": "tail", 
            "from": [ 5.8, 0, 14 ], 
            "to":   [ 9.2, 3.5, 17 ], 
            "faces": {
                "north": { "uv": [ 5, 11.25, 5.85, 12 ], "texture": "#main" }, 
                "east":  { "uv": [ 5.75, 11.25, 6.5, 11.875 ], "texture": "#main" }, 
                "south": { "uv": [ 7, 11.25, 7.85, 12 ], "texture": "#main" }, 
                "west":  { "uv": [ 4.5, 11.25, 5.25, 11.875 ], "texture": "#main" }, 
                "up":    { "uv": [ 5.25, 10.75, 6.1, 11.5 ], "texture": "#main" }, 
                "down":  { "uv": [ 4, 11.25, 4.85, 12 ], "rotation":180, "texture": "#main" }
            }
        }, 
        {
            "name": "tail 2", 
            "from": [ 7.2, 0, 17 ], 
            "to":   [ 9.8, 3, 21 ], 
            "faces": {
                "north": { "uv": [ 0, 8, 0.65, 9 ], "texture": "#main" }, 
                "east":  { "uv": [ 2.5, 9, 3.5, 9.75 ], "texture": "#main" }, 
                "south": { "uv": [ 0, 8, 0.65, 8.75 ], "texture": "#main" }, 
                "west":  { "uv": [ 1.75, 10.25, 2.75, 11 ], "texture": "#main" }, 
                "up":    { "uv": [ 0, 8, 0.65, 9 ], "texture": "#main" }, 
                "down":  { "uv": [ 0, 8, 0.65, 9 ], "texture": "#main" }
            }
        }, 
        {
            "name": "tail 2", 
            "from": [ 7.2, 0, 17 ], 
            "to":   [ 9.8, 3, 21 ], 
            "faces": {
                "north": { "uv": [ 4.5, 11, 5.15, 12 ], "texture": "#main" }, 
                "east":  { "uv": [ 4.25, 11.25, 5.25, 12 ], "texture": "#main" }, 
                "south": { "uv": [ 5, 11.25, 5.65, 12 ], "texture": "#main" }, 
                "west":  { "uv": [ 6.5, 11.25, 7.5, 12 ], "texture": "#main" }, 
                "up":    { "uv": [ 4.25, 10.75, 4.9, 11.25 ], "texture": "#main" }, 
                "down":  { "uv": [ 4.25, 11, 4.9, 12 ], "texture": "#main" }
            }
        }, 
        {
            "name": "tail tip", 
            "from": [ 6.5, 0, 21 ], 
            "to":   [ 8.5, 2, 25 ], 
            "faces": {
                "north": { "uv": [ 0, 8, 0.5, 9 ], "texture": "#main" }, 
                "east":  { "uv": [ 2.5, 10.75, 3, 11.75 ], "rotation":90, "texture": "#main" }, 
                "south": { "uv": [ 0, 8, 0.5, 8.5 ], "texture": "#main" }, 
                "west":  { "uv": [ 1.5, 10.5, 2, 11.5 ], "rotation":90, "texture": "#main" }, 
                "up":    { "uv": [ 0, 8, 0.5, 9 ], "texture": "#main" }, 
                "down":  { "uv": [ 0, 8, 0.5, 9 ], "texture": "#main" }
            }
        }, 
        {
            "name": "tail tip", 
            "from": [ 6.5, 0, 21 ], 
            "to":   [ 8.5, 2, 25 ], 
            "faces": {
                "north": { "uv": [ 6, 11, 6.5, 12 ], "texture": "#main" }, 
                "east":  { "uv": [ 6, 11, 6.5, 12 ], "rotation":90, "texture": "#main" }, 
                "south": { "uv": [ 7, 11.5, 7.5, 12 ], "texture": "#main" }, 
                "west":  { "uv": [ 6, 11, 6.5, 12 ], "rotation":90, "texture": "#main" }, 
                "up":    { "uv": [ 7.25, 11, 7.75, 11.5 ], "texture": "#main" }, 
                "down":  { "uv": [ 5, 10, 5.5, 11 ], "texture": "#main" }
            }
        }
    ], 
    "display": {
        "thirdperson_righthand": {
            "rotation": [ 30, 45, 0 ], 
            "scale": [ 0.4, 0.4, 0.4 ]
        }, 
        "thirdperson_lefthand": {
            "rotation": [ 30, 45, 0 ], 
            "scale": [ 0.4, 0.4, 0.4 ]
        }, 
        "firstperson_righthand": {
            "rotation": [ 0, 45, 0 ], 
            "translation": [ 0, 1, 0 ], 
            "scale": [ 0.4, 0.4, 0.4 ]
        }, 
        "firstperson_lefthand": {
            "rotation": [ 0, 45, 0 ], 
            "translation": [ 0, 1, 0 ], 
            "scale": [ 0.4, 0.4, 0.4 ]
        }, 
        "ground": {
            "rotation": [ 0, 0, 180 ]
        }, 
        "gui": {
            "rotation": [ 30, 45, 0 ], 
            "scale": [ 0.65, 0.65, 0.65 ]
        }, 
        "head": {
            "translation": [ 0, -24, 0 ], 
            "scale": [ 1.5, 1.5, 1.5 ]
        }
    }, 
    "__comment": "Model animated using Fizzy's model animator - http://fizzy81.github.io/animated-models/"
}