{
	"credit": "Made By BronGhast014 with Blockbench",
	"textures": {
		"0": "mobs/soul",
		"particle": "mobs/soul"
	},
	"elements": [
		{
			"name": "Body",
			"from": [4, 8, 6],
			"to": [12, 21, 10],
			"faces": {
				"north": {"uv": [5, 0.25, 7, 3.5], "texture": "#0"},
				"east": {"uv": [4, 0.25, 4.75, 3.5], "texture": "#0"},
				"south": {"uv": [0, 0.75, 2, 4], "texture": "#0"},
				"west": {"uv": [7, 0.25, 8, 3.5], "texture": "#0"},
				"up": {"uv": [5, 2.25, 7, 3.25], "texture": "#0"},
				"down": {"uv": [5, 2.25, 7, 3.25], "texture": "#0"}
			}
		},
		{
			"name": "robe",
			"from": [3.9, 1, 5.9],
			"to": [12.1, 15, 10.1],
			"faces": {
				"north": {"uv": [7, 8, 9, 11.5], "texture": "#0"},
				"east": {"uv": [6, 8, 7, 11.5], "texture": "#0"},
				"south": {"uv": [4, 8, 6, 11.5], "texture": "#0"},
				"west": {"uv": [9, 8, 10, 11.5], "texture": "#0"},
				"up": {"uv": [5, 2.25, 7, 3.25], "texture": "#0"},
				"down": {"uv": [5, 2.25, 7, 3.25], "texture": "#0"}
			}
		},
		{
			"name": "robe",
			"from": [3.9, 15, 5.9],
			"to": [12.1, 21, 10.1],
			"faces": {
				"north": {"uv": [7, 8, 9, 9.5], "texture": "#0"},
				"east": {"uv": [6, 8, 7, 9], "texture": "#0"},
				"south": {"uv": [4, 8, 6, 9], "texture": "#0"},
				"west": {"uv": [9, 8, 10, 8.75], "texture": "#0"},
				"up": {"uv": [5, 2.25, 7, 3.25], "texture": "#0"},
				"down": {"uv": [5, 2.25, 7, 3.25], "texture": "#0"}
			}
		}
	],
	"display": {
		"thirdperson_righthand": {
			"rotation": [75, 45, 0],
			"translation": [0, 2.5, 0],
			"scale": [0.375, 0.375, 0.375]
		},
		"thirdperson_lefthand": {
			"rotation": [75, 45, 0],
			"translation": [0, 2.5, 0],
			"scale": [0.375, 0.375, 0.375]
		},
		"firstperson_righthand": {
			"rotation": [0, 111, 0],
			"scale": [0.4, 0.4, 0.4]
		},
		"firstperson_lefthand": {
			"rotation": [0, 132, 0],
			"scale": [0.4, 0.4, 0.4]
		},
		"ground": {
			"translation": [0, 3, 0],
			"scale": [0.25, 0.25, 0.25]
		},
		"gui": {
			"rotation": [30, 225, 0],
			"translation": [0, -2, 0],
			"scale": [0.5, 0.5, 0.5]
		},
		"head": {
			"translation": [0, -64, 0],
			"scale": [1.6, 1.6, 1.6]
		},
		"fixed": {
			"scale": [0.5, 0.5, 0.5]
		}
	},
	"groups": [
		{
			"name": "body",
			"children": [0, 1, 2]
		}
	]
}