{
	"credit": "Made By BronGhast014 with Blockbench",
	"textures": {
		"0": "mobs/soul_hurt",
		"particle": "mobs/soul"
	},
	"elements": [
		{
			"name": "hood",
			"from": [4, 16.9, 4],
			"to": [12, 29, 12],
			"faces": {
				"north": {"uv": [14, 4, 12, 7], "texture": "#0"},
				"east": {"uv": [12, 4, 10, 7], "texture": "#0"},
				"south": {"uv": [12, 4, 10, 7], "texture": "#0"},
				"west": {"uv": [12, 4, 10, 7], "texture": "#0"},
				"up": {"uv": [8, 6, 10, 4], "texture": "#0"},
				"down": {"uv": [10, 6, 8, 8], "texture": "#0"}
			}
		},
		{
			"name": "Head",
			"from": [4.1, 24.9, 4.1],
			"to": [11.9, 28.9, 11.9],
			"faces": {
				"north": {"uv": [2, 4, 0, 5], "texture": "#0"},
				"east": {"uv": [2, 4, 4, 5], "texture": "#0"},
				"south": {"uv": [4, 7, 2, 8], "texture": "#0"},
				"west": {"uv": [4, 4, 2, 5], "texture": "#0"},
				"up": {"uv": [4, 6, 2, 8], "texture": "#0"},
				"down": {"uv": [4, 6, 2, 8], "texture": "#0"}
			}
		},
		{
			"name": "Head",
			"from": [6.1, 20.9, 4.1],
			"to": [9.9, 24.9, 11.9],
			"faces": {
				"north": {"uv": [1.5, 5, 0.5, 6], "texture": "#0"},
				"east": {"uv": [4, 5, 2, 6], "texture": "#0"},
				"south": {"uv": [3.5, 7, 2.5, 8], "texture": "#0"},
				"west": {"uv": [4, 5, 2, 6], "texture": "#0"},
				"up": {"uv": [1, 6, 0, 8], "texture": "#0"},
				"down": {"uv": [2, 6, 1, 8], "texture": "#0"}
			}
		},
		{
			"name": "Head",
			"from": [6.2, 21, 4.2],
			"to": [9.8, 24.9, 11.7],
			"faces": {
				"north": {"uv": [1.5, 9, 0.5, 10], "texture": "#0"},
				"east": {"uv": [4, 5, 2, 6], "texture": "#0"},
				"south": {"uv": [1.5, 9, 0.5, 10], "texture": "#0"},
				"west": {"uv": [4, 5, 2, 6], "texture": "#0"},
				"up": {"uv": [1, 6, 0, 8], "texture": "#0"},
				"down": {"uv": [2, 6, 1, 8], "texture": "#0"}
			}
		},
		{
			"name": "Head",
			"from": [4.2, 25, 4.2],
			"to": [11.8, 28.8, 11.8],
			"faces": {
				"north": {"uv": [2, 8, 0, 9], "texture": "#0"},
				"east": {"uv": [2, 4, 4, 5], "texture": "#0"},
				"south": {"uv": [2, 8, 0, 9], "texture": "#0"},
				"west": {"uv": [4, 4, 2, 5], "texture": "#0"},
				"up": {"uv": [4, 6, 2, 8], "texture": "#0"},
				"down": {"uv": [4, 6, 2, 8], "texture": "#0"}
			}
		}
	],
	"display": {
		"thirdperson_righthand": {
			"rotation": [75, 45, 0],
			"translation": [0, 2.5, 0],
			"scale": [0.375, 0.375, 0.375]
		},
		"thirdperson_lefthand": {
			"rotation": [75, 45, 0],
			"translation": [0, 2.5, 0],
			"scale": [0.375, 0.375, 0.375]
		},
		"firstperson_righthand": {
			"rotation": [0, 111, 0],
			"scale": [0.4, 0.4, 0.4]
		},
		"firstperson_lefthand": {
			"rotation": [0, 132, 0],
			"scale": [0.4, 0.4, 0.4]
		},
		"ground": {
			"translation": [0, 3, 0],
			"scale": [0.25, 0.25, 0.25]
		},
		"gui": {
			"rotation": [30, 225, 0],
			"translation": [0, -2, 0],
			"scale": [0.5, 0.5, 0.5]
		},
		"head": {
			"translation": [0, -27.25, 0],
			"scale": [1.6, 1.6, 1.6]
		},
		"fixed": {
			"scale": [0.5, 0.5, 0.5]
		}
	},
	"groups": [
		{
			"name": "Head",
			"children": [0, 1, 2, 3, 4]
		}
	]
}