{
	"credit": "Made By BronGhast014 with Blockbench",
	"textures": {
		"main": "mobs/mudman_hurt",
		"particle": "mobs/mudman",
		"overlay": "mobs/overgrowth_hurt"
	},
	"elements": [
		{
			"name": "head",
			"from": [4, 18, 4],
			"to": [12, 26, 12],
			"faces": {
				"north": {"uv": [2, 2, 4, 4], "texture": "#main"},
				"east": {"uv": [0, 2, 2, 4], "texture": "#main"},
				"south": {"uv": [6, 2, 8, 4], "texture": "#main"},
				"west": {"uv": [4, 2, 6, 4], "texture": "#main"},
				"up": {"uv": [4, 2, 2, 0], "texture": "#main"},
				"down": {"uv": [6, 0, 4, 2], "texture": "#main"}
			}
		},
		{
			"from": [3, 26, 9.25],
			"to": [7, 32, 9.25],
			"faces": {
				"north": {"uv": [0, 13, 2, 16], "texture": "#overlay"},
				"east": {"uv": [0, 12, 2, 16], "texture": "#overlay"},
				"south": {"uv": [2, 13, 0, 16], "texture": "#overlay"},
				"west": {"uv": [0, 12, 2, 16], "texture": "#overlay"},
				"up": {"uv": [0, 12, 2, 16], "texture": "#overlay"},
				"down": {"uv": [0, 12, 2, 16], "texture": "#overlay"}
			}
		},
		{
			"from": [5, 26, 7.25],
			"to": [5, 32, 11.25],
			"faces": {
				"north": {"uv": [0, 12, 2, 16], "texture": "#overlay"},
				"east": {"uv": [2, 13, 0, 16], "texture": "#overlay"},
				"south": {"uv": [0, 12, 2, 16], "texture": "#overlay"},
				"west": {"uv": [0, 13, 2, 16], "texture": "#overlay"},
				"up": {"uv": [0, 12, 2, 16], "rotation": 270, "texture": "#overlay"},
				"down": {"uv": [0, 12, 2, 16], "rotation": 90, "texture": "#overlay"}
			}
		},
		{
			"from": [10, 24, 4],
			"to": [10, 28, 8],
			"faces": {
				"north": {"uv": [5.25, 12.75, 6.75, 14.25], "texture": "#overlay"},
				"east": {"uv": [5.25, 12.75, 6.75, 14.25], "texture": "#overlay"},
				"south": {"uv": [5.25, 12.75, 6.75, 14.25], "texture": "#overlay"},
				"west": {"uv": [5.25, 12.75, 6.75, 14.25], "texture": "#overlay"},
				"up": {"uv": [5.25, 12.75, 6.75, 14.25], "texture": "#overlay"},
				"down": {"uv": [5.25, 12.75, 6.75, 14.25], "texture": "#overlay"}
			}
		},
		{
			"from": [8, 25, 6],
			"to": [12, 29, 6],
			"faces": {
				"north": {"uv": [5.25, 12.75, 6.75, 14.25], "texture": "#overlay"},
				"east": {"uv": [5.25, 12.75, 6.75, 14.25], "texture": "#overlay"},
				"south": {"uv": [5.25, 12.75, 6.75, 14.25], "texture": "#overlay"},
				"west": {"uv": [5.25, 12.75, 6.75, 14.25], "texture": "#overlay"},
				"up": {"uv": [5.25, 12.75, 6.75, 14.25], "texture": "#overlay"},
				"down": {"uv": [5.25, 12.75, 6.75, 14.25], "texture": "#overlay"}
			}
		}
	],
	"display": {
		"head": {
			"translation": [0, -22.5, 0],
			"scale": [1.6, 1.6, 1.6]
		}
	},
	"groups": [
		{
			"name": "head",
			"children": [0, 1, 2, 3, 4]
		}
	]
}