{
	"credit": "Made By BronGhast014 with Blockbench",
	"textures": {
		"0": "mobs/miskull"
	},
	"elements": [
		{
			"name": "Head",
			"from": [4.1, 0.9, 4.1],
			"to": [11.9, 7.9, 11.9],
			"faces": {
				"north": {"uv": [8, 4, 4, 7.5], "texture": "#0"},
				"east": {"uv": [0, 4, 4, 7.5], "texture": "#0"},
				"south": {"uv": [4, 0, 0, 3.5], "texture": "#0"},
				"west": {"uv": [8, 4, 12, 7.5], "texture": "#0"},
				"up": {"uv": [8, 4, 4, 0], "texture": "#0"},
				"down": {"uv": [11.5, 3.5, 8.5, 0.5], "texture": "#0"}
			}
		},
		{
			"name": "Head",
			"from": [4.1, -0.1, 4.1],
			"to": [11.9, 0.9, 11.9],
			"faces": {
				"north": {"uv": [8, 7.5, 4, 8], "texture": "#0"},
				"east": {"uv": [0, 7.5, 4, 8], "texture": "#0"},
				"south": {"uv": [4, 3.5, 0, 4], "texture": "#0"},
				"west": {"uv": [8, 7.5, 12, 8], "texture": "#0"},
				"up": {"uv": [12, 4, 8, 0], "texture": "#0"},
				"down": {"uv": [12, 4, 8, 0], "texture": "#0"}
			}
		}
	],
	"display": {
		"thirdperson_righthand": {
			"translation": [-6, -10.75, 9.75],
			"scale": [2, 2, 2]
		},
		"thirdperson_lefthand": {
			"rotation": [75, 45, 0],
			"translation": [0, 2.5, 0],
			"scale": [0.375, 0.375, 0.375]
		},
		"firstperson_righthand": {
			"rotation": [0, 111, 0],
			"scale": [0.4, 0.4, 0.4]
		},
		"firstperson_lefthand": {
			"rotation": [0, 132, 0],
			"scale": [0.4, 0.4, 0.4]
		},
		"ground": {
			"translation": [0, 3, 0],
			"scale": [0.25, 0.25, 0.25]
		},
		"gui": {
			"rotation": [30, 225, 0],
			"translation": [0, -2, 0],
			"scale": [0.5, 0.5, 0.5]
		},
		"head": {
			"translation": [0, -18, 0],
			"scale": [2, 2, 2]
		},
		"fixed": {
			"scale": [0.5, 0.5, 0.5]
		}
	},
	"groups": [
		{
			"name": "head",
			"children": [0, 1]
		}
	]
}