{
	"credit": "Made By BronGhast014 with Blockbench",
	"textures": {
		"1": "mobs/worlock_illager_hurt"
	},
	"elements": [
		{
			"from": [6, 25.5, 2.75],
			"to": [10, 29.5, 3],
			"faces": {
				"north": {"uv": [11.75, 2.75, 12.75, 3.75], "texture": "#1"},
				"east": {"uv": [11.75, 3.5, 12.75, 3.75], "texture": "#1"},
				"south": {"uv": [11.75, 3.5, 12.75, 3.75], "texture": "#1"},
				"west": {"uv": [11.75, 3.5, 12.75, 3.75], "texture": "#1"},
				"up": {"uv": [11.75, 3.5, 12.75, 3.75], "texture": "#1"},
				"down": {"uv": [11.75, 3.5, 12.75, 3.75], "texture": "#1"}
			}
		},
		{
			"from": [3, 22.5, 3],
			"to": [13, 30.5, 13],
			"faces": {
				"north": {"uv": [11, 2.5, 13.5, 4.5], "texture": "#1"},
				"east": {"uv": [13.5, 2.5, 16, 4.5], "texture": "#1"},
				"south": {"uv": [13.5, 2.5, 16, 4.5], "texture": "#1"},
				"west": {"uv": [13.5, 2.5, 16, 4.5], "texture": "#1"},
				"up": {"uv": [11, 0, 13.5, 2.5], "texture": "#1"},
				"down": {"uv": [13.5, 0, 16, 2.5], "texture": "#1"}
			}
		},
		{
			"name": "nose",
			"from": [7, 15, 2],
			"to": [9, 19, 4],
			"faces": {
				"north": {"uv": [6.5, 0.5, 7, 1.5], "texture": "#1"},
				"east": {"uv": [6.5, 0.5, 7, 1.5], "texture": "#1"},
				"south": {"uv": [6.5, 0.5, 7, 1.5], "texture": "#1"},
				"west": {"uv": [6.5, 0.5, 7, 1.5], "texture": "#1"},
				"up": {"uv": [6.5, 0.5, 7, 1.5], "texture": "#1"},
				"down": {"uv": [6.5, 0.5, 7, 1.5], "texture": "#1"}
			}
		},
		{
			"name": "head",
			"from": [4, 16, 4],
			"to": [12, 27, 12],
			"faces": {
				"north": {"uv": [2, 2, 4, 4.5], "texture": "#1"},
				"east": {"uv": [0, 2, 2, 4.5], "texture": "#1"},
				"south": {"uv": [6, 2, 8, 4.5], "texture": "#1"},
				"west": {"uv": [4, 2, 6, 4.5], "texture": "#1"},
				"up": {"uv": [2, 0, 4, 2], "texture": "#1"},
				"down": {"uv": [4, 0, 6, 2], "texture": "#1"}
			}
		}
	],
	"display": {
		"head": {
			"translation": [0, -19.25, 0],
			"scale": [1.6, 1.6, 1.6]
		}
	},
	"groups": [
		{
			"name": "head",
			"children": [0, 1, 2, 3]
		}
	]
}