{
    "credit": "Made By BronGhast014 with Blockbench", 
    "textures": {
        "main": "mobs/animations/worlock/spell1"
    }, 
    "elements": [
        {
            "name": "body", 
            "from": [ 4, 4, 4.5 ], 
            "to":   [ 12, 16, 11.5 ], 
            "faces": {
                "north": { "uv": [ 1.375, 1.625, 1.875, 2.375 ], "texture": "#main" }, 
                "east":  { "uv": [ 1, 1.625, 1.375, 2.375 ], "texture": "#main" }, 
                "south": { "uv": [ 2.25, 1.625, 2.75, 2.375 ], "texture": "#main" }, 
                "west":  { "uv": [ 1.875, 1.625, 2.3125, 2.375 ], "texture": "#main" }, 
                "up":    { "uv": [ 1.375, 1.25, 1.875, 1.625 ], "texture": "#main" }, 
                "down":  { "uv": [ 1.875, 1.25, 2.375, 1.625 ], "texture": "#main" }
            }
        }, 
        {
            "name": "body", 
            "from": [ 3.9, -1.1, 4.4 ], 
            "to":   [ 12.1, 16.1, 11.6 ], 
            "faces": {
                "north": { "uv": [ 0.375, 2.75, 0.875, 3.875 ], "texture": "#main" }, 
                "east":  { "uv": [ 0, 2.75, 0.375, 3.875 ], "texture": "#main" }, 
                "south": { "uv": [ 1.25, 2.75, 1.75, 3.875 ], "texture": "#main" }, 
                "west":  { "uv": [ 0.875, 2.75, 1.3125, 3.875 ], "texture": "#main" }, 
                "up":    { "uv": [ 0.375, 2.375, 0.875, 2.75 ], "texture": "#main" }, 
                "down":  { "uv": [ 1.8125, 2.75, 2.3125, 3.125 ], "texture": "#main" }
            }
        }, 
        {
            "name": "leg", 
            "from": [ 8, -8, 6 ], 
            "to":   [ 12, 4, 10 ], 
            "faces": {
                "north": { "uv": [ 0.25, 1.625, 0.5, 2.375 ], "texture": "#main" }, 
                "east":  { "uv": [ 0, 1.625, 0.25, 2.375 ], "texture": "#main" }, 
                "south": { "uv": [ 0.75, 1.625, 1, 2.375 ], "texture": "#main" }, 
                "west":  { "uv": [ 0.5, 1.625, 0.75, 2.375 ], "texture": "#main" }, 
                "up":    { "uv": [ 0, 1.625, 0.25, 2.375 ], "texture": "#main" }, 
                "down":  { "uv": [ 0.5, 1.375, 0.75, 1.625 ], "texture": "#main" }
            }
        }, 
        {
            "name": "leg", 
            "from": [ 4, -8, 6 ], 
            "to":   [ 8, 4, 10 ], 
            "faces": {
                "north": { "uv": [ 0.25, 1.625, 0.5, 2.375 ], "texture": "#main" }, 
                "east":  { "uv": [ 0, 1.625, 0.25, 2.375 ], "texture": "#main" }, 
                "south": { "uv": [ 0.75, 1.625, 1, 2.375 ], "texture": "#main" }, 
                "west":  { "uv": [ 0.5, 1.625, 0.75, 2.375 ], "texture": "#main" }, 
                "up":    { "uv": [ 0, 1.625, 0.25, 2.375 ], "texture": "#main" }, 
                "down":  { "uv": [ 0.5, 1.375, 0.75, 1.625 ], "texture": "#main" }
            }
        }, 
        {
            "name": "robe", 
            "from": [ 3.5, -3.1, 4.3 ], 
            "to":   [ 12.5, 16.1, 11.7 ], 
            "faces": {
                "north": { "uv": [ 0.375, 2.75, 0.875, 4 ], "texture": "#main" }, 
                "east":  { "uv": [ 0, 2.75, 0.375, 4 ], "texture": "#main" }, 
                "south": { "uv": [ 1.25, 2.75, 1.75, 4 ], "texture": "#main" }, 
                "west":  { "uv": [ 0.875, 2.75, 1.3125, 4 ], "texture": "#main" }, 
                "up":    { "uv": [ 0.375, 2.375, 0.875, 2.75 ], "texture": "#main" }, 
                "down":  { "uv": [ 1.8125, 2.75, 2.3125, 3.125 ], "texture": "#main" }
            }
        }, 
        {
            "name": "sholder cap", 
            "from": [ -0.15, 13.25, 5.9 ], 
            "to":   [ 2.85, 16.25, 10.2 ], 
            "faces": {
                "north": { "uv": [ 2.9375, 0.875, 3.125, 0.6875 ], "rotation":180, "texture": "#main" }, 
                "east":  { "uv": [ 2.9375, 0.6875, 3.125, 0.875 ], "rotation":180, "texture": "#main" }, 
                "south": { "uv": [ 3, 0.75, 3.1875, 0.9375 ], "rotation":180, "texture": "#main" }, 
                "west":  { "uv": [ 3.1875, 0.875, 2.9375, 0.6875 ], "rotation":180, "texture": "#main" }, 
                "up":    { "uv": [ 2.9375, 0.6875, 3.125, 0.9375 ], "texture": "#main" }, 
                "down":  { "uv": [ 2.9375, 0.6875, 3.125, 0.875 ], "texture": "#main" }
            }
        }, 
        {
            "name": "leg", 
            "from": [ 0, 4, 6 ], 
            "to":   [ 4, 16, 10 ], 
            "faces": {
                "north": { "uv": [ 3, 1.625, 3.25, 2.375 ], "texture": "#main" }, 
                "east":  { "uv": [ 2.75, 1.625, 3, 2.375 ], "texture": "#main" }, 
                "south": { "uv": [ 3.5, 1.625, 3.75, 2.375 ], "texture": "#main" }, 
                "west":  { "uv": [ 3.25, 1.625, 3.5, 2.375 ], "texture": "#main" }, 
                "up":    { "uv": [ 3, 1.375, 3.25, 1.625 ], "texture": "#main" }, 
                "down":  { "uv": [ 2.75, 1.375, 3, 1.625 ], "texture": "#main" }
            }
        }, 
        {
            "name": "sleeve", 
            "from": [ -0.1, 6.5, 5.9 ], 
            "to":   [ 4.1, 7.5, 10.1 ], 
            "faces": {
                "north": { "uv": [ 3.375, 2.375, 3.4375, 2.625 ], "rotation":270, "texture": "#main" }, 
                "east":  { "uv": [ 3.375, 2.375, 3.4375, 2.625 ], "rotation":270, "texture": "#main" }, 
                "south": { "uv": [ 3.375, 2.375, 3.4375, 2.625 ], "rotation":270, "texture": "#main" }, 
                "west":  { "uv": [ 3.375, 2.375, 3.4375, 2.625 ], "rotation":90, "texture": "#main" }, 
                "up":    { "uv": [ 3.375, 2.375, 3.4375, 2.625 ], "rotation":270, "texture": "#main" }, 
                "down":  { "uv": [ 3.375, 2.375, 3.4375, 2.625 ], "rotation":270, "texture": "#main" }
            }
        }, 
        {
            "name": "sholder cap", 
            "from": [ 13.15, 13.25, 5.9 ], 
            "to":   [ 16.15, 16.25, 10.2 ], 
            "faces": {
                "north": { "uv": [ 3.125, 0.875, 2.9375, 0.6875 ], "rotation":180, "texture": "#main" }, 
                "east":  { "uv": [ 2.9375, 0.875, 3.125, 0.6875 ], "rotation":180, "texture": "#main" }, 
                "south": { "uv": [ 3, 0.75, 3.1875, 0.9375 ], "rotation":180, "texture": "#main" }, 
                "west":  { "uv": [ 3.1875, 0.875, 2.9375, 0.6875 ], "rotation":180, "texture": "#main" }, 
                "up":    { "uv": [ 3.125, 0.6875, 2.9375, 0.9375 ], "texture": "#main" }, 
                "down":  { "uv": [ 2.9375, 0.6875, 3.125, 0.875 ], "texture": "#main" }
            }
        }, 
        {
            "name": "leg", 
            "from": [ 12, 4, 6 ], 
            "to":   [ 16, 16, 10 ], 
            "faces": {
                "north": { "uv": [ 3.25, 1.625, 3, 2.375 ], "texture": "#main" }, 
                "east":  { "uv": [ 2.75, 1.625, 3, 2.375 ], "texture": "#main" }, 
                "south": { "uv": [ 3.75, 1.625, 3.5, 2.375 ], "texture": "#main" }, 
                "west":  { "uv": [ 3.25, 1.625, 3.5, 2.375 ], "texture": "#main" }, 
                "up":    { "uv": [ 3, 1.375, 3.25, 1.625 ], "texture": "#main" }, 
                "down":  { "uv": [ 2.75, 1.375, 3, 1.625 ], "texture": "#main" }
            }
        }, 
        {
            "name": "sleeve", 
            "from": [ 11.9, 6.5, 5.9 ], 
            "to":   [ 16.1, 7.5, 10.1 ], 
            "faces": {
                "north": { "uv": [ 3.375, 2.375, 3.4375, 2.625 ], "rotation":270, "texture": "#main" }, 
                "east":  { "uv": [ 3.375, 2.375, 3.4375, 2.625 ], "rotation":270, "texture": "#main" }, 
                "south": { "uv": [ 3.375, 2.375, 3.4375, 2.625 ], "rotation":270, "texture": "#main" }, 
                "west":  { "uv": [ 3.375, 2.375, 3.4375, 2.625 ], "rotation":90, "texture": "#main" }, 
                "up":    { "uv": [ 3.375, 2.375, 3.4375, 2.625 ], "rotation":270, "texture": "#main" }, 
                "down":  { "uv": [ 3.375, 2.375, 3.4375, 2.625 ], "rotation":270, "texture": "#main" }
            }
        }, 
        {
            "name": "body", 
            "from": [ 4, 4, 4.5 ], 
            "to":   [ 12, 16, 11.5 ], 
            "faces": {
                "north": { "uv": [ 5.375, 1.625, 5.875, 2.375 ], "texture": "#main" }, 
                "east":  { "uv": [ 5, 1.625, 5.375, 2.375 ], "texture": "#main" }, 
                "south": { "uv": [ 6.25, 1.625, 6.75, 2.375 ], "texture": "#main" }, 
                "west":  { "uv": [ 5.875, 1.625, 6.3125, 2.375 ], "texture": "#main" }, 
                "up":    { "uv": [ 5.375, 1.25, 5.875, 1.625 ], "texture": "#main" }, 
                "down":  { "uv": [ 5.875, 1.25, 6.375, 1.625 ], "texture": "#main" }
            }
        }, 
        {
            "name": "body", 
            "from": [ 3.9, -1.1, 4.4 ], 
            "to":   [ 12.1, 16.1, 11.6 ], 
            "faces": {
                "north": { "uv": [ 4.375, 2.75, 4.875, 3.875 ], "texture": "#main" }, 
                "east":  { "uv": [ 4, 2.75, 4.375, 3.875 ], "texture": "#main" }, 
                "south": { "uv": [ 5.25, 2.75, 5.75, 3.875 ], "texture": "#main" }, 
                "west":  { "uv": [ 4.875, 2.75, 5.3125, 3.875 ], "texture": "#main" }, 
                "up":    { "uv": [ 4.375, 2.375, 4.875, 2.75 ], "texture": "#main" }, 
                "down":  { "uv": [ 5.8125, 2.75, 6.3125, 3.125 ], "texture": "#main" }
            }
        }, 
        {
            "name": "leg", 
            "from": [ 8, -8, 6 ], 
            "to":   [ 12, 4, 10 ], 
            "faces": {
                "north": { "uv": [ 4.25, 1.625, 4.5, 2.375 ], "texture": "#main" }, 
                "east":  { "uv": [ 4, 1.625, 4.25, 2.375 ], "texture": "#main" }, 
                "south": { "uv": [ 4.75, 1.625, 5, 2.375 ], "texture": "#main" }, 
                "west":  { "uv": [ 4.5, 1.625, 4.75, 2.375 ], "texture": "#main" }, 
                "up":    { "uv": [ 4, 1.625, 4.25, 2.375 ], "texture": "#main" }, 
                "down":  { "uv": [ 4.5, 1.375, 4.75, 1.625 ], "texture": "#main" }
            }
        }, 
        {
            "name": "leg", 
            "from": [ 4, -8, 6 ], 
            "to":   [ 8, 4, 10 ], 
            "faces": {
                "north": { "uv": [ 4.25, 1.625, 4.5, 2.375 ], "texture": "#main" }, 
                "east":  { "uv": [ 4, 1.625, 4.25, 2.375 ], "texture": "#main" }, 
                "south": { "uv": [ 4.75, 1.625, 5, 2.375 ], "texture": "#main" }, 
                "west":  { "uv": [ 4.5, 1.625, 4.75, 2.375 ], "texture": "#main" }, 
                "up":    { "uv": [ 4, 1.625, 4.25, 2.375 ], "texture": "#main" }, 
                "down":  { "uv": [ 4.5, 1.375, 4.75, 1.625 ], "texture": "#main" }
            }
        }, 
        {
            "name": "robe", 
            "from": [ 3.5, -3.1, 4.3 ], 
            "to":   [ 12.5, 16.1, 11.7 ], 
            "faces": {
                "north": { "uv": [ 4.375, 2.75, 4.875, 4 ], "texture": "#main" }, 
                "east":  { "uv": [ 4, 2.75, 4.375, 4 ], "texture": "#main" }, 
                "south": { "uv": [ 5.25, 2.75, 5.75, 4 ], "texture": "#main" }, 
                "west":  { "uv": [ 4.875, 2.75, 5.3125, 4 ], "texture": "#main" }, 
                "up":    { "uv": [ 4.375, 2.375, 4.875, 2.75 ], "texture": "#main" }, 
                "down":  { "uv": [ 5.8125, 2.75, 6.3125, 3.125 ], "texture": "#main" }
            }
        }, 
        {
            "name": "sholder cap", 
            "from": [ -0.15, 13.25, 5.9 ], 
            "to":   [ 2.85, 16.25, 10.2 ], 
            "rotation": { "angle": 22.5, "axis": "x", "origin": [4, 14, 8] }, 
            "faces": {
                "north": { "uv": [ 6.9375, 0.875, 7.125, 0.6875 ], "rotation":180, "texture": "#main" }, 
                "east":  { "uv": [ 6.9375, 0.6875, 7.125, 0.875 ], "rotation":180, "texture": "#main" }, 
                "south": { "uv": [ 7, 0.75, 7.1875, 0.9375 ], "rotation":180, "texture": "#main" }, 
                "west":  { "uv": [ 7.1875, 0.875, 6.9375, 0.6875 ], "rotation":180, "texture": "#main" }, 
                "up":    { "uv": [ 6.9375, 0.6875, 7.125, 0.9375 ], "texture": "#main" }, 
                "down":  { "uv": [ 6.9375, 0.6875, 7.125, 0.875 ], "texture": "#main" }
            }
        }, 
        {
            "name": "leg", 
            "from": [ 0, 4, 6 ], 
            "to":   [ 4, 16, 10 ], 
            "rotation": { "angle": 22.5, "axis": "x", "origin": [4, 14, 8] }, 
            "faces": {
                "north": { "uv": [ 7, 1.625, 7.25, 2.375 ], "texture": "#main" }, 
                "east":  { "uv": [ 6.75, 1.625, 7, 2.375 ], "texture": "#main" }, 
                "south": { "uv": [ 7.5, 1.625, 7.75, 2.375 ], "texture": "#main" }, 
                "west":  { "uv": [ 7.25, 1.625, 7.5, 2.375 ], "texture": "#main" }, 
                "up":    { "uv": [ 7, 1.375, 7.25, 1.625 ], "texture": "#main" }, 
                "down":  { "uv": [ 6.75, 1.375, 7, 1.625 ], "texture": "#main" }
            }
        }, 
        {
            "name": "sleeve", 
            "from": [ -0.1, 6.5, 5.9 ], 
            "to":   [ 4.1, 7.5, 10.1 ], 
            "rotation": { "angle": 22.5, "axis": "x", "origin": [4, 14, 8] }, 
            "faces": {
                "north": { "uv": [ 7.375, 2.375, 7.4375, 2.625 ], "rotation":270, "texture": "#main" }, 
                "east":  { "uv": [ 7.375, 2.375, 7.4375, 2.625 ], "rotation":270, "texture": "#main" }, 
                "south": { "uv": [ 7.375, 2.375, 7.4375, 2.625 ], "rotation":270, "texture": "#main" }, 
                "west":  { "uv": [ 7.375, 2.375, 7.4375, 2.625 ], "rotation":90, "texture": "#main" }, 
                "up":    { "uv": [ 7.375, 2.375, 7.4375, 2.625 ], "rotation":270, "texture": "#main" }, 
                "down":  { "uv": [ 7.375, 2.375, 7.4375, 2.625 ], "rotation":270, "texture": "#main" }
            }
        }, 
        {
            "name": "sholder cap", 
            "from": [ 13.15, 13.25, 5.9 ], 
            "to":   [ 16.15, 16.25, 10.2 ], 
            "rotation": { "angle": 22.5, "axis": "x", "origin": [12, 14, 8] }, 
            "faces": {
                "north": { "uv": [ 7.125, 0.875, 6.9375, 0.6875 ], "rotation":180, "texture": "#main" }, 
                "east":  { "uv": [ 6.9375, 0.875, 7.125, 0.6875 ], "rotation":180, "texture": "#main" }, 
                "south": { "uv": [ 7, 0.75, 7.1875, 0.9375 ], "rotation":180, "texture": "#main" }, 
                "west":  { "uv": [ 7.1875, 0.875, 6.9375, 0.6875 ], "rotation":180, "texture": "#main" }, 
                "up":    { "uv": [ 7.125, 0.6875, 6.9375, 0.9375 ], "texture": "#main" }, 
                "down":  { "uv": [ 6.9375, 0.6875, 7.125, 0.875 ], "texture": "#main" }
            }
        }, 
        {
            "name": "leg", 
            "from": [ 12, 4, 6 ], 
            "to":   [ 16, 16, 10 ], 
            "rotation": { "angle": 22.5, "axis": "x", "origin": [12, 14, 8] }, 
            "faces": {
                "north": { "uv": [ 7.25, 1.625, 7, 2.375 ], "texture": "#main" }, 
                "east":  { "uv": [ 6.75, 1.625, 7, 2.375 ], "texture": "#main" }, 
                "south": { "uv": [ 7.75, 1.625, 7.5, 2.375 ], "texture": "#main" }, 
                "west":  { "uv": [ 7.25, 1.625, 7.5, 2.375 ], "texture": "#main" }, 
                "up":    { "uv": [ 7, 1.375, 7.25, 1.625 ], "texture": "#main" }, 
                "down":  { "uv": [ 6.75, 1.375, 7, 1.625 ], "texture": "#main" }
            }
        }, 
        {
            "name": "sleeve", 
            "from": [ 11.9, 6.5, 5.9 ], 
            "to":   [ 16.1, 7.5, 10.1 ], 
            "rotation": { "angle": 22.5, "axis": "x", "origin": [12, 14, 8] }, 
            "faces": {
                "north": { "uv": [ 7.375, 2.375, 7.4375, 2.625 ], "rotation":270, "texture": "#main" }, 
                "east":  { "uv": [ 7.375, 2.375, 7.4375, 2.625 ], "rotation":270, "texture": "#main" }, 
                "south": { "uv": [ 7.375, 2.375, 7.4375, 2.625 ], "rotation":270, "texture": "#main" }, 
                "west":  { "uv": [ 7.375, 2.375, 7.4375, 2.625 ], "rotation":90, "texture": "#main" }, 
                "up":    { "uv": [ 7.375, 2.375, 7.4375, 2.625 ], "rotation":270, "texture": "#main" }, 
                "down":  { "uv": [ 7.375, 2.375, 7.4375, 2.625 ], "rotation":270, "texture": "#main" }
            }
        }, 
        {
            "name": "body", 
            "from": [ 4, 4, 4.5 ], 
            "to":   [ 12, 16, 11.5 ], 
            "faces": {
                "north": { "uv": [ 9.375, 1.625, 9.875, 2.375 ], "texture": "#main" }, 
                "east":  { "uv": [ 9, 1.625, 9.375, 2.375 ], "texture": "#main" }, 
                "south": { "uv": [ 10.25, 1.625, 10.75, 2.375 ], "texture": "#main" }, 
                "west":  { "uv": [ 9.875, 1.625, 10.3125, 2.375 ], "texture": "#main" }, 
                "up":    { "uv": [ 9.375, 1.25, 9.875, 1.625 ], "texture": "#main" }, 
                "down":  { "uv": [ 9.875, 1.25, 10.375, 1.625 ], "texture": "#main" }
            }
        }, 
        {
            "name": "body", 
            "from": [ 3.9, -1.1, 4.4 ], 
            "to":   [ 12.1, 16.1, 11.6 ], 
            "faces": {
                "north": { "uv": [ 8.375, 2.75, 8.875, 3.875 ], "texture": "#main" }, 
                "east":  { "uv": [ 8, 2.75, 8.375, 3.875 ], "texture": "#main" }, 
                "south": { "uv": [ 9.25, 2.75, 9.75, 3.875 ], "texture": "#main" }, 
                "west":  { "uv": [ 8.875, 2.75, 9.3125, 3.875 ], "texture": "#main" }, 
                "up":    { "uv": [ 8.375, 2.375, 8.875, 2.75 ], "texture": "#main" }, 
                "down":  { "uv": [ 9.8125, 2.75, 10.3125, 3.125 ], "texture": "#main" }
            }
        }, 
        {
            "name": "leg", 
            "from": [ 8, -8, 6 ], 
            "to":   [ 12, 4, 10 ], 
            "faces": {
                "north": { "uv": [ 8.25, 1.625, 8.5, 2.375 ], "texture": "#main" }, 
                "east":  { "uv": [ 8, 1.625, 8.25, 2.375 ], "texture": "#main" }, 
                "south": { "uv": [ 8.75, 1.625, 9, 2.375 ], "texture": "#main" }, 
                "west":  { "uv": [ 8.5, 1.625, 8.75, 2.375 ], "texture": "#main" }, 
                "up":    { "uv": [ 8, 1.625, 8.25, 2.375 ], "texture": "#main" }, 
                "down":  { "uv": [ 8.5, 1.375, 8.75, 1.625 ], "texture": "#main" }
            }
        }, 
        {
            "name": "leg", 
            "from": [ 4, -8, 6 ], 
            "to":   [ 8, 4, 10 ], 
            "faces": {
                "north": { "uv": [ 8.25, 1.625, 8.5, 2.375 ], "texture": "#main" }, 
                "east":  { "uv": [ 8, 1.625, 8.25, 2.375 ], "texture": "#main" }, 
                "south": { "uv": [ 8.75, 1.625, 9, 2.375 ], "texture": "#main" }, 
                "west":  { "uv": [ 8.5, 1.625, 8.75, 2.375 ], "texture": "#main" }, 
                "up":    { "uv": [ 8, 1.625, 8.25, 2.375 ], "texture": "#main" }, 
                "down":  { "uv": [ 8.5, 1.375, 8.75, 1.625 ], "texture": "#main" }
            }
        }, 
        {
            "name": "robe", 
            "from": [ 3.5, -3.1, 4.3 ], 
            "to":   [ 12.5, 16.1, 11.7 ], 
            "faces": {
                "north": { "uv": [ 8.375, 2.75, 8.875, 4 ], "texture": "#main" }, 
                "east":  { "uv": [ 8, 2.75, 8.375, 4 ], "texture": "#main" }, 
                "south": { "uv": [ 9.25, 2.75, 9.75, 4 ], "texture": "#main" }, 
                "west":  { "uv": [ 8.875, 2.75, 9.3125, 4 ], "texture": "#main" }, 
                "up":    { "uv": [ 8.375, 2.375, 8.875, 2.75 ], "texture": "#main" }, 
                "down":  { "uv": [ 9.8125, 2.75, 10.3125, 3.125 ], "texture": "#main" }
            }
        }, 
        {
            "name": "sholder cap", 
            "from": [ -0.15, 13.25, 5.9 ], 
            "to":   [ 2.85, 16.25, 10.2 ], 
            "rotation": { "angle": 45, "axis": "x", "origin": [4, 14, 8] }, 
            "faces": {
                "north": { "uv": [ 10.9375, 0.875, 11.125, 0.6875 ], "rotation":180, "texture": "#main" }, 
                "east":  { "uv": [ 10.9375, 0.6875, 11.125, 0.875 ], "rotation":180, "texture": "#main" }, 
                "south": { "uv": [ 11, 0.75, 11.1875, 0.9375 ], "rotation":180, "texture": "#main" }, 
                "west":  { "uv": [ 11.1875, 0.875, 10.9375, 0.6875 ], "rotation":180, "texture": "#main" }, 
                "up":    { "uv": [ 10.9375, 0.6875, 11.125, 0.9375 ], "texture": "#main" }, 
                "down":  { "uv": [ 10.9375, 0.6875, 11.125, 0.875 ], "texture": "#main" }
            }
        }, 
        {
            "name": "leg", 
            "from": [ 0, 4, 6 ], 
            "to":   [ 4, 16, 10 ], 
            "rotation": { "angle": 45, "axis": "x", "origin": [4, 14, 8] }, 
            "faces": {
                "north": { "uv": [ 11, 1.625, 11.25, 2.375 ], "texture": "#main" }, 
                "east":  { "uv": [ 10.75, 1.625, 11, 2.375 ], "texture": "#main" }, 
                "south": { "uv": [ 11.5, 1.625, 11.75, 2.375 ], "texture": "#main" }, 
                "west":  { "uv": [ 11.25, 1.625, 11.5, 2.375 ], "texture": "#main" }, 
                "up":    { "uv": [ 11, 1.375, 11.25, 1.625 ], "texture": "#main" }, 
                "down":  { "uv": [ 10.75, 1.375, 11, 1.625 ], "texture": "#main" }
            }
        }, 
        {
            "name": "sleeve", 
            "from": [ -0.1, 6.5, 5.9 ], 
            "to":   [ 4.1, 7.5, 10.1 ], 
            "rotation": { "angle": 45, "axis": "x", "origin": [4, 14, 8] }, 
            "faces": {
                "north": { "uv": [ 11.375, 2.375, 11.4375, 2.625 ], "rotation":270, "texture": "#main" }, 
                "east":  { "uv": [ 11.375, 2.375, 11.4375, 2.625 ], "rotation":270, "texture": "#main" }, 
                "south": { "uv": [ 11.375, 2.375, 11.4375, 2.625 ], "rotation":270, "texture": "#main" }, 
                "west":  { "uv": [ 11.375, 2.375, 11.4375, 2.625 ], "rotation":90, "texture": "#main" }, 
                "up":    { "uv": [ 11.375, 2.375, 11.4375, 2.625 ], "rotation":270, "texture": "#main" }, 
                "down":  { "uv": [ 11.375, 2.375, 11.4375, 2.625 ], "rotation":270, "texture": "#main" }
            }
        }, 
        {
            "name": "sholder cap", 
            "from": [ 13.15, 13.25, 5.9 ], 
            "to":   [ 16.15, 16.25, 10.2 ], 
            "rotation": { "angle": 45, "axis": "x", "origin": [12, 14, 8] }, 
            "faces": {
                "north": { "uv": [ 11.125, 0.875, 10.9375, 0.6875 ], "rotation":180, "texture": "#main" }, 
                "east":  { "uv": [ 10.9375, 0.875, 11.125, 0.6875 ], "rotation":180, "texture": "#main" }, 
                "south": { "uv": [ 11, 0.75, 11.1875, 0.9375 ], "rotation":180, "texture": "#main" }, 
                "west":  { "uv": [ 11.1875, 0.875, 10.9375, 0.6875 ], "rotation":180, "texture": "#main" }, 
                "up":    { "uv": [ 11.125, 0.6875, 10.9375, 0.9375 ], "texture": "#main" }, 
                "down":  { "uv": [ 10.9375, 0.6875, 11.125, 0.875 ], "texture": "#main" }
            }
        }, 
        {
            "name": "leg", 
            "from": [ 12, 4, 6 ], 
            "to":   [ 16, 16, 10 ], 
            "rotation": { "angle": 45, "axis": "x", "origin": [12, 14, 8] }, 
            "faces": {
                "north": { "uv": [ 11.25, 1.625, 11, 2.375 ], "texture": "#main" }, 
                "east":  { "uv": [ 10.75, 1.625, 11, 2.375 ], "texture": "#main" }, 
                "south": { "uv": [ 11.75, 1.625, 11.5, 2.375 ], "texture": "#main" }, 
                "west":  { "uv": [ 11.25, 1.625, 11.5, 2.375 ], "texture": "#main" }, 
                "up":    { "uv": [ 11, 1.375, 11.25, 1.625 ], "texture": "#main" }, 
                "down":  { "uv": [ 10.75, 1.375, 11, 1.625 ], "texture": "#main" }
            }
        }, 
        {
            "name": "sleeve", 
            "from": [ 11.9, 6.5, 5.9 ], 
            "to":   [ 16.1, 7.5, 10.1 ], 
            "rotation": { "angle": 45, "axis": "x", "origin": [12, 14, 8] }, 
            "faces": {
                "north": { "uv": [ 11.375, 2.375, 11.4375, 2.625 ], "rotation":270, "texture": "#main" }, 
                "east":  { "uv": [ 11.375, 2.375, 11.4375, 2.625 ], "rotation":270, "texture": "#main" }, 
                "south": { "uv": [ 11.375, 2.375, 11.4375, 2.625 ], "rotation":270, "texture": "#main" }, 
                "west":  { "uv": [ 11.375, 2.375, 11.4375, 2.625 ], "rotation":90, "texture": "#main" }, 
                "up":    { "uv": [ 11.375, 2.375, 11.4375, 2.625 ], "rotation":270, "texture": "#main" }, 
                "down":  { "uv": [ 11.375, 2.375, 11.4375, 2.625 ], "rotation":270, "texture": "#main" }
            }
        }, 
        {
            "name": "body", 
            "from": [ 4, 4, 4.5 ], 
            "to":   [ 12, 16, 11.5 ], 
            "faces": {
                "north": { "uv": [ 13.375, 1.625, 13.875, 2.375 ], "texture": "#main" }, 
                "east":  { "uv": [ 13, 1.625, 13.375, 2.375 ], "texture": "#main" }, 
                "south": { "uv": [ 14.25, 1.625, 14.75, 2.375 ], "texture": "#main" }, 
                "west":  { "uv": [ 13.875, 1.625, 14.3125, 2.375 ], "texture": "#main" }, 
                "up":    { "uv": [ 13.375, 1.25, 13.875, 1.625 ], "texture": "#main" }, 
                "down":  { "uv": [ 13.875, 1.25, 14.375, 1.625 ], "texture": "#main" }
            }
        }, 
        {
            "name": "body", 
            "from": [ 3.9, -1.1, 4.4 ], 
            "to":   [ 12.1, 16.1, 11.6 ], 
            "faces": {
                "north": { "uv": [ 12.375, 2.75, 12.875, 3.875 ], "texture": "#main" }, 
                "east":  { "uv": [ 12, 2.75, 12.375, 3.875 ], "texture": "#main" }, 
                "south": { "uv": [ 13.25, 2.75, 13.75, 3.875 ], "texture": "#main" }, 
                "west":  { "uv": [ 12.875, 2.75, 13.3125, 3.875 ], "texture": "#main" }, 
                "up":    { "uv": [ 12.375, 2.375, 12.875, 2.75 ], "texture": "#main" }, 
                "down":  { "uv": [ 13.8125, 2.75, 14.3125, 3.125 ], "texture": "#main" }
            }
        }, 
        {
            "name": "leg", 
            "from": [ 8, -8, 6 ], 
            "to":   [ 12, 4, 10 ], 
            "faces": {
                "north": { "uv": [ 12.25, 1.625, 12.5, 2.375 ], "texture": "#main" }, 
                "east":  { "uv": [ 12, 1.625, 12.25, 2.375 ], "texture": "#main" }, 
                "south": { "uv": [ 12.75, 1.625, 13, 2.375 ], "texture": "#main" }, 
                "west":  { "uv": [ 12.5, 1.625, 12.75, 2.375 ], "texture": "#main" }, 
                "up":    { "uv": [ 12, 1.625, 12.25, 2.375 ], "texture": "#main" }, 
                "down":  { "uv": [ 12.5, 1.375, 12.75, 1.625 ], "texture": "#main" }
            }
        }, 
        {
            "name": "leg", 
            "from": [ 4, -8, 6 ], 
            "to":   [ 8, 4, 10 ], 
            "faces": {
                "north": { "uv": [ 12.25, 1.625, 12.5, 2.375 ], "texture": "#main" }, 
                "east":  { "uv": [ 12, 1.625, 12.25, 2.375 ], "texture": "#main" }, 
                "south": { "uv": [ 12.75, 1.625, 13, 2.375 ], "texture": "#main" }, 
                "west":  { "uv": [ 12.5, 1.625, 12.75, 2.375 ], "texture": "#main" }, 
                "up":    { "uv": [ 12, 1.625, 12.25, 2.375 ], "texture": "#main" }, 
                "down":  { "uv": [ 12.5, 1.375, 12.75, 1.625 ], "texture": "#main" }
            }
        }, 
        {
            "name": "robe", 
            "from": [ 3.5, -3.1, 4.3 ], 
            "to":   [ 12.5, 16.1, 11.7 ], 
            "faces": {
                "north": { "uv": [ 12.375, 2.75, 12.875, 4 ], "texture": "#main" }, 
                "east":  { "uv": [ 12, 2.75, 12.375, 4 ], "texture": "#main" }, 
                "south": { "uv": [ 13.25, 2.75, 13.75, 4 ], "texture": "#main" }, 
                "west":  { "uv": [ 12.875, 2.75, 13.3125, 4 ], "texture": "#main" }, 
                "up":    { "uv": [ 12.375, 2.375, 12.875, 2.75 ], "texture": "#main" }, 
                "down":  { "uv": [ 13.8125, 2.75, 14.3125, 3.125 ], "texture": "#main" }
            }
        }, 
        {
            "name": "sholder cap", 
            "from": [ -0.15, 11.8, 7.25 ], 
            "to":   [ 2.85, 16.1, 10.25 ], 
            "rotation": { "angle": -22.5, "axis": "x", "origin": [4, 14, 8] }, 
            "faces": {
                "north": { "uv": [ 14.9375, 0.6875, 15.125, 0.875 ], "rotation":180, "texture": "#main" }, 
                "east":  { "uv": [ 14.9375, 0.6875, 15.125, 0.875 ], "rotation":90, "texture": "#main" }, 
                "south": { "uv": [ 14.9375, 0.6875, 15.125, 0.9375 ], "texture": "#main" }, 
                "west":  { "uv": [ 15.1875, 0.875, 14.9375, 0.6875 ], "rotation":270, "texture": "#main" }, 
                "up":    { "uv": [ 14.9375, 0.875, 15.125, 0.6875 ], "texture": "#main" }, 
                "down":  { "uv": [ 15, 0.75, 15.1875, 0.9375 ], "rotation":180, "texture": "#main" }
            }
        }, 
        {
            "name": "leg", 
            "from": [ 0, 12, -2 ], 
            "to":   [ 4, 16, 10 ], 
            "rotation": { "angle": -22.5, "axis": "x", "origin": [4, 14, 8] }, 
            "faces": {
                "north": { "uv": [ 14.75, 1.375, 15, 1.625 ], "rotation":180, "texture": "#main" }, 
                "east":  { "uv": [ 14.75, 1.625, 15, 2.375 ], "rotation":270, "texture": "#main" }, 
                "south": { "uv": [ 15, 1.375, 15.25, 1.625 ], "texture": "#main" }, 
                "west":  { "uv": [ 15.25, 1.625, 15.5, 2.375 ], "rotation":90, "texture": "#main" }, 
                "up":    { "uv": [ 15, 1.625, 15.25, 2.375 ], "rotation":180, "texture": "#main" }, 
                "down":  { "uv": [ 15.5, 1.625, 15.75, 2.375 ], "texture": "#main" }
            }
        }, 
        {
            "name": "sleeve", 
            "from": [ -0.1, 11.9, 0.5 ], 
            "to":   [ 4.1, 16.1, 1.5 ], 
            "rotation": { "angle": -22.5, "axis": "x", "origin": [4, 14, 8] }, 
            "faces": {
                "north": { "uv": [ 15.375, 2.375, 15.4375, 2.625 ], "rotation":90, "texture": "#main" }, 
                "east":  { "uv": [ 15.375, 2.375, 15.4375, 2.625 ], "rotation":180, "texture": "#main" }, 
                "south": { "uv": [ 15.375, 2.375, 15.4375, 2.625 ], "rotation":270, "texture": "#main" }, 
                "west":  { "uv": [ 15.375, 2.375, 15.4375, 2.625 ], "rotation":180, "texture": "#main" }, 
                "up":    { "uv": [ 15.375, 2.375, 15.4375, 2.625 ], "rotation":90, "texture": "#main" }, 
                "down":  { "uv": [ 15.375, 2.375, 15.4375, 2.625 ], "rotation":270, "texture": "#main" }
            }
        }, 
        {
            "name": "sholder cap", 
            "from": [ 13.15, 11.8, 7.25 ], 
            "to":   [ 16.15, 16.1, 10.25 ], 
            "rotation": { "angle": -22.5, "axis": "x", "origin": [12, 14, 8] }, 
            "faces": {
                "north": { "uv": [ 14.9375, 0.6875, 15.125, 0.875 ], "rotation":180, "texture": "#main" }, 
                "east":  { "uv": [ 14.9375, 0.875, 15.125, 0.6875 ], "rotation":90, "texture": "#main" }, 
                "south": { "uv": [ 15.125, 0.6875, 14.9375, 0.9375 ], "texture": "#main" }, 
                "west":  { "uv": [ 15.1875, 0.875, 14.9375, 0.6875 ], "rotation":270, "texture": "#main" }, 
                "up":    { "uv": [ 15.125, 0.875, 14.9375, 0.6875 ], "texture": "#main" }, 
                "down":  { "uv": [ 15, 0.75, 15.1875, 0.9375 ], "rotation":180, "texture": "#main" }
            }
        }, 
        {
            "name": "leg", 
            "from": [ 12, 12, -2 ], 
            "to":   [ 16, 16, 10 ], 
            "rotation": { "angle": -22.5, "axis": "x", "origin": [12, 14, 8] }, 
            "faces": {
                "north": { "uv": [ 14.75, 1.375, 15, 1.625 ], "rotation":180, "texture": "#main" }, 
                "east":  { "uv": [ 14.75, 1.625, 15, 2.375 ], "rotation":270, "texture": "#main" }, 
                "south": { "uv": [ 15, 1.375, 15.25, 1.625 ], "texture": "#main" }, 
                "west":  { "uv": [ 15.25, 1.625, 15.5, 2.375 ], "rotation":90, "texture": "#main" }, 
                "up":    { "uv": [ 15.25, 1.625, 15, 2.375 ], "rotation":180, "texture": "#main" }, 
                "down":  { "uv": [ 15.75, 1.625, 15.5, 2.375 ], "texture": "#main" }
            }
        }, 
        {
            "name": "sleeve", 
            "from": [ 11.9, 11.9, 0.5 ], 
            "to":   [ 16.1, 16.1, 1.5 ], 
            "rotation": { "angle": -22.5, "axis": "x", "origin": [12, 14, 8] }, 
            "faces": {
                "north": { "uv": [ 15.375, 2.375, 15.4375, 2.625 ], "rotation":90, "texture": "#main" }, 
                "east":  { "uv": [ 15.375, 2.375, 15.4375, 2.625 ], "rotation":180, "texture": "#main" }, 
                "south": { "uv": [ 15.375, 2.375, 15.4375, 2.625 ], "rotation":270, "texture": "#main" }, 
                "west":  { "uv": [ 15.375, 2.375, 15.4375, 2.625 ], "rotation":180, "texture": "#main" }, 
                "up":    { "uv": [ 15.375, 2.375, 15.4375, 2.625 ], "rotation":90, "texture": "#main" }, 
                "down":  { "uv": [ 15.375, 2.375, 15.4375, 2.625 ], "rotation":270, "texture": "#main" }
            }
        }, 
        {
            "name": "body", 
            "from": [ 4, 4, 4.5 ], 
            "to":   [ 12, 16, 11.5 ], 
            "faces": {
                "north": { "uv": [ 1.375, 5.625, 1.875, 6.375 ], "texture": "#main" }, 
                "east":  { "uv": [ 1, 5.625, 1.375, 6.375 ], "texture": "#main" }, 
                "south": { "uv": [ 2.25, 5.625, 2.75, 6.375 ], "texture": "#main" }, 
                "west":  { "uv": [ 1.875, 5.625, 2.3125, 6.375 ], "texture": "#main" }, 
                "up":    { "uv": [ 1.375, 5.25, 1.875, 5.625 ], "texture": "#main" }, 
                "down":  { "uv": [ 1.875, 5.25, 2.375, 5.625 ], "texture": "#main" }
            }
        }, 
        {
            "name": "body", 
            "from": [ 3.9, -1.1, 4.4 ], 
            "to":   [ 12.1, 16.1, 11.6 ], 
            "faces": {
                "north": { "uv": [ 0.375, 6.75, 0.875, 7.875 ], "texture": "#main" }, 
                "east":  { "uv": [ 0, 6.75, 0.375, 7.875 ], "texture": "#main" }, 
                "south": { "uv": [ 1.25, 6.75, 1.75, 7.875 ], "texture": "#main" }, 
                "west":  { "uv": [ 0.875, 6.75, 1.3125, 7.875 ], "texture": "#main" }, 
                "up":    { "uv": [ 0.375, 6.375, 0.875, 6.75 ], "texture": "#main" }, 
                "down":  { "uv": [ 1.8125, 6.75, 2.3125, 7.125 ], "texture": "#main" }
            }
        }, 
        {
            "name": "leg", 
            "from": [ 8, -8, 6 ], 
            "to":   [ 12, 4, 10 ], 
            "faces": {
                "north": { "uv": [ 0.25, 5.625, 0.5, 6.375 ], "texture": "#main" }, 
                "east":  { "uv": [ 0, 5.625, 0.25, 6.375 ], "texture": "#main" }, 
                "south": { "uv": [ 0.75, 5.625, 1, 6.375 ], "texture": "#main" }, 
                "west":  { "uv": [ 0.5, 5.625, 0.75, 6.375 ], "texture": "#main" }, 
                "up":    { "uv": [ 0, 5.625, 0.25, 6.375 ], "texture": "#main" }, 
                "down":  { "uv": [ 0.5, 5.375, 0.75, 5.625 ], "texture": "#main" }
            }
        }, 
        {
            "name": "leg", 
            "from": [ 4, -8, 6 ], 
            "to":   [ 8, 4, 10 ], 
            "faces": {
                "north": { "uv": [ 0.25, 5.625, 0.5, 6.375 ], "texture": "#main" }, 
                "east":  { "uv": [ 0, 5.625, 0.25, 6.375 ], "texture": "#main" }, 
                "south": { "uv": [ 0.75, 5.625, 1, 6.375 ], "texture": "#main" }, 
                "west":  { "uv": [ 0.5, 5.625, 0.75, 6.375 ], "texture": "#main" }, 
                "up":    { "uv": [ 0, 5.625, 0.25, 6.375 ], "texture": "#main" }, 
                "down":  { "uv": [ 0.5, 5.375, 0.75, 5.625 ], "texture": "#main" }
            }
        }, 
        {
            "name": "robe", 
            "from": [ 3.5, -3.1, 4.3 ], 
            "to":   [ 12.5, 16.1, 11.7 ], 
            "faces": {
                "north": { "uv": [ 0.375, 6.75, 0.875, 8 ], "texture": "#main" }, 
                "east":  { "uv": [ 0, 6.75, 0.375, 8 ], "texture": "#main" }, 
                "south": { "uv": [ 1.25, 6.75, 1.75, 8 ], "texture": "#main" }, 
                "west":  { "uv": [ 0.875, 6.75, 1.3125, 8 ], "texture": "#main" }, 
                "up":    { "uv": [ 0.375, 6.375, 0.875, 6.75 ], "texture": "#main" }, 
                "down":  { "uv": [ 1.8125, 6.75, 2.3125, 7.125 ], "texture": "#main" }
            }
        }, 
        {
            "name": "sholder cap", 
            "from": [ -0.15, 11.8, 7.25 ], 
            "to":   [ 2.85, 16.1, 10.25 ], 
            "faces": {
                "north": { "uv": [ 2.9375, 4.6875, 3.125, 4.875 ], "rotation":180, "texture": "#main" }, 
                "east":  { "uv": [ 2.9375, 4.6875, 3.125, 4.875 ], "rotation":90, "texture": "#main" }, 
                "south": { "uv": [ 2.9375, 4.6875, 3.125, 4.9375 ], "texture": "#main" }, 
                "west":  { "uv": [ 3.1875, 4.875, 2.9375, 4.6875 ], "rotation":270, "texture": "#main" }, 
                "up":    { "uv": [ 2.9375, 4.875, 3.125, 4.6875 ], "texture": "#main" }, 
                "down":  { "uv": [ 3, 4.75, 3.1875, 4.9375 ], "rotation":180, "texture": "#main" }
            }
        }, 
        {
            "name": "leg", 
            "from": [ 0, 12, -2 ], 
            "to":   [ 4, 16, 10 ], 
            "faces": {
                "north": { "uv": [ 2.75, 5.375, 3, 5.625 ], "rotation":180, "texture": "#main" }, 
                "east":  { "uv": [ 2.75, 5.625, 3, 6.375 ], "rotation":270, "texture": "#main" }, 
                "south": { "uv": [ 3, 5.375, 3.25, 5.625 ], "texture": "#main" }, 
                "west":  { "uv": [ 3.25, 5.625, 3.5, 6.375 ], "rotation":90, "texture": "#main" }, 
                "up":    { "uv": [ 3, 5.625, 3.25, 6.375 ], "rotation":180, "texture": "#main" }, 
                "down":  { "uv": [ 3.5, 5.625, 3.75, 6.375 ], "texture": "#main" }
            }
        }, 
        {
            "name": "sleeve", 
            "from": [ -0.1, 11.9, 0.5 ], 
            "to":   [ 4.1, 16.1, 1.5 ], 
            "faces": {
                "north": { "uv": [ 3.375, 6.375, 3.4375, 6.625 ], "rotation":90, "texture": "#main" }, 
                "east":  { "uv": [ 3.375, 6.375, 3.4375, 6.625 ], "rotation":180, "texture": "#main" }, 
                "south": { "uv": [ 3.375, 6.375, 3.4375, 6.625 ], "rotation":270, "texture": "#main" }, 
                "west":  { "uv": [ 3.375, 6.375, 3.4375, 6.625 ], "rotation":180, "texture": "#main" }, 
                "up":    { "uv": [ 3.375, 6.375, 3.4375, 6.625 ], "rotation":90, "texture": "#main" }, 
                "down":  { "uv": [ 3.375, 6.375, 3.4375, 6.625 ], "rotation":270, "texture": "#main" }
            }
        }, 
        {
            "name": "sholder cap", 
            "from": [ 13.15, 11.8, 7.25 ], 
            "to":   [ 16.15, 16.1, 10.25 ], 
            "faces": {
                "north": { "uv": [ 2.9375, 4.6875, 3.125, 4.875 ], "rotation":180, "texture": "#main" }, 
                "east":  { "uv": [ 2.9375, 4.875, 3.125, 4.6875 ], "rotation":90, "texture": "#main" }, 
                "south": { "uv": [ 3.125, 4.6875, 2.9375, 4.9375 ], "texture": "#main" }, 
                "west":  { "uv": [ 3.1875, 4.875, 2.9375, 4.6875 ], "rotation":270, "texture": "#main" }, 
                "up":    { "uv": [ 3.125, 4.875, 2.9375, 4.6875 ], "texture": "#main" }, 
                "down":  { "uv": [ 3, 4.75, 3.1875, 4.9375 ], "rotation":180, "texture": "#main" }
            }
        }, 
        {
            "name": "leg", 
            "from": [ 12, 12, -2 ], 
            "to":   [ 16, 16, 10 ], 
            "faces": {
                "north": { "uv": [ 2.75, 5.375, 3, 5.625 ], "rotation":180, "texture": "#main" }, 
                "east":  { "uv": [ 2.75, 5.625, 3, 6.375 ], "rotation":270, "texture": "#main" }, 
                "south": { "uv": [ 3, 5.375, 3.25, 5.625 ], "texture": "#main" }, 
                "west":  { "uv": [ 3.25, 5.625, 3.5, 6.375 ], "rotation":90, "texture": "#main" }, 
                "up":    { "uv": [ 3.25, 5.625, 3, 6.375 ], "rotation":180, "texture": "#main" }, 
                "down":  { "uv": [ 3.75, 5.625, 3.5, 6.375 ], "texture": "#main" }
            }
        }, 
        {
            "name": "sleeve", 
            "from": [ 11.9, 11.9, 0.5 ], 
            "to":   [ 16.1, 16.1, 1.5 ], 
            "faces": {
                "north": { "uv": [ 3.375, 6.375, 3.4375, 6.625 ], "rotation":90, "texture": "#main" }, 
                "east":  { "uv": [ 3.375, 6.375, 3.4375, 6.625 ], "rotation":180, "texture": "#main" }, 
                "south": { "uv": [ 3.375, 6.375, 3.4375, 6.625 ], "rotation":270, "texture": "#main" }, 
                "west":  { "uv": [ 3.375, 6.375, 3.4375, 6.625 ], "rotation":180, "texture": "#main" }, 
                "up":    { "uv": [ 3.375, 6.375, 3.4375, 6.625 ], "rotation":90, "texture": "#main" }, 
                "down":  { "uv": [ 3.375, 6.375, 3.4375, 6.625 ], "rotation":270, "texture": "#main" }
            }
        }, 
        {
            "name": "body", 
            "from": [ 4, 4, 4.5 ], 
            "to":   [ 12, 16, 11.5 ], 
            "faces": {
                "north": { "uv": [ 5.375, 5.625, 5.875, 6.375 ], "texture": "#main" }, 
                "east":  { "uv": [ 5, 5.625, 5.375, 6.375 ], "texture": "#main" }, 
                "south": { "uv": [ 6.25, 5.625, 6.75, 6.375 ], "texture": "#main" }, 
                "west":  { "uv": [ 5.875, 5.625, 6.3125, 6.375 ], "texture": "#main" }, 
                "up":    { "uv": [ 5.375, 5.25, 5.875, 5.625 ], "texture": "#main" }, 
                "down":  { "uv": [ 5.875, 5.25, 6.375, 5.625 ], "texture": "#main" }
            }
        }, 
        {
            "name": "body", 
            "from": [ 3.9, -1.1, 4.4 ], 
            "to":   [ 12.1, 16.1, 11.6 ], 
            "faces": {
                "north": { "uv": [ 4.375, 6.75, 4.875, 7.875 ], "texture": "#main" }, 
                "east":  { "uv": [ 4, 6.75, 4.375, 7.875 ], "texture": "#main" }, 
                "south": { "uv": [ 5.25, 6.75, 5.75, 7.875 ], "texture": "#main" }, 
                "west":  { "uv": [ 4.875, 6.75, 5.3125, 7.875 ], "texture": "#main" }, 
                "up":    { "uv": [ 4.375, 6.375, 4.875, 6.75 ], "texture": "#main" }, 
                "down":  { "uv": [ 5.8125, 6.75, 6.3125, 7.125 ], "texture": "#main" }
            }
        }, 
        {
            "name": "leg", 
            "from": [ 8, -8, 6 ], 
            "to":   [ 12, 4, 10 ], 
            "faces": {
                "north": { "uv": [ 4.25, 5.625, 4.5, 6.375 ], "texture": "#main" }, 
                "east":  { "uv": [ 4, 5.625, 4.25, 6.375 ], "texture": "#main" }, 
                "south": { "uv": [ 4.75, 5.625, 5, 6.375 ], "texture": "#main" }, 
                "west":  { "uv": [ 4.5, 5.625, 4.75, 6.375 ], "texture": "#main" }, 
                "up":    { "uv": [ 4, 5.625, 4.25, 6.375 ], "texture": "#main" }, 
                "down":  { "uv": [ 4.5, 5.375, 4.75, 5.625 ], "texture": "#main" }
            }
        }, 
        {
            "name": "leg", 
            "from": [ 4, -8, 6 ], 
            "to":   [ 8, 4, 10 ], 
            "faces": {
                "north": { "uv": [ 4.25, 5.625, 4.5, 6.375 ], "texture": "#main" }, 
                "east":  { "uv": [ 4, 5.625, 4.25, 6.375 ], "texture": "#main" }, 
                "south": { "uv": [ 4.75, 5.625, 5, 6.375 ], "texture": "#main" }, 
                "west":  { "uv": [ 4.5, 5.625, 4.75, 6.375 ], "texture": "#main" }, 
                "up":    { "uv": [ 4, 5.625, 4.25, 6.375 ], "texture": "#main" }, 
                "down":  { "uv": [ 4.5, 5.375, 4.75, 5.625 ], "texture": "#main" }
            }
        }, 
        {
            "name": "robe", 
            "from": [ 3.5, -3.1, 4.3 ], 
            "to":   [ 12.5, 16.1, 11.7 ], 
            "faces": {
                "north": { "uv": [ 4.375, 6.75, 4.875, 8 ], "texture": "#main" }, 
                "east":  { "uv": [ 4, 6.75, 4.375, 8 ], "texture": "#main" }, 
                "south": { "uv": [ 5.25, 6.75, 5.75, 8 ], "texture": "#main" }, 
                "west":  { "uv": [ 4.875, 6.75, 5.3125, 8 ], "texture": "#main" }, 
                "up":    { "uv": [ 4.375, 6.375, 4.875, 6.75 ], "texture": "#main" }, 
                "down":  { "uv": [ 5.8125, 6.75, 6.3125, 7.125 ], "texture": "#main" }
            }
        }, 
        {
            "name": "sholder cap", 
            "from": [ -0.15, 11.8, 7.25 ], 
            "to":   [ 2.85, 16.1, 10.25 ], 
            "rotation": { "angle": 22.5, "axis": "x", "origin": [4, 14, 8] }, 
            "faces": {
                "north": { "uv": [ 6.9375, 4.6875, 7.125, 4.875 ], "rotation":180, "texture": "#main" }, 
                "east":  { "uv": [ 6.9375, 4.6875, 7.125, 4.875 ], "rotation":90, "texture": "#main" }, 
                "south": { "uv": [ 6.9375, 4.6875, 7.125, 4.9375 ], "texture": "#main" }, 
                "west":  { "uv": [ 7.1875, 4.875, 6.9375, 4.6875 ], "rotation":270, "texture": "#main" }, 
                "up":    { "uv": [ 6.9375, 4.875, 7.125, 4.6875 ], "texture": "#main" }, 
                "down":  { "uv": [ 7, 4.75, 7.1875, 4.9375 ], "rotation":180, "texture": "#main" }
            }
        }, 
        {
            "name": "leg", 
            "from": [ 0, 12, -2 ], 
            "to":   [ 4, 16, 10 ], 
            "rotation": { "angle": 22.5, "axis": "x", "origin": [4, 14, 8] }, 
            "faces": {
                "north": { "uv": [ 6.75, 5.375, 7, 5.625 ], "rotation":180, "texture": "#main" }, 
                "east":  { "uv": [ 6.75, 5.625, 7, 6.375 ], "rotation":270, "texture": "#main" }, 
                "south": { "uv": [ 7, 5.375, 7.25, 5.625 ], "texture": "#main" }, 
                "west":  { "uv": [ 7.25, 5.625, 7.5, 6.375 ], "rotation":90, "texture": "#main" }, 
                "up":    { "uv": [ 7, 5.625, 7.25, 6.375 ], "rotation":180, "texture": "#main" }, 
                "down":  { "uv": [ 7.5, 5.625, 7.75, 6.375 ], "texture": "#main" }
            }
        }, 
        {
            "name": "sleeve", 
            "from": [ -0.1, 11.9, 0.5 ], 
            "to":   [ 4.1, 16.1, 1.5 ], 
            "rotation": { "angle": 22.5, "axis": "x", "origin": [4, 14, 8] }, 
            "faces": {
                "north": { "uv": [ 7.375, 6.375, 7.4375, 6.625 ], "rotation":90, "texture": "#main" }, 
                "east":  { "uv": [ 7.375, 6.375, 7.4375, 6.625 ], "rotation":180, "texture": "#main" }, 
                "south": { "uv": [ 7.375, 6.375, 7.4375, 6.625 ], "rotation":270, "texture": "#main" }, 
                "west":  { "uv": [ 7.375, 6.375, 7.4375, 6.625 ], "rotation":180, "texture": "#main" }, 
                "up":    { "uv": [ 7.375, 6.375, 7.4375, 6.625 ], "rotation":90, "texture": "#main" }, 
                "down":  { "uv": [ 7.375, 6.375, 7.4375, 6.625 ], "rotation":270, "texture": "#main" }
            }
        }, 
        {
            "name": "sholder cap", 
            "from": [ 13.15, 11.8, 7.25 ], 
            "to":   [ 16.15, 16.1, 10.25 ], 
            "rotation": { "angle": 22.5, "axis": "x", "origin": [12, 14, 8] }, 
            "faces": {
                "north": { "uv": [ 6.9375, 4.6875, 7.125, 4.875 ], "rotation":180, "texture": "#main" }, 
                "east":  { "uv": [ 6.9375, 4.875, 7.125, 4.6875 ], "rotation":90, "texture": "#main" }, 
                "south": { "uv": [ 7.125, 4.6875, 6.9375, 4.9375 ], "texture": "#main" }, 
                "west":  { "uv": [ 7.1875, 4.875, 6.9375, 4.6875 ], "rotation":270, "texture": "#main" }, 
                "up":    { "uv": [ 7.125, 4.875, 6.9375, 4.6875 ], "texture": "#main" }, 
                "down":  { "uv": [ 7, 4.75, 7.1875, 4.9375 ], "rotation":180, "texture": "#main" }
            }
        }, 
        {
            "name": "leg", 
            "from": [ 12, 12, -2 ], 
            "to":   [ 16, 16, 10 ], 
            "rotation": { "angle": 22.5, "axis": "x", "origin": [12, 14, 8] }, 
            "faces": {
                "north": { "uv": [ 6.75, 5.375, 7, 5.625 ], "rotation":180, "texture": "#main" }, 
                "east":  { "uv": [ 6.75, 5.625, 7, 6.375 ], "rotation":270, "texture": "#main" }, 
                "south": { "uv": [ 7, 5.375, 7.25, 5.625 ], "texture": "#main" }, 
                "west":  { "uv": [ 7.25, 5.625, 7.5, 6.375 ], "rotation":90, "texture": "#main" }, 
                "up":    { "uv": [ 7.25, 5.625, 7, 6.375 ], "rotation":180, "texture": "#main" }, 
                "down":  { "uv": [ 7.75, 5.625, 7.5, 6.375 ], "texture": "#main" }
            }
        }, 
        {
            "name": "sleeve", 
            "from": [ 11.9, 11.9, 0.5 ], 
            "to":   [ 16.1, 16.1, 1.5 ], 
            "rotation": { "angle": 22.5, "axis": "x", "origin": [12, 14, 8] }, 
            "faces": {
                "north": { "uv": [ 7.375, 6.375, 7.4375, 6.625 ], "rotation":90, "texture": "#main" }, 
                "east":  { "uv": [ 7.375, 6.375, 7.4375, 6.625 ], "rotation":180, "texture": "#main" }, 
                "south": { "uv": [ 7.375, 6.375, 7.4375, 6.625 ], "rotation":270, "texture": "#main" }, 
                "west":  { "uv": [ 7.375, 6.375, 7.4375, 6.625 ], "rotation":180, "texture": "#main" }, 
                "up":    { "uv": [ 7.375, 6.375, 7.4375, 6.625 ], "rotation":90, "texture": "#main" }, 
                "down":  { "uv": [ 7.375, 6.375, 7.4375, 6.625 ], "rotation":270, "texture": "#main" }
            }
        }, 
        {
            "name": "body", 
            "from": [ 4, 4, 4.5 ], 
            "to":   [ 12, 16, 11.5 ], 
            "faces": {
                "north": { "uv": [ 9.375, 5.625, 9.875, 6.375 ], "texture": "#main" }, 
                "east":  { "uv": [ 9, 5.625, 9.375, 6.375 ], "texture": "#main" }, 
                "south": { "uv": [ 10.25, 5.625, 10.75, 6.375 ], "texture": "#main" }, 
                "west":  { "uv": [ 9.875, 5.625, 10.3125, 6.375 ], "texture": "#main" }, 
                "up":    { "uv": [ 9.375, 5.25, 9.875, 5.625 ], "texture": "#main" }, 
                "down":  { "uv": [ 9.875, 5.25, 10.375, 5.625 ], "texture": "#main" }
            }
        }, 
        {
            "name": "body", 
            "from": [ 3.9, -1.1, 4.4 ], 
            "to":   [ 12.1, 16.1, 11.6 ], 
            "faces": {
                "north": { "uv": [ 8.375, 6.75, 8.875, 7.875 ], "texture": "#main" }, 
                "east":  { "uv": [ 8, 6.75, 8.375, 7.875 ], "texture": "#main" }, 
                "south": { "uv": [ 9.25, 6.75, 9.75, 7.875 ], "texture": "#main" }, 
                "west":  { "uv": [ 8.875, 6.75, 9.3125, 7.875 ], "texture": "#main" }, 
                "up":    { "uv": [ 8.375, 6.375, 8.875, 6.75 ], "texture": "#main" }, 
                "down":  { "uv": [ 9.8125, 6.75, 10.3125, 7.125 ], "texture": "#main" }
            }
        }, 
        {
            "name": "leg", 
            "from": [ 8, -8, 6 ], 
            "to":   [ 12, 4, 10 ], 
            "faces": {
                "north": { "uv": [ 8.25, 5.625, 8.5, 6.375 ], "texture": "#main" }, 
                "east":  { "uv": [ 8, 5.625, 8.25, 6.375 ], "texture": "#main" }, 
                "south": { "uv": [ 8.75, 5.625, 9, 6.375 ], "texture": "#main" }, 
                "west":  { "uv": [ 8.5, 5.625, 8.75, 6.375 ], "texture": "#main" }, 
                "up":    { "uv": [ 8, 5.625, 8.25, 6.375 ], "texture": "#main" }, 
                "down":  { "uv": [ 8.5, 5.375, 8.75, 5.625 ], "texture": "#main" }
            }
        }, 
        {
            "name": "leg", 
            "from": [ 4, -8, 6 ], 
            "to":   [ 8, 4, 10 ], 
            "faces": {
                "north": { "uv": [ 8.25, 5.625, 8.5, 6.375 ], "texture": "#main" }, 
                "east":  { "uv": [ 8, 5.625, 8.25, 6.375 ], "texture": "#main" }, 
                "south": { "uv": [ 8.75, 5.625, 9, 6.375 ], "texture": "#main" }, 
                "west":  { "uv": [ 8.5, 5.625, 8.75, 6.375 ], "texture": "#main" }, 
                "up":    { "uv": [ 8, 5.625, 8.25, 6.375 ], "texture": "#main" }, 
                "down":  { "uv": [ 8.5, 5.375, 8.75, 5.625 ], "texture": "#main" }
            }
        }, 
        {
            "name": "robe", 
            "from": [ 3.5, -3.1, 4.3 ], 
            "to":   [ 12.5, 16.1, 11.7 ], 
            "faces": {
                "north": { "uv": [ 8.375, 6.75, 8.875, 8 ], "texture": "#main" }, 
                "east":  { "uv": [ 8, 6.75, 8.375, 8 ], "texture": "#main" }, 
                "south": { "uv": [ 9.25, 6.75, 9.75, 8 ], "texture": "#main" }, 
                "west":  { "uv": [ 8.875, 6.75, 9.3125, 8 ], "texture": "#main" }, 
                "up":    { "uv": [ 8.375, 6.375, 8.875, 6.75 ], "texture": "#main" }, 
                "down":  { "uv": [ 9.8125, 6.75, 10.3125, 7.125 ], "texture": "#main" }
            }
        }, 
        {
            "name": "sholder cap", 
            "from": [ -0.15, 11.8, 7.25 ], 
            "to":   [ 2.85, 16.1, 10.25 ], 
            "rotation": { "angle": 45, "axis": "x", "origin": [4, 14, 8] }, 
            "faces": {
                "north": { "uv": [ 10.9375, 4.6875, 11.125, 4.875 ], "rotation":180, "texture": "#main" }, 
                "east":  { "uv": [ 10.9375, 4.6875, 11.125, 4.875 ], "rotation":90, "texture": "#main" }, 
                "south": { "uv": [ 10.9375, 4.6875, 11.125, 4.9375 ], "texture": "#main" }, 
                "west":  { "uv": [ 11.1875, 4.875, 10.9375, 4.6875 ], "rotation":270, "texture": "#main" }, 
                "up":    { "uv": [ 10.9375, 4.875, 11.125, 4.6875 ], "texture": "#main" }, 
                "down":  { "uv": [ 11, 4.75, 11.1875, 4.9375 ], "rotation":180, "texture": "#main" }
            }
        }, 
        {
            "name": "leg", 
            "from": [ 0, 12, -2 ], 
            "to":   [ 4, 16, 10 ], 
            "rotation": { "angle": 45, "axis": "x", "origin": [4, 14, 8] }, 
            "faces": {
                "north": { "uv": [ 10.75, 5.375, 11, 5.625 ], "rotation":180, "texture": "#main" }, 
                "east":  { "uv": [ 10.75, 5.625, 11, 6.375 ], "rotation":270, "texture": "#main" }, 
                "south": { "uv": [ 11, 5.375, 11.25, 5.625 ], "texture": "#main" }, 
                "west":  { "uv": [ 11.25, 5.625, 11.5, 6.375 ], "rotation":90, "texture": "#main" }, 
                "up":    { "uv": [ 11, 5.625, 11.25, 6.375 ], "rotation":180, "texture": "#main" }, 
                "down":  { "uv": [ 11.5, 5.625, 11.75, 6.375 ], "texture": "#main" }
            }
        }, 
        {
            "name": "sleeve", 
            "from": [ -0.1, 11.9, 0.5 ], 
            "to":   [ 4.1, 16.1, 1.5 ], 
            "rotation": { "angle": 45, "axis": "x", "origin": [4, 14, 8] }, 
            "faces": {
                "north": { "uv": [ 11.375, 6.375, 11.4375, 6.625 ], "rotation":90, "texture": "#main" }, 
                "east":  { "uv": [ 11.375, 6.375, 11.4375, 6.625 ], "rotation":180, "texture": "#main" }, 
                "south": { "uv": [ 11.375, 6.375, 11.4375, 6.625 ], "rotation":270, "texture": "#main" }, 
                "west":  { "uv": [ 11.375, 6.375, 11.4375, 6.625 ], "rotation":180, "texture": "#main" }, 
                "up":    { "uv": [ 11.375, 6.375, 11.4375, 6.625 ], "rotation":90, "texture": "#main" }, 
                "down":  { "uv": [ 11.375, 6.375, 11.4375, 6.625 ], "rotation":270, "texture": "#main" }
            }
        }, 
        {
            "name": "sholder cap", 
            "from": [ 13.15, 11.8, 7.25 ], 
            "to":   [ 16.15, 16.1, 10.25 ], 
            "rotation": { "angle": 45, "axis": "x", "origin": [12, 14, 8] }, 
            "faces": {
                "north": { "uv": [ 10.9375, 4.6875, 11.125, 4.875 ], "rotation":180, "texture": "#main" }, 
                "east":  { "uv": [ 10.9375, 4.875, 11.125, 4.6875 ], "rotation":90, "texture": "#main" }, 
                "south": { "uv": [ 11.125, 4.6875, 10.9375, 4.9375 ], "texture": "#main" }, 
                "west":  { "uv": [ 11.1875, 4.875, 10.9375, 4.6875 ], "rotation":270, "texture": "#main" }, 
                "up":    { "uv": [ 11.125, 4.875, 10.9375, 4.6875 ], "texture": "#main" }, 
                "down":  { "uv": [ 11, 4.75, 11.1875, 4.9375 ], "rotation":180, "texture": "#main" }
            }
        }, 
        {
            "name": "leg", 
            "from": [ 12, 12, -2 ], 
            "to":   [ 16, 16, 10 ], 
            "rotation": { "angle": 45, "axis": "x", "origin": [12, 14, 8] }, 
            "faces": {
                "north": { "uv": [ 10.75, 5.375, 11, 5.625 ], "rotation":180, "texture": "#main" }, 
                "east":  { "uv": [ 10.75, 5.625, 11, 6.375 ], "rotation":270, "texture": "#main" }, 
                "south": { "uv": [ 11, 5.375, 11.25, 5.625 ], "texture": "#main" }, 
                "west":  { "uv": [ 11.25, 5.625, 11.5, 6.375 ], "rotation":90, "texture": "#main" }, 
                "up":    { "uv": [ 11.25, 5.625, 11, 6.375 ], "rotation":180, "texture": "#main" }, 
                "down":  { "uv": [ 11.75, 5.625, 11.5, 6.375 ], "texture": "#main" }
            }
        }, 
        {
            "name": "sleeve", 
            "from": [ 11.9, 11.9, 0.5 ], 
            "to":   [ 16.1, 16.1, 1.5 ], 
            "rotation": { "angle": 45, "axis": "x", "origin": [12, 14, 8] }, 
            "faces": {
                "north": { "uv": [ 11.375, 6.375, 11.4375, 6.625 ], "rotation":90, "texture": "#main" }, 
                "east":  { "uv": [ 11.375, 6.375, 11.4375, 6.625 ], "rotation":180, "texture": "#main" }, 
                "south": { "uv": [ 11.375, 6.375, 11.4375, 6.625 ], "rotation":270, "texture": "#main" }, 
                "west":  { "uv": [ 11.375, 6.375, 11.4375, 6.625 ], "rotation":180, "texture": "#main" }, 
                "up":    { "uv": [ 11.375, 6.375, 11.4375, 6.625 ], "rotation":90, "texture": "#main" }, 
                "down":  { "uv": [ 11.375, 6.375, 11.4375, 6.625 ], "rotation":270, "texture": "#main" }
            }
        }, 
        {
            "name": "body", 
            "from": [ 4, 4, 4.5 ], 
            "to":   [ 12, 16, 11.5 ], 
            "faces": {
                "north": { "uv": [ 13.375, 5.625, 13.875, 6.375 ], "texture": "#main" }, 
                "east":  { "uv": [ 13, 5.625, 13.375, 6.375 ], "texture": "#main" }, 
                "south": { "uv": [ 14.25, 5.625, 14.75, 6.375 ], "texture": "#main" }, 
                "west":  { "uv": [ 13.875, 5.625, 14.3125, 6.375 ], "texture": "#main" }, 
                "up":    { "uv": [ 13.375, 5.25, 13.875, 5.625 ], "texture": "#main" }, 
                "down":  { "uv": [ 13.875, 5.25, 14.375, 5.625 ], "texture": "#main" }
            }
        }, 
        {
            "name": "body", 
            "from": [ 3.9, -1.1, 4.4 ], 
            "to":   [ 12.1, 16.1, 11.6 ], 
            "faces": {
                "north": { "uv": [ 12.375, 6.75, 12.875, 7.875 ], "texture": "#main" }, 
                "east":  { "uv": [ 12, 6.75, 12.375, 7.875 ], "texture": "#main" }, 
                "south": { "uv": [ 13.25, 6.75, 13.75, 7.875 ], "texture": "#main" }, 
                "west":  { "uv": [ 12.875, 6.75, 13.3125, 7.875 ], "texture": "#main" }, 
                "up":    { "uv": [ 12.375, 6.375, 12.875, 6.75 ], "texture": "#main" }, 
                "down":  { "uv": [ 13.8125, 6.75, 14.3125, 7.125 ], "texture": "#main" }
            }
        }, 
        {
            "name": "leg", 
            "from": [ 8, -8, 6 ], 
            "to":   [ 12, 4, 10 ], 
            "faces": {
                "north": { "uv": [ 12.25, 5.625, 12.5, 6.375 ], "texture": "#main" }, 
                "east":  { "uv": [ 12, 5.625, 12.25, 6.375 ], "texture": "#main" }, 
                "south": { "uv": [ 12.75, 5.625, 13, 6.375 ], "texture": "#main" }, 
                "west":  { "uv": [ 12.5, 5.625, 12.75, 6.375 ], "texture": "#main" }, 
                "up":    { "uv": [ 12, 5.625, 12.25, 6.375 ], "texture": "#main" }, 
                "down":  { "uv": [ 12.5, 5.375, 12.75, 5.625 ], "texture": "#main" }
            }
        }, 
        {
            "name": "leg", 
            "from": [ 4, -8, 6 ], 
            "to":   [ 8, 4, 10 ], 
            "faces": {
                "north": { "uv": [ 12.25, 5.625, 12.5, 6.375 ], "texture": "#main" }, 
                "east":  { "uv": [ 12, 5.625, 12.25, 6.375 ], "texture": "#main" }, 
                "south": { "uv": [ 12.75, 5.625, 13, 6.375 ], "texture": "#main" }, 
                "west":  { "uv": [ 12.5, 5.625, 12.75, 6.375 ], "texture": "#main" }, 
                "up":    { "uv": [ 12, 5.625, 12.25, 6.375 ], "texture": "#main" }, 
                "down":  { "uv": [ 12.5, 5.375, 12.75, 5.625 ], "texture": "#main" }
            }
        }, 
        {
            "name": "robe", 
            "from": [ 3.5, -3.1, 4.3 ], 
            "to":   [ 12.5, 16.1, 11.7 ], 
            "faces": {
                "north": { "uv": [ 12.375, 6.75, 12.875, 8 ], "texture": "#main" }, 
                "east":  { "uv": [ 12, 6.75, 12.375, 8 ], "texture": "#main" }, 
                "south": { "uv": [ 13.25, 6.75, 13.75, 8 ], "texture": "#main" }, 
                "west":  { "uv": [ 12.875, 6.75, 13.3125, 8 ], "texture": "#main" }, 
                "up":    { "uv": [ 12.375, 6.375, 12.875, 6.75 ], "texture": "#main" }, 
                "down":  { "uv": [ 13.8125, 6.75, 14.3125, 7.125 ], "texture": "#main" }
            }
        }, 
        {
            "name": "sholder cap", 
            "from": [ -0.15, 11.75, 5.8 ], 
            "to":   [ 2.85, 14.75, 10.1 ], 
            "rotation": { "angle": -22.5, "axis": "x", "origin": [4, 14, 8] }, 
            "faces": {
                "north": { "uv": [ 15, 4.75, 15.1875, 4.9375 ], "texture": "#main" }, 
                "east":  { "uv": [ 14.9375, 4.6875, 15.125, 4.875 ], "texture": "#main" }, 
                "south": { "uv": [ 14.9375, 4.875, 15.125, 4.6875 ], "texture": "#main" }, 
                "west":  { "uv": [ 15.1875, 4.875, 14.9375, 4.6875 ], "texture": "#main" }, 
                "up":    { "uv": [ 14.9375, 4.6875, 15.125, 4.875 ], "texture": "#main" }, 
                "down":  { "uv": [ 14.9375, 4.6875, 15.125, 4.9375 ], "texture": "#main" }
            }
        }, 
        {
            "name": "leg", 
            "from": [ 0, 12, 6 ], 
            "to":   [ 4, 24, 10 ], 
            "rotation": { "angle": -22.5, "axis": "x", "origin": [4, 14, 8] }, 
            "faces": {
                "north": { "uv": [ 15.5, 5.625, 15.75, 6.375 ], "rotation":180, "texture": "#main" }, 
                "east":  { "uv": [ 14.75, 5.625, 15, 6.375 ], "rotation":180, "texture": "#main" }, 
                "south": { "uv": [ 15, 5.625, 15.25, 6.375 ], "rotation":180, "texture": "#main" }, 
                "west":  { "uv": [ 15.25, 5.625, 15.5, 6.375 ], "rotation":180, "texture": "#main" }, 
                "up":    { "uv": [ 14.75, 5.375, 15, 5.625 ], "texture": "#main" }, 
                "down":  { "uv": [ 15, 5.375, 15.25, 5.625 ], "texture": "#main" }
            }
        }, 
        {
            "name": "sleeve", 
            "from": [ -0.1, 20.5, 5.9 ], 
            "to":   [ 4.1, 21.5, 10.1 ], 
            "rotation": { "angle": -22.5, "axis": "x", "origin": [4, 14, 8] }, 
            "faces": {
                "north": { "uv": [ 15.375, 6.375, 15.4375, 6.625 ], "rotation":90, "texture": "#main" }, 
                "east":  { "uv": [ 15.375, 6.375, 15.4375, 6.625 ], "rotation":90, "texture": "#main" }, 
                "south": { "uv": [ 15.375, 6.375, 15.4375, 6.625 ], "rotation":90, "texture": "#main" }, 
                "west":  { "uv": [ 15.375, 6.375, 15.4375, 6.625 ], "rotation":270, "texture": "#main" }, 
                "up":    { "uv": [ 15.375, 6.375, 15.4375, 6.625 ], "rotation":270, "texture": "#main" }, 
                "down":  { "uv": [ 15.375, 6.375, 15.4375, 6.625 ], "rotation":270, "texture": "#main" }
            }
        }, 
        {
            "name": "sholder cap", 
            "from": [ 13.15, 11.75, 5.8 ], 
            "to":   [ 16.15, 14.75, 10.1 ], 
            "rotation": { "angle": -22.5, "axis": "x", "origin": [12, 14, 8] }, 
            "faces": {
                "north": { "uv": [ 15, 4.75, 15.1875, 4.9375 ], "texture": "#main" }, 
                "east":  { "uv": [ 14.9375, 4.875, 15.125, 4.6875 ], "texture": "#main" }, 
                "south": { "uv": [ 15.125, 4.875, 14.9375, 4.6875 ], "texture": "#main" }, 
                "west":  { "uv": [ 15.1875, 4.875, 14.9375, 4.6875 ], "texture": "#main" }, 
                "up":    { "uv": [ 14.9375, 4.6875, 15.125, 4.875 ], "texture": "#main" }, 
                "down":  { "uv": [ 15.125, 4.6875, 14.9375, 4.9375 ], "texture": "#main" }
            }
        }, 
        {
            "name": "leg", 
            "from": [ 12, 12, 6 ], 
            "to":   [ 16, 24, 10 ], 
            "rotation": { "angle": -22.5, "axis": "x", "origin": [12, 14, 8] }, 
            "faces": {
                "north": { "uv": [ 15.75, 5.625, 15.5, 6.375 ], "rotation":180, "texture": "#main" }, 
                "east":  { "uv": [ 14.75, 5.625, 15, 6.375 ], "rotation":180, "texture": "#main" }, 
                "south": { "uv": [ 15.25, 5.625, 15, 6.375 ], "rotation":180, "texture": "#main" }, 
                "west":  { "uv": [ 15.25, 5.625, 15.5, 6.375 ], "rotation":180, "texture": "#main" }, 
                "up":    { "uv": [ 14.75, 5.375, 15, 5.625 ], "texture": "#main" }, 
                "down":  { "uv": [ 15, 5.375, 15.25, 5.625 ], "texture": "#main" }
            }
        }, 
        {
            "name": "sleeve", 
            "from": [ 11.9, 20.5, 5.9 ], 
            "to":   [ 16.1, 21.5, 10.1 ], 
            "rotation": { "angle": -22.5, "axis": "x", "origin": [12, 14, 8] }, 
            "faces": {
                "north": { "uv": [ 15.375, 6.375, 15.4375, 6.625 ], "rotation":90, "texture": "#main" }, 
                "east":  { "uv": [ 15.375, 6.375, 15.4375, 6.625 ], "rotation":90, "texture": "#main" }, 
                "south": { "uv": [ 15.375, 6.375, 15.4375, 6.625 ], "rotation":90, "texture": "#main" }, 
                "west":  { "uv": [ 15.375, 6.375, 15.4375, 6.625 ], "rotation":270, "texture": "#main" }, 
                "up":    { "uv": [ 15.375, 6.375, 15.4375, 6.625 ], "rotation":270, "texture": "#main" }, 
                "down":  { "uv": [ 15.375, 6.375, 15.4375, 6.625 ], "rotation":270, "texture": "#main" }
            }
        }
    ], 
    "display": {
        "head": {
            "translation": [ 0, -57.5, 0 ], 
            "scale": [ 1.6, 1.6, 1.6 ]
        }
    }, 
    "groups": [
        0, 
        1, 
        2, 
        3, 
        4, 
        {
            "name": "arms", 
            "children": [
                {
                    "name": "left", 
                    "children": [
                        5, 
                        6, 
                        7
                    ]
                }, 
                {
                    "name": "r arm", 
                    "children": [
                        8, 
                        9, 
                        10
                    ]
                }
            ]
        }
    ], 
    "__comment": "Model animated using Fizzy's model animator - http://fizzy81.github.io/animated-models/"
}