{
    "credit": "Made By BronGhast014 with Blockbench", 
    "textures": {
        "main": "mobs/animations/worlock/spell2"
    }, 
    "elements": [
        {
            "name": "body", 
            "from": [ 4, 4, 4.5 ], 
            "to":   [ 12, 16, 11.5 ], 
            "faces": {
                "north": { "uv": [ 0.34375, 0.40625, 0.46875, 0.59375 ], "texture": "#main" }, 
                "east":  { "uv": [ 0.25, 0.40625, 0.34375, 0.59375 ], "texture": "#main" }, 
                "south": { "uv": [ 0.5625, 0.40625, 0.6875, 0.59375 ], "texture": "#main" }, 
                "west":  { "uv": [ 0.46875, 0.40625, 0.578125, 0.59375 ], "texture": "#main" }, 
                "up":    { "uv": [ 0.34375, 0.3125, 0.46875, 0.40625 ], "texture": "#main" }, 
                "down":  { "uv": [ 0.46875, 0.3125, 0.59375, 0.40625 ], "texture": "#main" }
            }
        }, 
        {
            "name": "body", 
            "from": [ 3.9, -1.1, 4.4 ], 
            "to":   [ 12.1, 16.1, 11.6 ], 
            "faces": {
                "north": { "uv": [ 0.09375, 0.6875, 0.21875, 0.96875 ], "texture": "#main" }, 
                "east":  { "uv": [ 0, 0.6875, 0.09375, 0.96875 ], "texture": "#main" }, 
                "south": { "uv": [ 0.3125, 0.6875, 0.4375, 0.96875 ], "texture": "#main" }, 
                "west":  { "uv": [ 0.21875, 0.6875, 0.328125, 0.96875 ], "texture": "#main" }, 
                "up":    { "uv": [ 0.09375, 0.59375, 0.21875, 0.6875 ], "texture": "#main" }, 
                "down":  { "uv": [ 0.453125, 0.6875, 0.578125, 0.78125 ], "texture": "#main" }
            }
        }, 
        {
            "name": "leg", 
            "from": [ 8, -8, 6 ], 
            "to":   [ 12, 4, 10 ], 
            "faces": {
                "north": { "uv": [ 0.0625, 0.40625, 0.125, 0.59375 ], "texture": "#main" }, 
                "east":  { "uv": [ 0, 0.40625, 0.0625, 0.59375 ], "texture": "#main" }, 
                "south": { "uv": [ 0.1875, 0.40625, 0.25, 0.59375 ], "texture": "#main" }, 
                "west":  { "uv": [ 0.125, 0.40625, 0.1875, 0.59375 ], "texture": "#main" }, 
                "up":    { "uv": [ 0, 0.40625, 0.0625, 0.59375 ], "texture": "#main" }, 
                "down":  { "uv": [ 0.125, 0.34375, 0.1875, 0.40625 ], "texture": "#main" }
            }
        }, 
        {
            "name": "leg", 
            "from": [ 4, -8, 6 ], 
            "to":   [ 8, 4, 10 ], 
            "faces": {
                "north": { "uv": [ 0.0625, 0.40625, 0.125, 0.59375 ], "texture": "#main" }, 
                "east":  { "uv": [ 0, 0.40625, 0.0625, 0.59375 ], "texture": "#main" }, 
                "south": { "uv": [ 0.1875, 0.40625, 0.25, 0.59375 ], "texture": "#main" }, 
                "west":  { "uv": [ 0.125, 0.40625, 0.1875, 0.59375 ], "texture": "#main" }, 
                "up":    { "uv": [ 0, 0.40625, 0.0625, 0.59375 ], "texture": "#main" }, 
                "down":  { "uv": [ 0.125, 0.34375, 0.1875, 0.40625 ], "texture": "#main" }
            }
        }, 
        {
            "name": "robe", 
            "from": [ 3.5, -3.1, 4.3 ], 
            "to":   [ 12.5, 16.1, 11.7 ], 
            "faces": {
                "north": { "uv": [ 0.09375, 0.6875, 0.21875, 1 ], "texture": "#main" }, 
                "east":  { "uv": [ 0, 0.6875, 0.09375, 1 ], "texture": "#main" }, 
                "south": { "uv": [ 0.3125, 0.6875, 0.4375, 1 ], "texture": "#main" }, 
                "west":  { "uv": [ 0.21875, 0.6875, 0.328125, 1 ], "texture": "#main" }, 
                "up":    { "uv": [ 0.09375, 0.59375, 0.21875, 0.6875 ], "texture": "#main" }, 
                "down":  { "uv": [ 0.453125, 0.6875, 0.578125, 0.78125 ], "texture": "#main" }
            }
        }, 
        {
            "name": "sholder cap", 
            "from": [ -0.15, 13.25, 5.9 ], 
            "to":   [ 2.85, 16.25, 10.2 ], 
            "faces": {
                "north": { "uv": [ 0.734375, 0.21875, 0.78125, 0.171875 ], "rotation":180, "texture": "#main" }, 
                "east":  { "uv": [ 0.734375, 0.171875, 0.78125, 0.21875 ], "rotation":180, "texture": "#main" }, 
                "south": { "uv": [ 0.75, 0.1875, 0.796875, 0.234375 ], "rotation":180, "texture": "#main" }, 
                "west":  { "uv": [ 0.796875, 0.21875, 0.734375, 0.171875 ], "rotation":180, "texture": "#main" }, 
                "up":    { "uv": [ 0.734375, 0.171875, 0.78125, 0.234375 ], "texture": "#main" }, 
                "down":  { "uv": [ 0.734375, 0.171875, 0.78125, 0.21875 ], "texture": "#main" }
            }
        }, 
        {
            "name": "leg", 
            "from": [ 0, 4, 6 ], 
            "to":   [ 4, 16, 10 ], 
            "faces": {
                "north": { "uv": [ 0.75, 0.40625, 0.8125, 0.59375 ], "texture": "#main" }, 
                "east":  { "uv": [ 0.6875, 0.40625, 0.75, 0.59375 ], "texture": "#main" }, 
                "south": { "uv": [ 0.875, 0.40625, 0.9375, 0.59375 ], "texture": "#main" }, 
                "west":  { "uv": [ 0.8125, 0.40625, 0.875, 0.59375 ], "texture": "#main" }, 
                "up":    { "uv": [ 0.75, 0.34375, 0.8125, 0.40625 ], "texture": "#main" }, 
                "down":  { "uv": [ 0.6875, 0.34375, 0.75, 0.40625 ], "texture": "#main" }
            }
        }, 
        {
            "name": "sleeve", 
            "from": [ -0.1, 6.5, 5.9 ], 
            "to":   [ 4.1, 7.5, 10.1 ], 
            "faces": {
                "north": { "uv": [ 0.84375, 0.59375, 0.859375, 0.65625 ], "rotation":270, "texture": "#main" }, 
                "east":  { "uv": [ 0.84375, 0.59375, 0.859375, 0.65625 ], "rotation":270, "texture": "#main" }, 
                "south": { "uv": [ 0.84375, 0.59375, 0.859375, 0.65625 ], "rotation":270, "texture": "#main" }, 
                "west":  { "uv": [ 0.84375, 0.59375, 0.859375, 0.65625 ], "rotation":90, "texture": "#main" }, 
                "up":    { "uv": [ 0.84375, 0.59375, 0.859375, 0.65625 ], "rotation":270, "texture": "#main" }, 
                "down":  { "uv": [ 0.84375, 0.59375, 0.859375, 0.65625 ], "rotation":270, "texture": "#main" }
            }
        }, 
        {
            "name": "sholder cap", 
            "from": [ 13.15, 13.25, 5.9 ], 
            "to":   [ 16.15, 16.25, 10.2 ], 
            "faces": {
                "north": { "uv": [ 0.78125, 0.21875, 0.734375, 0.171875 ], "rotation":180, "texture": "#main" }, 
                "east":  { "uv": [ 0.734375, 0.21875, 0.78125, 0.171875 ], "rotation":180, "texture": "#main" }, 
                "south": { "uv": [ 0.75, 0.1875, 0.796875, 0.234375 ], "rotation":180, "texture": "#main" }, 
                "west":  { "uv": [ 0.796875, 0.21875, 0.734375, 0.171875 ], "rotation":180, "texture": "#main" }, 
                "up":    { "uv": [ 0.78125, 0.171875, 0.734375, 0.234375 ], "texture": "#main" }, 
                "down":  { "uv": [ 0.734375, 0.171875, 0.78125, 0.21875 ], "texture": "#main" }
            }
        }, 
        {
            "name": "leg", 
            "from": [ 12, 4, 6 ], 
            "to":   [ 16, 16, 10 ], 
            "faces": {
                "north": { "uv": [ 0.8125, 0.40625, 0.75, 0.59375 ], "texture": "#main" }, 
                "east":  { "uv": [ 0.6875, 0.40625, 0.75, 0.59375 ], "texture": "#main" }, 
                "south": { "uv": [ 0.9375, 0.40625, 0.875, 0.59375 ], "texture": "#main" }, 
                "west":  { "uv": [ 0.8125, 0.40625, 0.875, 0.59375 ], "texture": "#main" }, 
                "up":    { "uv": [ 0.75, 0.34375, 0.8125, 0.40625 ], "texture": "#main" }, 
                "down":  { "uv": [ 0.6875, 0.34375, 0.75, 0.40625 ], "texture": "#main" }
            }
        }, 
        {
            "name": "sleeve", 
            "from": [ 11.9, 6.5, 5.9 ], 
            "to":   [ 16.1, 7.5, 10.1 ], 
            "faces": {
                "north": { "uv": [ 0.84375, 0.59375, 0.859375, 0.65625 ], "rotation":270, "texture": "#main" }, 
                "east":  { "uv": [ 0.84375, 0.59375, 0.859375, 0.65625 ], "rotation":270, "texture": "#main" }, 
                "south": { "uv": [ 0.84375, 0.59375, 0.859375, 0.65625 ], "rotation":270, "texture": "#main" }, 
                "west":  { "uv": [ 0.84375, 0.59375, 0.859375, 0.65625 ], "rotation":90, "texture": "#main" }, 
                "up":    { "uv": [ 0.84375, 0.59375, 0.859375, 0.65625 ], "rotation":270, "texture": "#main" }, 
                "down":  { "uv": [ 0.84375, 0.59375, 0.859375, 0.65625 ], "rotation":270, "texture": "#main" }
            }
        }, 
        {
            "name": "body", 
            "from": [ 4, 4, 4.5 ], 
            "to":   [ 12, 16, 11.5 ], 
            "faces": {
                "north": { "uv": [ 6.34375, 0.40625, 6.46875, 0.59375 ], "texture": "#main" }, 
                "east":  { "uv": [ 6.25, 0.40625, 6.34375, 0.59375 ], "texture": "#main" }, 
                "south": { "uv": [ 6.5625, 0.40625, 6.6875, 0.59375 ], "texture": "#main" }, 
                "west":  { "uv": [ 6.46875, 0.40625, 6.578125, 0.59375 ], "texture": "#main" }, 
                "up":    { "uv": [ 6.34375, 0.3125, 6.46875, 0.40625 ], "texture": "#main" }, 
                "down":  { "uv": [ 6.46875, 0.3125, 6.59375, 0.40625 ], "texture": "#main" }
            }
        }, 
        {
            "name": "body", 
            "from": [ 3.9, -1.1, 4.4 ], 
            "to":   [ 12.1, 16.1, 11.6 ], 
            "faces": {
                "north": { "uv": [ 6.09375, 0.6875, 6.21875, 0.96875 ], "texture": "#main" }, 
                "east":  { "uv": [ 6, 0.6875, 6.09375, 0.96875 ], "texture": "#main" }, 
                "south": { "uv": [ 6.3125, 0.6875, 6.4375, 0.96875 ], "texture": "#main" }, 
                "west":  { "uv": [ 6.21875, 0.6875, 6.328125, 0.96875 ], "texture": "#main" }, 
                "up":    { "uv": [ 6.09375, 0.59375, 6.21875, 0.6875 ], "texture": "#main" }, 
                "down":  { "uv": [ 6.453125, 0.6875, 6.578125, 0.78125 ], "texture": "#main" }
            }
        }, 
        {
            "name": "leg", 
            "from": [ 8, -8, 6 ], 
            "to":   [ 12, 4, 10 ], 
            "faces": {
                "north": { "uv": [ 6.0625, 0.40625, 6.125, 0.59375 ], "texture": "#main" }, 
                "east":  { "uv": [ 6, 0.40625, 6.0625, 0.59375 ], "texture": "#main" }, 
                "south": { "uv": [ 6.1875, 0.40625, 6.25, 0.59375 ], "texture": "#main" }, 
                "west":  { "uv": [ 6.125, 0.40625, 6.1875, 0.59375 ], "texture": "#main" }, 
                "up":    { "uv": [ 6, 0.40625, 6.0625, 0.59375 ], "texture": "#main" }, 
                "down":  { "uv": [ 6.125, 0.34375, 6.1875, 0.40625 ], "texture": "#main" }
            }
        }, 
        {
            "name": "leg", 
            "from": [ 4, -8, 6 ], 
            "to":   [ 8, 4, 10 ], 
            "faces": {
                "north": { "uv": [ 6.0625, 0.40625, 6.125, 0.59375 ], "texture": "#main" }, 
                "east":  { "uv": [ 6, 0.40625, 6.0625, 0.59375 ], "texture": "#main" }, 
                "south": { "uv": [ 6.1875, 0.40625, 6.25, 0.59375 ], "texture": "#main" }, 
                "west":  { "uv": [ 6.125, 0.40625, 6.1875, 0.59375 ], "texture": "#main" }, 
                "up":    { "uv": [ 6, 0.40625, 6.0625, 0.59375 ], "texture": "#main" }, 
                "down":  { "uv": [ 6.125, 0.34375, 6.1875, 0.40625 ], "texture": "#main" }
            }
        }, 
        {
            "name": "robe", 
            "from": [ 3.5, -3.1, 4.3 ], 
            "to":   [ 12.5, 16.1, 11.7 ], 
            "faces": {
                "north": { "uv": [ 6.09375, 0.6875, 6.21875, 1 ], "texture": "#main" }, 
                "east":  { "uv": [ 6, 0.6875, 6.09375, 1 ], "texture": "#main" }, 
                "south": { "uv": [ 6.3125, 0.6875, 6.4375, 1 ], "texture": "#main" }, 
                "west":  { "uv": [ 6.21875, 0.6875, 6.328125, 1 ], "texture": "#main" }, 
                "up":    { "uv": [ 6.09375, 0.59375, 6.21875, 0.6875 ], "texture": "#main" }, 
                "down":  { "uv": [ 6.453125, 0.6875, 6.578125, 0.78125 ], "texture": "#main" }
            }
        }, 
        {
            "name": "sholder cap", 
            "from": [ -0.15, 13.25, 5.9 ], 
            "to":   [ 2.85, 16.25, 10.2 ], 
            "rotation": { "angle": 45, "axis": "x", "origin": [4, 14, 8] }, 
            "faces": {
                "north": { "uv": [ 6.734375, 0.21875, 6.78125, 0.171875 ], "rotation":180, "texture": "#main" }, 
                "east":  { "uv": [ 6.734375, 0.171875, 6.78125, 0.21875 ], "rotation":180, "texture": "#main" }, 
                "south": { "uv": [ 6.75, 0.1875, 6.796875, 0.234375 ], "rotation":180, "texture": "#main" }, 
                "west":  { "uv": [ 6.796875, 0.21875, 6.734375, 0.171875 ], "rotation":180, "texture": "#main" }, 
                "up":    { "uv": [ 6.734375, 0.171875, 6.78125, 0.234375 ], "texture": "#main" }, 
                "down":  { "uv": [ 6.734375, 0.171875, 6.78125, 0.21875 ], "texture": "#main" }
            }
        }, 
        {
            "name": "leg", 
            "from": [ 0, 4, 6 ], 
            "to":   [ 4, 16, 10 ], 
            "rotation": { "angle": 45, "axis": "x", "origin": [4, 14, 8] }, 
            "faces": {
                "north": { "uv": [ 6.75, 0.40625, 6.8125, 0.59375 ], "texture": "#main" }, 
                "east":  { "uv": [ 6.6875, 0.40625, 6.75, 0.59375 ], "texture": "#main" }, 
                "south": { "uv": [ 6.875, 0.40625, 6.9375, 0.59375 ], "texture": "#main" }, 
                "west":  { "uv": [ 6.8125, 0.40625, 6.875, 0.59375 ], "texture": "#main" }, 
                "up":    { "uv": [ 6.75, 0.34375, 6.8125, 0.40625 ], "texture": "#main" }, 
                "down":  { "uv": [ 6.6875, 0.34375, 6.75, 0.40625 ], "texture": "#main" }
            }
        }, 
        {
            "name": "sleeve", 
            "from": [ -0.1, 6.5, 5.9 ], 
            "to":   [ 4.1, 7.5, 10.1 ], 
            "rotation": { "angle": 45, "axis": "x", "origin": [4, 14, 8] }, 
            "faces": {
                "north": { "uv": [ 6.84375, 0.59375, 6.859375, 0.65625 ], "rotation":270, "texture": "#main" }, 
                "east":  { "uv": [ 6.84375, 0.59375, 6.859375, 0.65625 ], "rotation":270, "texture": "#main" }, 
                "south": { "uv": [ 6.84375, 0.59375, 6.859375, 0.65625 ], "rotation":270, "texture": "#main" }, 
                "west":  { "uv": [ 6.84375, 0.59375, 6.859375, 0.65625 ], "rotation":90, "texture": "#main" }, 
                "up":    { "uv": [ 6.84375, 0.59375, 6.859375, 0.65625 ], "rotation":270, "texture": "#main" }, 
                "down":  { "uv": [ 6.84375, 0.59375, 6.859375, 0.65625 ], "rotation":270, "texture": "#main" }
            }
        }, 
        {
            "name": "sholder cap", 
            "from": [ 13.15, 13.25, 5.9 ], 
            "to":   [ 16.15, 16.25, 10.2 ], 
            "rotation": { "angle": 45, "axis": "x", "origin": [12, 14, 8] }, 
            "faces": {
                "north": { "uv": [ 6.78125, 0.21875, 6.734375, 0.171875 ], "rotation":180, "texture": "#main" }, 
                "east":  { "uv": [ 6.734375, 0.21875, 6.78125, 0.171875 ], "rotation":180, "texture": "#main" }, 
                "south": { "uv": [ 6.75, 0.1875, 6.796875, 0.234375 ], "rotation":180, "texture": "#main" }, 
                "west":  { "uv": [ 6.796875, 0.21875, 6.734375, 0.171875 ], "rotation":180, "texture": "#main" }, 
                "up":    { "uv": [ 6.78125, 0.171875, 6.734375, 0.234375 ], "texture": "#main" }, 
                "down":  { "uv": [ 6.734375, 0.171875, 6.78125, 0.21875 ], "texture": "#main" }
            }
        }, 
        {
            "name": "leg", 
            "from": [ 12, 4, 6 ], 
            "to":   [ 16, 16, 10 ], 
            "rotation": { "angle": 45, "axis": "x", "origin": [12, 14, 8] }, 
            "faces": {
                "north": { "uv": [ 6.8125, 0.40625, 6.75, 0.59375 ], "texture": "#main" }, 
                "east":  { "uv": [ 6.6875, 0.40625, 6.75, 0.59375 ], "texture": "#main" }, 
                "south": { "uv": [ 6.9375, 0.40625, 6.875, 0.59375 ], "texture": "#main" }, 
                "west":  { "uv": [ 6.8125, 0.40625, 6.875, 0.59375 ], "texture": "#main" }, 
                "up":    { "uv": [ 6.75, 0.34375, 6.8125, 0.40625 ], "texture": "#main" }, 
                "down":  { "uv": [ 6.6875, 0.34375, 6.75, 0.40625 ], "texture": "#main" }
            }
        }, 
        {
            "name": "sleeve", 
            "from": [ 11.9, 6.5, 5.9 ], 
            "to":   [ 16.1, 7.5, 10.1 ], 
            "rotation": { "angle": 45, "axis": "x", "origin": [12, 14, 8] }, 
            "faces": {
                "north": { "uv": [ 6.84375, 0.59375, 6.859375, 0.65625 ], "rotation":270, "texture": "#main" }, 
                "east":  { "uv": [ 6.84375, 0.59375, 6.859375, 0.65625 ], "rotation":270, "texture": "#main" }, 
                "south": { "uv": [ 6.84375, 0.59375, 6.859375, 0.65625 ], "rotation":270, "texture": "#main" }, 
                "west":  { "uv": [ 6.84375, 0.59375, 6.859375, 0.65625 ], "rotation":90, "texture": "#main" }, 
                "up":    { "uv": [ 6.84375, 0.59375, 6.859375, 0.65625 ], "rotation":270, "texture": "#main" }, 
                "down":  { "uv": [ 6.84375, 0.59375, 6.859375, 0.65625 ], "rotation":270, "texture": "#main" }
            }
        }, 
        {
            "name": "body", 
            "from": [ 4, 4, 4.5 ], 
            "to":   [ 12, 16, 11.5 ], 
            "faces": {
                "north": { "uv": [ 8.34375, 1.40625, 8.46875, 1.59375 ], "texture": "#main" }, 
                "east":  { "uv": [ 8.25, 1.40625, 8.34375, 1.59375 ], "texture": "#main" }, 
                "south": { "uv": [ 8.5625, 1.40625, 8.6875, 1.59375 ], "texture": "#main" }, 
                "west":  { "uv": [ 8.46875, 1.40625, 8.578125, 1.59375 ], "texture": "#main" }, 
                "up":    { "uv": [ 8.34375, 1.3125, 8.46875, 1.40625 ], "texture": "#main" }, 
                "down":  { "uv": [ 8.46875, 1.3125, 8.59375, 1.40625 ], "texture": "#main" }
            }
        }, 
        {
            "name": "body", 
            "from": [ 3.9, -1.1, 4.4 ], 
            "to":   [ 12.1, 16.1, 11.6 ], 
            "faces": {
                "north": { "uv": [ 8.09375, 1.6875, 8.21875, 1.96875 ], "texture": "#main" }, 
                "east":  { "uv": [ 8, 1.6875, 8.09375, 1.96875 ], "texture": "#main" }, 
                "south": { "uv": [ 8.3125, 1.6875, 8.4375, 1.96875 ], "texture": "#main" }, 
                "west":  { "uv": [ 8.21875, 1.6875, 8.328125, 1.96875 ], "texture": "#main" }, 
                "up":    { "uv": [ 8.09375, 1.59375, 8.21875, 1.6875 ], "texture": "#main" }, 
                "down":  { "uv": [ 8.453125, 1.6875, 8.578125, 1.78125 ], "texture": "#main" }
            }
        }, 
        {
            "name": "leg", 
            "from": [ 8, -8, 6 ], 
            "to":   [ 12, 4, 10 ], 
            "faces": {
                "north": { "uv": [ 8.0625, 1.40625, 8.125, 1.59375 ], "texture": "#main" }, 
                "east":  { "uv": [ 8, 1.40625, 8.0625, 1.59375 ], "texture": "#main" }, 
                "south": { "uv": [ 8.1875, 1.40625, 8.25, 1.59375 ], "texture": "#main" }, 
                "west":  { "uv": [ 8.125, 1.40625, 8.1875, 1.59375 ], "texture": "#main" }, 
                "up":    { "uv": [ 8, 1.40625, 8.0625, 1.59375 ], "texture": "#main" }, 
                "down":  { "uv": [ 8.125, 1.34375, 8.1875, 1.40625 ], "texture": "#main" }
            }
        }, 
        {
            "name": "leg", 
            "from": [ 4, -8, 6 ], 
            "to":   [ 8, 4, 10 ], 
            "faces": {
                "north": { "uv": [ 8.0625, 1.40625, 8.125, 1.59375 ], "texture": "#main" }, 
                "east":  { "uv": [ 8, 1.40625, 8.0625, 1.59375 ], "texture": "#main" }, 
                "south": { "uv": [ 8.1875, 1.40625, 8.25, 1.59375 ], "texture": "#main" }, 
                "west":  { "uv": [ 8.125, 1.40625, 8.1875, 1.59375 ], "texture": "#main" }, 
                "up":    { "uv": [ 8, 1.40625, 8.0625, 1.59375 ], "texture": "#main" }, 
                "down":  { "uv": [ 8.125, 1.34375, 8.1875, 1.40625 ], "texture": "#main" }
            }
        }, 
        {
            "name": "robe", 
            "from": [ 3.5, -3.1, 4.3 ], 
            "to":   [ 12.5, 16.1, 11.7 ], 
            "faces": {
                "north": { "uv": [ 8.09375, 1.6875, 8.21875, 2 ], "texture": "#main" }, 
                "east":  { "uv": [ 8, 1.6875, 8.09375, 2 ], "texture": "#main" }, 
                "south": { "uv": [ 8.3125, 1.6875, 8.4375, 2 ], "texture": "#main" }, 
                "west":  { "uv": [ 8.21875, 1.6875, 8.328125, 2 ], "texture": "#main" }, 
                "up":    { "uv": [ 8.09375, 1.59375, 8.21875, 1.6875 ], "texture": "#main" }, 
                "down":  { "uv": [ 8.453125, 1.6875, 8.578125, 1.78125 ], "texture": "#main" }
            }
        }, 
        {
            "name": "sholder cap", 
            "from": [ -0.15, 11.8, 7.25 ], 
            "to":   [ 2.85, 16.1, 10.25 ], 
            "faces": {
                "north": { "uv": [ 8.734375, 1.171875, 8.78125, 1.21875 ], "rotation":180, "texture": "#main" }, 
                "east":  { "uv": [ 8.734375, 1.171875, 8.78125, 1.21875 ], "rotation":90, "texture": "#main" }, 
                "south": { "uv": [ 8.734375, 1.171875, 8.78125, 1.234375 ], "texture": "#main" }, 
                "west":  { "uv": [ 8.796875, 1.21875, 8.734375, 1.171875 ], "rotation":270, "texture": "#main" }, 
                "up":    { "uv": [ 8.734375, 1.21875, 8.78125, 1.171875 ], "texture": "#main" }, 
                "down":  { "uv": [ 8.75, 1.1875, 8.796875, 1.234375 ], "rotation":180, "texture": "#main" }
            }
        }, 
        {
            "name": "leg", 
            "from": [ 0, 12, -2 ], 
            "to":   [ 4, 16, 10 ], 
            "faces": {
                "north": { "uv": [ 8.6875, 1.34375, 8.75, 1.40625 ], "rotation":180, "texture": "#main" }, 
                "east":  { "uv": [ 8.6875, 1.40625, 8.75, 1.59375 ], "rotation":270, "texture": "#main" }, 
                "south": { "uv": [ 8.75, 1.34375, 8.8125, 1.40625 ], "texture": "#main" }, 
                "west":  { "uv": [ 8.8125, 1.40625, 8.875, 1.59375 ], "rotation":90, "texture": "#main" }, 
                "up":    { "uv": [ 8.75, 1.40625, 8.8125, 1.59375 ], "rotation":180, "texture": "#main" }, 
                "down":  { "uv": [ 8.875, 1.40625, 8.9375, 1.59375 ], "texture": "#main" }
            }
        }, 
        {
            "name": "sleeve", 
            "from": [ -0.1, 11.9, 0.5 ], 
            "to":   [ 4.1, 16.1, 1.5 ], 
            "faces": {
                "north": { "uv": [ 8.84375, 1.59375, 8.859375, 1.65625 ], "rotation":90, "texture": "#main" }, 
                "east":  { "uv": [ 8.84375, 1.59375, 8.859375, 1.65625 ], "rotation":180, "texture": "#main" }, 
                "south": { "uv": [ 8.84375, 1.59375, 8.859375, 1.65625 ], "rotation":270, "texture": "#main" }, 
                "west":  { "uv": [ 8.84375, 1.59375, 8.859375, 1.65625 ], "rotation":180, "texture": "#main" }, 
                "up":    { "uv": [ 8.84375, 1.59375, 8.859375, 1.65625 ], "rotation":90, "texture": "#main" }, 
                "down":  { "uv": [ 8.84375, 1.59375, 8.859375, 1.65625 ], "rotation":270, "texture": "#main" }
            }
        }, 
        {
            "name": "sholder cap", 
            "from": [ 13.15, 11.8, 7.25 ], 
            "to":   [ 16.15, 16.1, 10.25 ], 
            "faces": {
                "north": { "uv": [ 8.734375, 1.171875, 8.78125, 1.21875 ], "rotation":180, "texture": "#main" }, 
                "east":  { "uv": [ 8.734375, 1.21875, 8.78125, 1.171875 ], "rotation":90, "texture": "#main" }, 
                "south": { "uv": [ 8.78125, 1.171875, 8.734375, 1.234375 ], "texture": "#main" }, 
                "west":  { "uv": [ 8.796875, 1.21875, 8.734375, 1.171875 ], "rotation":270, "texture": "#main" }, 
                "up":    { "uv": [ 8.78125, 1.21875, 8.734375, 1.171875 ], "texture": "#main" }, 
                "down":  { "uv": [ 8.75, 1.1875, 8.796875, 1.234375 ], "rotation":180, "texture": "#main" }
            }
        }, 
        {
            "name": "leg", 
            "from": [ 12, 12, -2 ], 
            "to":   [ 16, 16, 10 ], 
            "faces": {
                "north": { "uv": [ 8.6875, 1.34375, 8.75, 1.40625 ], "rotation":180, "texture": "#main" }, 
                "east":  { "uv": [ 8.6875, 1.40625, 8.75, 1.59375 ], "rotation":270, "texture": "#main" }, 
                "south": { "uv": [ 8.75, 1.34375, 8.8125, 1.40625 ], "texture": "#main" }, 
                "west":  { "uv": [ 8.8125, 1.40625, 8.875, 1.59375 ], "rotation":90, "texture": "#main" }, 
                "up":    { "uv": [ 8.8125, 1.40625, 8.75, 1.59375 ], "rotation":180, "texture": "#main" }, 
                "down":  { "uv": [ 8.9375, 1.40625, 8.875, 1.59375 ], "texture": "#main" }
            }
        }, 
        {
            "name": "sleeve", 
            "from": [ 11.9, 11.9, 0.5 ], 
            "to":   [ 16.1, 16.1, 1.5 ], 
            "faces": {
                "north": { "uv": [ 8.84375, 1.59375, 8.859375, 1.65625 ], "rotation":90, "texture": "#main" }, 
                "east":  { "uv": [ 8.84375, 1.59375, 8.859375, 1.65625 ], "rotation":180, "texture": "#main" }, 
                "south": { "uv": [ 8.84375, 1.59375, 8.859375, 1.65625 ], "rotation":270, "texture": "#main" }, 
                "west":  { "uv": [ 8.84375, 1.59375, 8.859375, 1.65625 ], "rotation":180, "texture": "#main" }, 
                "up":    { "uv": [ 8.84375, 1.59375, 8.859375, 1.65625 ], "rotation":90, "texture": "#main" }, 
                "down":  { "uv": [ 8.84375, 1.59375, 8.859375, 1.65625 ], "rotation":270, "texture": "#main" }
            }
        }, 
        {
            "name": "body", 
            "from": [ 4, 4, 4.5 ], 
            "to":   [ 12, 16, 11.5 ], 
            "faces": {
                "north": { "uv": [ 14.34375, 1.40625, 14.46875, 1.59375 ], "texture": "#main" }, 
                "east":  { "uv": [ 14.25, 1.40625, 14.34375, 1.59375 ], "texture": "#main" }, 
                "south": { "uv": [ 14.5625, 1.40625, 14.6875, 1.59375 ], "texture": "#main" }, 
                "west":  { "uv": [ 14.46875, 1.40625, 14.578125, 1.59375 ], "texture": "#main" }, 
                "up":    { "uv": [ 14.34375, 1.3125, 14.46875, 1.40625 ], "texture": "#main" }, 
                "down":  { "uv": [ 14.46875, 1.3125, 14.59375, 1.40625 ], "texture": "#main" }
            }
        }, 
        {
            "name": "body", 
            "from": [ 3.9, -1.1, 4.4 ], 
            "to":   [ 12.1, 16.1, 11.6 ], 
            "faces": {
                "north": { "uv": [ 14.09375, 1.6875, 14.21875, 1.96875 ], "texture": "#main" }, 
                "east":  { "uv": [ 14, 1.6875, 14.09375, 1.96875 ], "texture": "#main" }, 
                "south": { "uv": [ 14.3125, 1.6875, 14.4375, 1.96875 ], "texture": "#main" }, 
                "west":  { "uv": [ 14.21875, 1.6875, 14.328125, 1.96875 ], "texture": "#main" }, 
                "up":    { "uv": [ 14.09375, 1.59375, 14.21875, 1.6875 ], "texture": "#main" }, 
                "down":  { "uv": [ 14.453125, 1.6875, 14.578125, 1.78125 ], "texture": "#main" }
            }
        }, 
        {
            "name": "leg", 
            "from": [ 8, -8, 6 ], 
            "to":   [ 12, 4, 10 ], 
            "faces": {
                "north": { "uv": [ 14.0625, 1.40625, 14.125, 1.59375 ], "texture": "#main" }, 
                "east":  { "uv": [ 14, 1.40625, 14.0625, 1.59375 ], "texture": "#main" }, 
                "south": { "uv": [ 14.1875, 1.40625, 14.25, 1.59375 ], "texture": "#main" }, 
                "west":  { "uv": [ 14.125, 1.40625, 14.1875, 1.59375 ], "texture": "#main" }, 
                "up":    { "uv": [ 14, 1.40625, 14.0625, 1.59375 ], "texture": "#main" }, 
                "down":  { "uv": [ 14.125, 1.34375, 14.1875, 1.40625 ], "texture": "#main" }
            }
        }, 
        {
            "name": "leg", 
            "from": [ 4, -8, 6 ], 
            "to":   [ 8, 4, 10 ], 
            "faces": {
                "north": { "uv": [ 14.0625, 1.40625, 14.125, 1.59375 ], "texture": "#main" }, 
                "east":  { "uv": [ 14, 1.40625, 14.0625, 1.59375 ], "texture": "#main" }, 
                "south": { "uv": [ 14.1875, 1.40625, 14.25, 1.59375 ], "texture": "#main" }, 
                "west":  { "uv": [ 14.125, 1.40625, 14.1875, 1.59375 ], "texture": "#main" }, 
                "up":    { "uv": [ 14, 1.40625, 14.0625, 1.59375 ], "texture": "#main" }, 
                "down":  { "uv": [ 14.125, 1.34375, 14.1875, 1.40625 ], "texture": "#main" }
            }
        }, 
        {
            "name": "robe", 
            "from": [ 3.5, -3.1, 4.3 ], 
            "to":   [ 12.5, 16.1, 11.7 ], 
            "faces": {
                "north": { "uv": [ 14.09375, 1.6875, 14.21875, 2 ], "texture": "#main" }, 
                "east":  { "uv": [ 14, 1.6875, 14.09375, 2 ], "texture": "#main" }, 
                "south": { "uv": [ 14.3125, 1.6875, 14.4375, 2 ], "texture": "#main" }, 
                "west":  { "uv": [ 14.21875, 1.6875, 14.328125, 2 ], "texture": "#main" }, 
                "up":    { "uv": [ 14.09375, 1.59375, 14.21875, 1.6875 ], "texture": "#main" }, 
                "down":  { "uv": [ 14.453125, 1.6875, 14.578125, 1.78125 ], "texture": "#main" }
            }
        }, 
        {
            "name": "sholder cap", 
            "from": [ -0.15, 11.8, 7.25 ], 
            "to":   [ 2.85, 16.1, 10.25 ], 
            "rotation": { "angle": 45, "axis": "x", "origin": [4, 14, 8] }, 
            "faces": {
                "north": { "uv": [ 14.734375, 1.171875, 14.78125, 1.21875 ], "rotation":180, "texture": "#main" }, 
                "east":  { "uv": [ 14.734375, 1.171875, 14.78125, 1.21875 ], "rotation":90, "texture": "#main" }, 
                "south": { "uv": [ 14.734375, 1.171875, 14.78125, 1.234375 ], "texture": "#main" }, 
                "west":  { "uv": [ 14.796875, 1.21875, 14.734375, 1.171875 ], "rotation":270, "texture": "#main" }, 
                "up":    { "uv": [ 14.734375, 1.21875, 14.78125, 1.171875 ], "texture": "#main" }, 
                "down":  { "uv": [ 14.75, 1.1875, 14.796875, 1.234375 ], "rotation":180, "texture": "#main" }
            }
        }, 
        {
            "name": "leg", 
            "from": [ 0, 12, -2 ], 
            "to":   [ 4, 16, 10 ], 
            "rotation": { "angle": 45, "axis": "x", "origin": [4, 14, 8] }, 
            "faces": {
                "north": { "uv": [ 14.6875, 1.34375, 14.75, 1.40625 ], "rotation":180, "texture": "#main" }, 
                "east":  { "uv": [ 14.6875, 1.40625, 14.75, 1.59375 ], "rotation":270, "texture": "#main" }, 
                "south": { "uv": [ 14.75, 1.34375, 14.8125, 1.40625 ], "texture": "#main" }, 
                "west":  { "uv": [ 14.8125, 1.40625, 14.875, 1.59375 ], "rotation":90, "texture": "#main" }, 
                "up":    { "uv": [ 14.75, 1.40625, 14.8125, 1.59375 ], "rotation":180, "texture": "#main" }, 
                "down":  { "uv": [ 14.875, 1.40625, 14.9375, 1.59375 ], "texture": "#main" }
            }
        }, 
        {
            "name": "sleeve", 
            "from": [ -0.1, 11.9, 0.5 ], 
            "to":   [ 4.1, 16.1, 1.5 ], 
            "rotation": { "angle": 45, "axis": "x", "origin": [4, 14, 8] }, 
            "faces": {
                "north": { "uv": [ 14.84375, 1.59375, 14.859375, 1.65625 ], "rotation":90, "texture": "#main" }, 
                "east":  { "uv": [ 14.84375, 1.59375, 14.859375, 1.65625 ], "rotation":180, "texture": "#main" }, 
                "south": { "uv": [ 14.84375, 1.59375, 14.859375, 1.65625 ], "rotation":270, "texture": "#main" }, 
                "west":  { "uv": [ 14.84375, 1.59375, 14.859375, 1.65625 ], "rotation":180, "texture": "#main" }, 
                "up":    { "uv": [ 14.84375, 1.59375, 14.859375, 1.65625 ], "rotation":90, "texture": "#main" }, 
                "down":  { "uv": [ 14.84375, 1.59375, 14.859375, 1.65625 ], "rotation":270, "texture": "#main" }
            }
        }, 
        {
            "name": "sholder cap", 
            "from": [ 13.15, 11.8, 7.25 ], 
            "to":   [ 16.15, 16.1, 10.25 ], 
            "rotation": { "angle": 45, "axis": "x", "origin": [12, 14, 8] }, 
            "faces": {
                "north": { "uv": [ 14.734375, 1.171875, 14.78125, 1.21875 ], "rotation":180, "texture": "#main" }, 
                "east":  { "uv": [ 14.734375, 1.21875, 14.78125, 1.171875 ], "rotation":90, "texture": "#main" }, 
                "south": { "uv": [ 14.78125, 1.171875, 14.734375, 1.234375 ], "texture": "#main" }, 
                "west":  { "uv": [ 14.796875, 1.21875, 14.734375, 1.171875 ], "rotation":270, "texture": "#main" }, 
                "up":    { "uv": [ 14.78125, 1.21875, 14.734375, 1.171875 ], "texture": "#main" }, 
                "down":  { "uv": [ 14.75, 1.1875, 14.796875, 1.234375 ], "rotation":180, "texture": "#main" }
            }
        }, 
        {
            "name": "leg", 
            "from": [ 12, 12, -2 ], 
            "to":   [ 16, 16, 10 ], 
            "rotation": { "angle": 45, "axis": "x", "origin": [12, 14, 8] }, 
            "faces": {
                "north": { "uv": [ 14.6875, 1.34375, 14.75, 1.40625 ], "rotation":180, "texture": "#main" }, 
                "east":  { "uv": [ 14.6875, 1.40625, 14.75, 1.59375 ], "rotation":270, "texture": "#main" }, 
                "south": { "uv": [ 14.75, 1.34375, 14.8125, 1.40625 ], "texture": "#main" }, 
                "west":  { "uv": [ 14.8125, 1.40625, 14.875, 1.59375 ], "rotation":90, "texture": "#main" }, 
                "up":    { "uv": [ 14.8125, 1.40625, 14.75, 1.59375 ], "rotation":180, "texture": "#main" }, 
                "down":  { "uv": [ 14.9375, 1.40625, 14.875, 1.59375 ], "texture": "#main" }
            }
        }, 
        {
            "name": "sleeve", 
            "from": [ 11.9, 11.9, 0.5 ], 
            "to":   [ 16.1, 16.1, 1.5 ], 
            "rotation": { "angle": 45, "axis": "x", "origin": [12, 14, 8] }, 
            "faces": {
                "north": { "uv": [ 14.84375, 1.59375, 14.859375, 1.65625 ], "rotation":90, "texture": "#main" }, 
                "east":  { "uv": [ 14.84375, 1.59375, 14.859375, 1.65625 ], "rotation":180, "texture": "#main" }, 
                "south": { "uv": [ 14.84375, 1.59375, 14.859375, 1.65625 ], "rotation":270, "texture": "#main" }, 
                "west":  { "uv": [ 14.84375, 1.59375, 14.859375, 1.65625 ], "rotation":180, "texture": "#main" }, 
                "up":    { "uv": [ 14.84375, 1.59375, 14.859375, 1.65625 ], "rotation":90, "texture": "#main" }, 
                "down":  { "uv": [ 14.84375, 1.59375, 14.859375, 1.65625 ], "rotation":270, "texture": "#main" }
            }
        }, 
        {
            "name": "body", 
            "from": [ 4, 4, 4.5 ], 
            "to":   [ 12, 16, 11.5 ], 
            "faces": {
                "north": { "uv": [ 1.375, 5.625, 1.875, 6.375 ], "texture": "#main" }, 
                "east":  { "uv": [ 1, 5.625, 1.375, 6.375 ], "texture": "#main" }, 
                "south": { "uv": [ 2.25, 5.625, 2.75, 6.375 ], "texture": "#main" }, 
                "west":  { "uv": [ 1.875, 5.625, 2.3125, 6.375 ], "texture": "#main" }, 
                "up":    { "uv": [ 1.375, 5.25, 1.875, 5.625 ], "texture": "#main" }, 
                "down":  { "uv": [ 1.875, 5.25, 2.375, 5.625 ], "texture": "#main" }
            }
        }, 
        {
            "name": "body", 
            "from": [ 3.9, -1.1, 4.4 ], 
            "to":   [ 12.1, 16.1, 11.6 ], 
            "faces": {
                "north": { "uv": [ 0.375, 6.75, 0.875, 7.875 ], "texture": "#main" }, 
                "east":  { "uv": [ 0, 6.75, 0.375, 7.875 ], "texture": "#main" }, 
                "south": { "uv": [ 1.25, 6.75, 1.75, 7.875 ], "texture": "#main" }, 
                "west":  { "uv": [ 0.875, 6.75, 1.3125, 7.875 ], "texture": "#main" }, 
                "up":    { "uv": [ 0.375, 6.375, 0.875, 6.75 ], "texture": "#main" }, 
                "down":  { "uv": [ 1.8125, 6.75, 2.3125, 7.125 ], "texture": "#main" }
            }
        }, 
        {
            "name": "leg", 
            "from": [ 8, -8, 6 ], 
            "to":   [ 12, 4, 10 ], 
            "faces": {
                "north": { "uv": [ 0.25, 5.625, 0.5, 6.375 ], "texture": "#main" }, 
                "east":  { "uv": [ 0, 5.625, 0.25, 6.375 ], "texture": "#main" }, 
                "south": { "uv": [ 0.75, 5.625, 1, 6.375 ], "texture": "#main" }, 
                "west":  { "uv": [ 0.5, 5.625, 0.75, 6.375 ], "texture": "#main" }, 
                "up":    { "uv": [ 0, 5.625, 0.25, 6.375 ], "texture": "#main" }, 
                "down":  { "uv": [ 0.5, 5.375, 0.75, 5.625 ], "texture": "#main" }
            }
        }, 
        {
            "name": "leg", 
            "from": [ 4, -8, 6 ], 
            "to":   [ 8, 4, 10 ], 
            "faces": {
                "north": { "uv": [ 0.25, 5.625, 0.5, 6.375 ], "texture": "#main" }, 
                "east":  { "uv": [ 0, 5.625, 0.25, 6.375 ], "texture": "#main" }, 
                "south": { "uv": [ 0.75, 5.625, 1, 6.375 ], "texture": "#main" }, 
                "west":  { "uv": [ 0.5, 5.625, 0.75, 6.375 ], "texture": "#main" }, 
                "up":    { "uv": [ 0, 5.625, 0.25, 6.375 ], "texture": "#main" }, 
                "down":  { "uv": [ 0.5, 5.375, 0.75, 5.625 ], "texture": "#main" }
            }
        }, 
        {
            "name": "robe", 
            "from": [ 3.5, -3.1, 4.3 ], 
            "to":   [ 12.5, 16.1, 11.7 ], 
            "faces": {
                "north": { "uv": [ 0.375, 6.75, 0.875, 8 ], "texture": "#main" }, 
                "east":  { "uv": [ 0, 6.75, 0.375, 8 ], "texture": "#main" }, 
                "south": { "uv": [ 1.25, 6.75, 1.75, 8 ], "texture": "#main" }, 
                "west":  { "uv": [ 0.875, 6.75, 1.3125, 8 ], "texture": "#main" }, 
                "up":    { "uv": [ 0.375, 6.375, 0.875, 6.75 ], "texture": "#main" }, 
                "down":  { "uv": [ 1.8125, 6.75, 2.3125, 7.125 ], "texture": "#main" }
            }
        }, 
        {
            "name": "sholder cap", 
            "from": [ -0.15, 11.75, 5.8 ], 
            "to":   [ 2.85, 14.75, 10.1 ], 
            "faces": {
                "north": { "uv": [ 3, 4.75, 3.1875, 4.9375 ], "texture": "#main" }, 
                "east":  { "uv": [ 2.9375, 4.6875, 3.125, 4.875 ], "texture": "#main" }, 
                "south": { "uv": [ 2.9375, 4.875, 3.125, 4.6875 ], "texture": "#main" }, 
                "west":  { "uv": [ 3.1875, 4.875, 2.9375, 4.6875 ], "texture": "#main" }, 
                "up":    { "uv": [ 2.9375, 4.6875, 3.125, 4.875 ], "texture": "#main" }, 
                "down":  { "uv": [ 2.9375, 4.6875, 3.125, 4.9375 ], "texture": "#main" }
            }
        }, 
        {
            "name": "leg", 
            "from": [ 0, 12, 6 ], 
            "to":   [ 4, 24, 10 ], 
            "faces": {
                "north": { "uv": [ 3.5, 5.625, 3.75, 6.375 ], "rotation":180, "texture": "#main" }, 
                "east":  { "uv": [ 2.75, 5.625, 3, 6.375 ], "rotation":180, "texture": "#main" }, 
                "south": { "uv": [ 3, 5.625, 3.25, 6.375 ], "rotation":180, "texture": "#main" }, 
                "west":  { "uv": [ 3.25, 5.625, 3.5, 6.375 ], "rotation":180, "texture": "#main" }, 
                "up":    { "uv": [ 2.75, 5.375, 3, 5.625 ], "texture": "#main" }, 
                "down":  { "uv": [ 3, 5.375, 3.25, 5.625 ], "texture": "#main" }
            }
        }, 
        {
            "name": "sleeve", 
            "from": [ -0.1, 20.5, 5.9 ], 
            "to":   [ 4.1, 21.5, 10.1 ], 
            "faces": {
                "north": { "uv": [ 3.375, 6.375, 3.4375, 6.625 ], "rotation":90, "texture": "#main" }, 
                "east":  { "uv": [ 3.375, 6.375, 3.4375, 6.625 ], "rotation":90, "texture": "#main" }, 
                "south": { "uv": [ 3.375, 6.375, 3.4375, 6.625 ], "rotation":90, "texture": "#main" }, 
                "west":  { "uv": [ 3.375, 6.375, 3.4375, 6.625 ], "rotation":270, "texture": "#main" }, 
                "up":    { "uv": [ 3.375, 6.375, 3.4375, 6.625 ], "rotation":270, "texture": "#main" }, 
                "down":  { "uv": [ 3.375, 6.375, 3.4375, 6.625 ], "rotation":270, "texture": "#main" }
            }
        }, 
        {
            "name": "sholder cap", 
            "from": [ 13.15, 11.75, 5.8 ], 
            "to":   [ 16.15, 14.75, 10.1 ], 
            "faces": {
                "north": { "uv": [ 3, 4.75, 3.1875, 4.9375 ], "texture": "#main" }, 
                "east":  { "uv": [ 2.9375, 4.875, 3.125, 4.6875 ], "texture": "#main" }, 
                "south": { "uv": [ 3.125, 4.875, 2.9375, 4.6875 ], "texture": "#main" }, 
                "west":  { "uv": [ 3.1875, 4.875, 2.9375, 4.6875 ], "texture": "#main" }, 
                "up":    { "uv": [ 2.9375, 4.6875, 3.125, 4.875 ], "texture": "#main" }, 
                "down":  { "uv": [ 3.125, 4.6875, 2.9375, 4.9375 ], "texture": "#main" }
            }
        }, 
        {
            "name": "leg", 
            "from": [ 12, 12, 6 ], 
            "to":   [ 16, 24, 10 ], 
            "faces": {
                "north": { "uv": [ 3.75, 5.625, 3.5, 6.375 ], "rotation":180, "texture": "#main" }, 
                "east":  { "uv": [ 2.75, 5.625, 3, 6.375 ], "rotation":180, "texture": "#main" }, 
                "south": { "uv": [ 3.25, 5.625, 3, 6.375 ], "rotation":180, "texture": "#main" }, 
                "west":  { "uv": [ 3.25, 5.625, 3.5, 6.375 ], "rotation":180, "texture": "#main" }, 
                "up":    { "uv": [ 2.75, 5.375, 3, 5.625 ], "texture": "#main" }, 
                "down":  { "uv": [ 3, 5.375, 3.25, 5.625 ], "texture": "#main" }
            }
        }, 
        {
            "name": "sleeve", 
            "from": [ 11.9, 20.5, 5.9 ], 
            "to":   [ 16.1, 21.5, 10.1 ], 
            "faces": {
                "north": { "uv": [ 3.375, 6.375, 3.4375, 6.625 ], "rotation":90, "texture": "#main" }, 
                "east":  { "uv": [ 3.375, 6.375, 3.4375, 6.625 ], "rotation":90, "texture": "#main" }, 
                "south": { "uv": [ 3.375, 6.375, 3.4375, 6.625 ], "rotation":90, "texture": "#main" }, 
                "west":  { "uv": [ 3.375, 6.375, 3.4375, 6.625 ], "rotation":270, "texture": "#main" }, 
                "up":    { "uv": [ 3.375, 6.375, 3.4375, 6.625 ], "rotation":270, "texture": "#main" }, 
                "down":  { "uv": [ 3.375, 6.375, 3.4375, 6.625 ], "rotation":270, "texture": "#main" }
            }
        }, 
        {
            "name": "body", 
            "from": [ 4, 4, 4.5 ], 
            "to":   [ 12, 16, 11.5 ], 
            "faces": {
                "north": { "uv": [ 5.375, 5.625, 5.875, 6.375 ], "texture": "#main" }, 
                "east":  { "uv": [ 5, 5.625, 5.375, 6.375 ], "texture": "#main" }, 
                "south": { "uv": [ 6.25, 5.625, 6.75, 6.375 ], "texture": "#main" }, 
                "west":  { "uv": [ 5.875, 5.625, 6.3125, 6.375 ], "texture": "#main" }, 
                "up":    { "uv": [ 5.375, 5.25, 5.875, 5.625 ], "texture": "#main" }, 
                "down":  { "uv": [ 5.875, 5.25, 6.375, 5.625 ], "texture": "#main" }
            }
        }, 
        {
            "name": "body", 
            "from": [ 3.9, -1.1, 4.4 ], 
            "to":   [ 12.1, 16.1, 11.6 ], 
            "faces": {
                "north": { "uv": [ 4.375, 6.75, 4.875, 7.875 ], "texture": "#main" }, 
                "east":  { "uv": [ 4, 6.75, 4.375, 7.875 ], "texture": "#main" }, 
                "south": { "uv": [ 5.25, 6.75, 5.75, 7.875 ], "texture": "#main" }, 
                "west":  { "uv": [ 4.875, 6.75, 5.3125, 7.875 ], "texture": "#main" }, 
                "up":    { "uv": [ 4.375, 6.375, 4.875, 6.75 ], "texture": "#main" }, 
                "down":  { "uv": [ 5.8125, 6.75, 6.3125, 7.125 ], "texture": "#main" }
            }
        }, 
        {
            "name": "leg", 
            "from": [ 8, -8, 6 ], 
            "to":   [ 12, 4, 10 ], 
            "faces": {
                "north": { "uv": [ 4.25, 5.625, 4.5, 6.375 ], "texture": "#main" }, 
                "east":  { "uv": [ 4, 5.625, 4.25, 6.375 ], "texture": "#main" }, 
                "south": { "uv": [ 4.75, 5.625, 5, 6.375 ], "texture": "#main" }, 
                "west":  { "uv": [ 4.5, 5.625, 4.75, 6.375 ], "texture": "#main" }, 
                "up":    { "uv": [ 4, 5.625, 4.25, 6.375 ], "texture": "#main" }, 
                "down":  { "uv": [ 4.5, 5.375, 4.75, 5.625 ], "texture": "#main" }
            }
        }, 
        {
            "name": "leg", 
            "from": [ 4, -8, 6 ], 
            "to":   [ 8, 4, 10 ], 
            "faces": {
                "north": { "uv": [ 4.25, 5.625, 4.5, 6.375 ], "texture": "#main" }, 
                "east":  { "uv": [ 4, 5.625, 4.25, 6.375 ], "texture": "#main" }, 
                "south": { "uv": [ 4.75, 5.625, 5, 6.375 ], "texture": "#main" }, 
                "west":  { "uv": [ 4.5, 5.625, 4.75, 6.375 ], "texture": "#main" }, 
                "up":    { "uv": [ 4, 5.625, 4.25, 6.375 ], "texture": "#main" }, 
                "down":  { "uv": [ 4.5, 5.375, 4.75, 5.625 ], "texture": "#main" }
            }
        }, 
        {
            "name": "robe", 
            "from": [ 3.5, -3.1, 4.3 ], 
            "to":   [ 12.5, 16.1, 11.7 ], 
            "faces": {
                "north": { "uv": [ 4.375, 6.75, 4.875, 8 ], "texture": "#main" }, 
                "east":  { "uv": [ 4, 6.75, 4.375, 8 ], "texture": "#main" }, 
                "south": { "uv": [ 5.25, 6.75, 5.75, 8 ], "texture": "#main" }, 
                "west":  { "uv": [ 4.875, 6.75, 5.3125, 8 ], "texture": "#main" }, 
                "up":    { "uv": [ 4.375, 6.375, 4.875, 6.75 ], "texture": "#main" }, 
                "down":  { "uv": [ 5.8125, 6.75, 6.3125, 7.125 ], "texture": "#main" }
            }
        }, 
        {
            "name": "sholder cap", 
            "from": [ -0.15, 11.75, 5.8 ], 
            "to":   [ 2.85, 14.75, 10.1 ], 
            "rotation": { "angle": 22.5, "axis": "z", "origin": [4, 14, 8] }, 
            "faces": {
                "north": { "uv": [ 7, 4.75, 7.1875, 4.9375 ], "texture": "#main" }, 
                "east":  { "uv": [ 6.9375, 4.6875, 7.125, 4.875 ], "texture": "#main" }, 
                "south": { "uv": [ 6.9375, 4.875, 7.125, 4.6875 ], "texture": "#main" }, 
                "west":  { "uv": [ 7.1875, 4.875, 6.9375, 4.6875 ], "texture": "#main" }, 
                "up":    { "uv": [ 6.9375, 4.6875, 7.125, 4.875 ], "texture": "#main" }, 
                "down":  { "uv": [ 6.9375, 4.6875, 7.125, 4.9375 ], "texture": "#main" }
            }
        }, 
        {
            "name": "leg", 
            "from": [ 0, 12, 6 ], 
            "to":   [ 4, 24, 10 ], 
            "rotation": { "angle": 22.5, "axis": "z", "origin": [4, 14, 8] }, 
            "faces": {
                "north": { "uv": [ 7.5, 5.625, 7.75, 6.375 ], "rotation":180, "texture": "#main" }, 
                "east":  { "uv": [ 6.75, 5.625, 7, 6.375 ], "rotation":180, "texture": "#main" }, 
                "south": { "uv": [ 7, 5.625, 7.25, 6.375 ], "rotation":180, "texture": "#main" }, 
                "west":  { "uv": [ 7.25, 5.625, 7.5, 6.375 ], "rotation":180, "texture": "#main" }, 
                "up":    { "uv": [ 6.75, 5.375, 7, 5.625 ], "texture": "#main" }, 
                "down":  { "uv": [ 7, 5.375, 7.25, 5.625 ], "texture": "#main" }
            }
        }, 
        {
            "name": "sleeve", 
            "from": [ -0.1, 20.5, 5.9 ], 
            "to":   [ 4.1, 21.5, 10.1 ], 
            "rotation": { "angle": 22.5, "axis": "z", "origin": [4, 14, 8] }, 
            "faces": {
                "north": { "uv": [ 7.375, 6.375, 7.4375, 6.625 ], "rotation":90, "texture": "#main" }, 
                "east":  { "uv": [ 7.375, 6.375, 7.4375, 6.625 ], "rotation":90, "texture": "#main" }, 
                "south": { "uv": [ 7.375, 6.375, 7.4375, 6.625 ], "rotation":90, "texture": "#main" }, 
                "west":  { "uv": [ 7.375, 6.375, 7.4375, 6.625 ], "rotation":270, "texture": "#main" }, 
                "up":    { "uv": [ 7.375, 6.375, 7.4375, 6.625 ], "rotation":270, "texture": "#main" }, 
                "down":  { "uv": [ 7.375, 6.375, 7.4375, 6.625 ], "rotation":270, "texture": "#main" }
            }
        }, 
        {
            "name": "sholder cap", 
            "from": [ 13.15, 11.75, 5.8 ], 
            "to":   [ 16.15, 14.75, 10.1 ], 
            "rotation": { "angle": -22.5, "axis": "z", "origin": [12, 14, 8] }, 
            "faces": {
                "north": { "uv": [ 7, 4.75, 7.1875, 4.9375 ], "texture": "#main" }, 
                "east":  { "uv": [ 6.9375, 4.875, 7.125, 4.6875 ], "texture": "#main" }, 
                "south": { "uv": [ 7.125, 4.875, 6.9375, 4.6875 ], "texture": "#main" }, 
                "west":  { "uv": [ 7.1875, 4.875, 6.9375, 4.6875 ], "texture": "#main" }, 
                "up":    { "uv": [ 6.9375, 4.6875, 7.125, 4.875 ], "texture": "#main" }, 
                "down":  { "uv": [ 7.125, 4.6875, 6.9375, 4.9375 ], "texture": "#main" }
            }
        }, 
        {
            "name": "leg", 
            "from": [ 12, 12, 6 ], 
            "to":   [ 16, 24, 10 ], 
            "rotation": { "angle": -22.5, "axis": "z", "origin": [12, 14, 8] }, 
            "faces": {
                "north": { "uv": [ 7.75, 5.625, 7.5, 6.375 ], "rotation":180, "texture": "#main" }, 
                "east":  { "uv": [ 6.75, 5.625, 7, 6.375 ], "rotation":180, "texture": "#main" }, 
                "south": { "uv": [ 7.25, 5.625, 7, 6.375 ], "rotation":180, "texture": "#main" }, 
                "west":  { "uv": [ 7.25, 5.625, 7.5, 6.375 ], "rotation":180, "texture": "#main" }, 
                "up":    { "uv": [ 6.75, 5.375, 7, 5.625 ], "texture": "#main" }, 
                "down":  { "uv": [ 7, 5.375, 7.25, 5.625 ], "texture": "#main" }
            }
        }, 
        {
            "name": "sleeve", 
            "from": [ 11.9, 20.5, 5.9 ], 
            "to":   [ 16.1, 21.5, 10.1 ], 
            "rotation": { "angle": -22.5, "axis": "z", "origin": [12, 14, 8] }, 
            "faces": {
                "north": { "uv": [ 7.375, 6.375, 7.4375, 6.625 ], "rotation":90, "texture": "#main" }, 
                "east":  { "uv": [ 7.375, 6.375, 7.4375, 6.625 ], "rotation":90, "texture": "#main" }, 
                "south": { "uv": [ 7.375, 6.375, 7.4375, 6.625 ], "rotation":90, "texture": "#main" }, 
                "west":  { "uv": [ 7.375, 6.375, 7.4375, 6.625 ], "rotation":270, "texture": "#main" }, 
                "up":    { "uv": [ 7.375, 6.375, 7.4375, 6.625 ], "rotation":270, "texture": "#main" }, 
                "down":  { "uv": [ 7.375, 6.375, 7.4375, 6.625 ], "rotation":270, "texture": "#main" }
            }
        }, 
        {
            "name": "body", 
            "from": [ 4, 4, 4.5 ], 
            "to":   [ 12, 16, 11.5 ], 
            "faces": {
                "north": { "uv": [ 9.375, 5.625, 9.875, 6.375 ], "texture": "#main" }, 
                "east":  { "uv": [ 9, 5.625, 9.375, 6.375 ], "texture": "#main" }, 
                "south": { "uv": [ 10.25, 5.625, 10.75, 6.375 ], "texture": "#main" }, 
                "west":  { "uv": [ 9.875, 5.625, 10.3125, 6.375 ], "texture": "#main" }, 
                "up":    { "uv": [ 9.375, 5.25, 9.875, 5.625 ], "texture": "#main" }, 
                "down":  { "uv": [ 9.875, 5.25, 10.375, 5.625 ], "texture": "#main" }
            }
        }, 
        {
            "name": "body", 
            "from": [ 3.9, -1.1, 4.4 ], 
            "to":   [ 12.1, 16.1, 11.6 ], 
            "faces": {
                "north": { "uv": [ 8.375, 6.75, 8.875, 7.875 ], "texture": "#main" }, 
                "east":  { "uv": [ 8, 6.75, 8.375, 7.875 ], "texture": "#main" }, 
                "south": { "uv": [ 9.25, 6.75, 9.75, 7.875 ], "texture": "#main" }, 
                "west":  { "uv": [ 8.875, 6.75, 9.3125, 7.875 ], "texture": "#main" }, 
                "up":    { "uv": [ 8.375, 6.375, 8.875, 6.75 ], "texture": "#main" }, 
                "down":  { "uv": [ 9.8125, 6.75, 10.3125, 7.125 ], "texture": "#main" }
            }
        }, 
        {
            "name": "leg", 
            "from": [ 8, -8, 6 ], 
            "to":   [ 12, 4, 10 ], 
            "faces": {
                "north": { "uv": [ 8.25, 5.625, 8.5, 6.375 ], "texture": "#main" }, 
                "east":  { "uv": [ 8, 5.625, 8.25, 6.375 ], "texture": "#main" }, 
                "south": { "uv": [ 8.75, 5.625, 9, 6.375 ], "texture": "#main" }, 
                "west":  { "uv": [ 8.5, 5.625, 8.75, 6.375 ], "texture": "#main" }, 
                "up":    { "uv": [ 8, 5.625, 8.25, 6.375 ], "texture": "#main" }, 
                "down":  { "uv": [ 8.5, 5.375, 8.75, 5.625 ], "texture": "#main" }
            }
        }, 
        {
            "name": "leg", 
            "from": [ 4, -8, 6 ], 
            "to":   [ 8, 4, 10 ], 
            "faces": {
                "north": { "uv": [ 8.25, 5.625, 8.5, 6.375 ], "texture": "#main" }, 
                "east":  { "uv": [ 8, 5.625, 8.25, 6.375 ], "texture": "#main" }, 
                "south": { "uv": [ 8.75, 5.625, 9, 6.375 ], "texture": "#main" }, 
                "west":  { "uv": [ 8.5, 5.625, 8.75, 6.375 ], "texture": "#main" }, 
                "up":    { "uv": [ 8, 5.625, 8.25, 6.375 ], "texture": "#main" }, 
                "down":  { "uv": [ 8.5, 5.375, 8.75, 5.625 ], "texture": "#main" }
            }
        }, 
        {
            "name": "robe", 
            "from": [ 3.5, -3.1, 4.3 ], 
            "to":   [ 12.5, 16.1, 11.7 ], 
            "faces": {
                "north": { "uv": [ 8.375, 6.75, 8.875, 8 ], "texture": "#main" }, 
                "east":  { "uv": [ 8, 6.75, 8.375, 8 ], "texture": "#main" }, 
                "south": { "uv": [ 9.25, 6.75, 9.75, 8 ], "texture": "#main" }, 
                "west":  { "uv": [ 8.875, 6.75, 9.3125, 8 ], "texture": "#main" }, 
                "up":    { "uv": [ 8.375, 6.375, 8.875, 6.75 ], "texture": "#main" }, 
                "down":  { "uv": [ 9.8125, 6.75, 10.3125, 7.125 ], "texture": "#main" }
            }
        }, 
        {
            "name": "sholder cap", 
            "from": [ -0.15, 11.75, 5.8 ], 
            "to":   [ 2.85, 14.75, 10.1 ], 
            "rotation": { "angle": 45, "axis": "z", "origin": [4, 14, 8] }, 
            "faces": {
                "north": { "uv": [ 11, 4.75, 11.1875, 4.9375 ], "texture": "#main" }, 
                "east":  { "uv": [ 10.9375, 4.6875, 11.125, 4.875 ], "texture": "#main" }, 
                "south": { "uv": [ 10.9375, 4.875, 11.125, 4.6875 ], "texture": "#main" }, 
                "west":  { "uv": [ 11.1875, 4.875, 10.9375, 4.6875 ], "texture": "#main" }, 
                "up":    { "uv": [ 10.9375, 4.6875, 11.125, 4.875 ], "texture": "#main" }, 
                "down":  { "uv": [ 10.9375, 4.6875, 11.125, 4.9375 ], "texture": "#main" }
            }
        }, 
        {
            "name": "leg", 
            "from": [ 0, 12, 6 ], 
            "to":   [ 4, 24, 10 ], 
            "rotation": { "angle": 45, "axis": "z", "origin": [4, 14, 8] }, 
            "faces": {
                "north": { "uv": [ 11.5, 5.625, 11.75, 6.375 ], "rotation":180, "texture": "#main" }, 
                "east":  { "uv": [ 10.75, 5.625, 11, 6.375 ], "rotation":180, "texture": "#main" }, 
                "south": { "uv": [ 11, 5.625, 11.25, 6.375 ], "rotation":180, "texture": "#main" }, 
                "west":  { "uv": [ 11.25, 5.625, 11.5, 6.375 ], "rotation":180, "texture": "#main" }, 
                "up":    { "uv": [ 10.75, 5.375, 11, 5.625 ], "texture": "#main" }, 
                "down":  { "uv": [ 11, 5.375, 11.25, 5.625 ], "texture": "#main" }
            }
        }, 
        {
            "name": "sleeve", 
            "from": [ -0.1, 20.5, 5.9 ], 
            "to":   [ 4.1, 21.5, 10.1 ], 
            "rotation": { "angle": 45, "axis": "z", "origin": [4, 14, 8] }, 
            "faces": {
                "north": { "uv": [ 11.375, 6.375, 11.4375, 6.625 ], "rotation":90, "texture": "#main" }, 
                "east":  { "uv": [ 11.375, 6.375, 11.4375, 6.625 ], "rotation":90, "texture": "#main" }, 
                "south": { "uv": [ 11.375, 6.375, 11.4375, 6.625 ], "rotation":90, "texture": "#main" }, 
                "west":  { "uv": [ 11.375, 6.375, 11.4375, 6.625 ], "rotation":270, "texture": "#main" }, 
                "up":    { "uv": [ 11.375, 6.375, 11.4375, 6.625 ], "rotation":270, "texture": "#main" }, 
                "down":  { "uv": [ 11.375, 6.375, 11.4375, 6.625 ], "rotation":270, "texture": "#main" }
            }
        }, 
        {
            "name": "sholder cap", 
            "from": [ 13.15, 11.75, 5.8 ], 
            "to":   [ 16.15, 14.75, 10.1 ], 
            "rotation": { "angle": -45, "axis": "z", "origin": [12, 14, 8] }, 
            "faces": {
                "north": { "uv": [ 11, 4.75, 11.1875, 4.9375 ], "texture": "#main" }, 
                "east":  { "uv": [ 10.9375, 4.875, 11.125, 4.6875 ], "texture": "#main" }, 
                "south": { "uv": [ 11.125, 4.875, 10.9375, 4.6875 ], "texture": "#main" }, 
                "west":  { "uv": [ 11.1875, 4.875, 10.9375, 4.6875 ], "texture": "#main" }, 
                "up":    { "uv": [ 10.9375, 4.6875, 11.125, 4.875 ], "texture": "#main" }, 
                "down":  { "uv": [ 11.125, 4.6875, 10.9375, 4.9375 ], "texture": "#main" }
            }
        }, 
        {
            "name": "leg", 
            "from": [ 12, 12, 6 ], 
            "to":   [ 16, 24, 10 ], 
            "rotation": { "angle": -45, "axis": "z", "origin": [12, 14, 8] }, 
            "faces": {
                "north": { "uv": [ 11.75, 5.625, 11.5, 6.375 ], "rotation":180, "texture": "#main" }, 
                "east":  { "uv": [ 10.75, 5.625, 11, 6.375 ], "rotation":180, "texture": "#main" }, 
                "south": { "uv": [ 11.25, 5.625, 11, 6.375 ], "rotation":180, "texture": "#main" }, 
                "west":  { "uv": [ 11.25, 5.625, 11.5, 6.375 ], "rotation":180, "texture": "#main" }, 
                "up":    { "uv": [ 10.75, 5.375, 11, 5.625 ], "texture": "#main" }, 
                "down":  { "uv": [ 11, 5.375, 11.25, 5.625 ], "texture": "#main" }
            }
        }, 
        {
            "name": "sleeve", 
            "from": [ 11.9, 20.5, 5.9 ], 
            "to":   [ 16.1, 21.5, 10.1 ], 
            "rotation": { "angle": -45, "axis": "z", "origin": [12, 14, 8] }, 
            "faces": {
                "north": { "uv": [ 11.375, 6.375, 11.4375, 6.625 ], "rotation":90, "texture": "#main" }, 
                "east":  { "uv": [ 11.375, 6.375, 11.4375, 6.625 ], "rotation":90, "texture": "#main" }, 
                "south": { "uv": [ 11.375, 6.375, 11.4375, 6.625 ], "rotation":90, "texture": "#main" }, 
                "west":  { "uv": [ 11.375, 6.375, 11.4375, 6.625 ], "rotation":270, "texture": "#main" }, 
                "up":    { "uv": [ 11.375, 6.375, 11.4375, 6.625 ], "rotation":270, "texture": "#main" }, 
                "down":  { "uv": [ 11.375, 6.375, 11.4375, 6.625 ], "rotation":270, "texture": "#main" }
            }
        }, 
        {
            "name": "body", 
            "from": [ 4, 4, 4.5 ], 
            "to":   [ 12, 16, 11.5 ], 
            "faces": {
                "north": { "uv": [ 13.34375, 5.40625, 13.46875, 5.59375 ], "texture": "#main" }, 
                "east":  { "uv": [ 13.25, 5.40625, 13.34375, 5.59375 ], "texture": "#main" }, 
                "south": { "uv": [ 13.5625, 5.40625, 13.6875, 5.59375 ], "texture": "#main" }, 
                "west":  { "uv": [ 13.46875, 5.40625, 13.578125, 5.59375 ], "texture": "#main" }, 
                "up":    { "uv": [ 13.34375, 5.3125, 13.46875, 5.40625 ], "texture": "#main" }, 
                "down":  { "uv": [ 13.46875, 5.3125, 13.59375, 5.40625 ], "texture": "#main" }
            }
        }, 
        {
            "name": "body", 
            "from": [ 3.9, -1.1, 4.4 ], 
            "to":   [ 12.1, 16.1, 11.6 ], 
            "faces": {
                "north": { "uv": [ 13.09375, 5.6875, 13.21875, 5.96875 ], "texture": "#main" }, 
                "east":  { "uv": [ 13, 5.6875, 13.09375, 5.96875 ], "texture": "#main" }, 
                "south": { "uv": [ 13.3125, 5.6875, 13.4375, 5.96875 ], "texture": "#main" }, 
                "west":  { "uv": [ 13.21875, 5.6875, 13.328125, 5.96875 ], "texture": "#main" }, 
                "up":    { "uv": [ 13.09375, 5.59375, 13.21875, 5.6875 ], "texture": "#main" }, 
                "down":  { "uv": [ 13.453125, 5.6875, 13.578125, 5.78125 ], "texture": "#main" }
            }
        }, 
        {
            "name": "leg", 
            "from": [ 8, -8, 6 ], 
            "to":   [ 12, 4, 10 ], 
            "faces": {
                "north": { "uv": [ 13.0625, 5.40625, 13.125, 5.59375 ], "texture": "#main" }, 
                "east":  { "uv": [ 13, 5.40625, 13.0625, 5.59375 ], "texture": "#main" }, 
                "south": { "uv": [ 13.1875, 5.40625, 13.25, 5.59375 ], "texture": "#main" }, 
                "west":  { "uv": [ 13.125, 5.40625, 13.1875, 5.59375 ], "texture": "#main" }, 
                "up":    { "uv": [ 13, 5.40625, 13.0625, 5.59375 ], "texture": "#main" }, 
                "down":  { "uv": [ 13.125, 5.34375, 13.1875, 5.40625 ], "texture": "#main" }
            }
        }, 
        {
            "name": "leg", 
            "from": [ 4, -8, 6 ], 
            "to":   [ 8, 4, 10 ], 
            "faces": {
                "north": { "uv": [ 13.0625, 5.40625, 13.125, 5.59375 ], "texture": "#main" }, 
                "east":  { "uv": [ 13, 5.40625, 13.0625, 5.59375 ], "texture": "#main" }, 
                "south": { "uv": [ 13.1875, 5.40625, 13.25, 5.59375 ], "texture": "#main" }, 
                "west":  { "uv": [ 13.125, 5.40625, 13.1875, 5.59375 ], "texture": "#main" }, 
                "up":    { "uv": [ 13, 5.40625, 13.0625, 5.59375 ], "texture": "#main" }, 
                "down":  { "uv": [ 13.125, 5.34375, 13.1875, 5.40625 ], "texture": "#main" }
            }
        }, 
        {
            "name": "robe", 
            "from": [ 3.5, -3.1, 4.3 ], 
            "to":   [ 12.5, 16.1, 11.7 ], 
            "faces": {
                "north": { "uv": [ 13.09375, 5.6875, 13.21875, 6 ], "texture": "#main" }, 
                "east":  { "uv": [ 13, 5.6875, 13.09375, 6 ], "texture": "#main" }, 
                "south": { "uv": [ 13.3125, 5.6875, 13.4375, 6 ], "texture": "#main" }, 
                "west":  { "uv": [ 13.21875, 5.6875, 13.328125, 6 ], "texture": "#main" }, 
                "up":    { "uv": [ 13.09375, 5.59375, 13.21875, 5.6875 ], "texture": "#main" }, 
                "down":  { "uv": [ 13.453125, 5.6875, 13.578125, 5.78125 ], "texture": "#main" }
            }
        }, 
        {
            "name": "sholder cap", 
            "from": [ -0.15, 11.8, 7.25 ], 
            "to":   [ 2.85, 16.1, 10.25 ], 
            "rotation": { "angle": 22.5, "axis": "x", "origin": [4, 14, 8] }, 
            "faces": {
                "north": { "uv": [ 13.734375, 5.171875, 13.78125, 5.21875 ], "rotation":180, "texture": "#main" }, 
                "east":  { "uv": [ 13.734375, 5.171875, 13.78125, 5.21875 ], "rotation":90, "texture": "#main" }, 
                "south": { "uv": [ 13.734375, 5.171875, 13.78125, 5.234375 ], "texture": "#main" }, 
                "west":  { "uv": [ 13.796875, 5.21875, 13.734375, 5.171875 ], "rotation":270, "texture": "#main" }, 
                "up":    { "uv": [ 13.734375, 5.21875, 13.78125, 5.171875 ], "texture": "#main" }, 
                "down":  { "uv": [ 13.75, 5.1875, 13.796875, 5.234375 ], "rotation":180, "texture": "#main" }
            }
        }, 
        {
            "name": "leg", 
            "from": [ 0, 12, -2 ], 
            "to":   [ 4, 16, 10 ], 
            "rotation": { "angle": 22.5, "axis": "x", "origin": [4, 14, 8] }, 
            "faces": {
                "north": { "uv": [ 13.6875, 5.34375, 13.75, 5.40625 ], "rotation":180, "texture": "#main" }, 
                "east":  { "uv": [ 13.6875, 5.40625, 13.75, 5.59375 ], "rotation":270, "texture": "#main" }, 
                "south": { "uv": [ 13.75, 5.34375, 13.8125, 5.40625 ], "texture": "#main" }, 
                "west":  { "uv": [ 13.8125, 5.40625, 13.875, 5.59375 ], "rotation":90, "texture": "#main" }, 
                "up":    { "uv": [ 13.75, 5.40625, 13.8125, 5.59375 ], "rotation":180, "texture": "#main" }, 
                "down":  { "uv": [ 13.875, 5.40625, 13.9375, 5.59375 ], "texture": "#main" }
            }
        }, 
        {
            "name": "sleeve", 
            "from": [ -0.1, 11.9, 0.5 ], 
            "to":   [ 4.1, 16.1, 1.5 ], 
            "rotation": { "angle": 22.5, "axis": "x", "origin": [4, 14, 8] }, 
            "faces": {
                "north": { "uv": [ 13.84375, 5.59375, 13.859375, 5.65625 ], "rotation":90, "texture": "#main" }, 
                "east":  { "uv": [ 13.84375, 5.59375, 13.859375, 5.65625 ], "rotation":180, "texture": "#main" }, 
                "south": { "uv": [ 13.84375, 5.59375, 13.859375, 5.65625 ], "rotation":270, "texture": "#main" }, 
                "west":  { "uv": [ 13.84375, 5.59375, 13.859375, 5.65625 ], "rotation":180, "texture": "#main" }, 
                "up":    { "uv": [ 13.84375, 5.59375, 13.859375, 5.65625 ], "rotation":90, "texture": "#main" }, 
                "down":  { "uv": [ 13.84375, 5.59375, 13.859375, 5.65625 ], "rotation":270, "texture": "#main" }
            }
        }, 
        {
            "name": "sholder cap", 
            "from": [ 13.15, 11.8, 7.25 ], 
            "to":   [ 16.15, 16.1, 10.25 ], 
            "rotation": { "angle": 22.5, "axis": "x", "origin": [12, 14, 8] }, 
            "faces": {
                "north": { "uv": [ 13.734375, 5.171875, 13.78125, 5.21875 ], "rotation":180, "texture": "#main" }, 
                "east":  { "uv": [ 13.734375, 5.21875, 13.78125, 5.171875 ], "rotation":90, "texture": "#main" }, 
                "south": { "uv": [ 13.78125, 5.171875, 13.734375, 5.234375 ], "texture": "#main" }, 
                "west":  { "uv": [ 13.796875, 5.21875, 13.734375, 5.171875 ], "rotation":270, "texture": "#main" }, 
                "up":    { "uv": [ 13.78125, 5.21875, 13.734375, 5.171875 ], "texture": "#main" }, 
                "down":  { "uv": [ 13.75, 5.1875, 13.796875, 5.234375 ], "rotation":180, "texture": "#main" }
            }
        }, 
        {
            "name": "leg", 
            "from": [ 12, 12, -2 ], 
            "to":   [ 16, 16, 10 ], 
            "rotation": { "angle": 22.5, "axis": "x", "origin": [12, 14, 8] }, 
            "faces": {
                "north": { "uv": [ 13.6875, 5.34375, 13.75, 5.40625 ], "rotation":180, "texture": "#main" }, 
                "east":  { "uv": [ 13.6875, 5.40625, 13.75, 5.59375 ], "rotation":270, "texture": "#main" }, 
                "south": { "uv": [ 13.75, 5.34375, 13.8125, 5.40625 ], "texture": "#main" }, 
                "west":  { "uv": [ 13.8125, 5.40625, 13.875, 5.59375 ], "rotation":90, "texture": "#main" }, 
                "up":    { "uv": [ 13.8125, 5.40625, 13.75, 5.59375 ], "rotation":180, "texture": "#main" }, 
                "down":  { "uv": [ 13.9375, 5.40625, 13.875, 5.59375 ], "texture": "#main" }
            }
        }, 
        {
            "name": "sleeve", 
            "from": [ 11.9, 11.9, 0.5 ], 
            "to":   [ 16.1, 16.1, 1.5 ], 
            "rotation": { "angle": 22.5, "axis": "x", "origin": [12, 14, 8] }, 
            "faces": {
                "north": { "uv": [ 13.84375, 5.59375, 13.859375, 5.65625 ], "rotation":90, "texture": "#main" }, 
                "east":  { "uv": [ 13.84375, 5.59375, 13.859375, 5.65625 ], "rotation":180, "texture": "#main" }, 
                "south": { "uv": [ 13.84375, 5.59375, 13.859375, 5.65625 ], "rotation":270, "texture": "#main" }, 
                "west":  { "uv": [ 13.84375, 5.59375, 13.859375, 5.65625 ], "rotation":180, "texture": "#main" }, 
                "up":    { "uv": [ 13.84375, 5.59375, 13.859375, 5.65625 ], "rotation":90, "texture": "#main" }, 
                "down":  { "uv": [ 13.84375, 5.59375, 13.859375, 5.65625 ], "rotation":270, "texture": "#main" }
            }
        }, 
        {
            "name": "body", 
            "from": [ 4, 4, 4.5 ], 
            "to":   [ 12, 16, 11.5 ], 
            "faces": {
                "north": { "uv": [ 3.34375, 8.40625, 3.46875, 8.59375 ], "texture": "#main" }, 
                "east":  { "uv": [ 3.25, 8.40625, 3.34375, 8.59375 ], "texture": "#main" }, 
                "south": { "uv": [ 3.5625, 8.40625, 3.6875, 8.59375 ], "texture": "#main" }, 
                "west":  { "uv": [ 3.46875, 8.40625, 3.578125, 8.59375 ], "texture": "#main" }, 
                "up":    { "uv": [ 3.34375, 8.3125, 3.46875, 8.40625 ], "texture": "#main" }, 
                "down":  { "uv": [ 3.46875, 8.3125, 3.59375, 8.40625 ], "texture": "#main" }
            }
        }, 
        {
            "name": "body", 
            "from": [ 3.9, -1.1, 4.4 ], 
            "to":   [ 12.1, 16.1, 11.6 ], 
            "faces": {
                "north": { "uv": [ 3.09375, 8.6875, 3.21875, 8.96875 ], "texture": "#main" }, 
                "east":  { "uv": [ 3, 8.6875, 3.09375, 8.96875 ], "texture": "#main" }, 
                "south": { "uv": [ 3.3125, 8.6875, 3.4375, 8.96875 ], "texture": "#main" }, 
                "west":  { "uv": [ 3.21875, 8.6875, 3.328125, 8.96875 ], "texture": "#main" }, 
                "up":    { "uv": [ 3.09375, 8.59375, 3.21875, 8.6875 ], "texture": "#main" }, 
                "down":  { "uv": [ 3.453125, 8.6875, 3.578125, 8.78125 ], "texture": "#main" }
            }
        }, 
        {
            "name": "leg", 
            "from": [ 8, -8, 6 ], 
            "to":   [ 12, 4, 10 ], 
            "faces": {
                "north": { "uv": [ 3.0625, 8.40625, 3.125, 8.59375 ], "texture": "#main" }, 
                "east":  { "uv": [ 3, 8.40625, 3.0625, 8.59375 ], "texture": "#main" }, 
                "south": { "uv": [ 3.1875, 8.40625, 3.25, 8.59375 ], "texture": "#main" }, 
                "west":  { "uv": [ 3.125, 8.40625, 3.1875, 8.59375 ], "texture": "#main" }, 
                "up":    { "uv": [ 3, 8.40625, 3.0625, 8.59375 ], "texture": "#main" }, 
                "down":  { "uv": [ 3.125, 8.34375, 3.1875, 8.40625 ], "texture": "#main" }
            }
        }, 
        {
            "name": "leg", 
            "from": [ 4, -8, 6 ], 
            "to":   [ 8, 4, 10 ], 
            "faces": {
                "north": { "uv": [ 3.0625, 8.40625, 3.125, 8.59375 ], "texture": "#main" }, 
                "east":  { "uv": [ 3, 8.40625, 3.0625, 8.59375 ], "texture": "#main" }, 
                "south": { "uv": [ 3.1875, 8.40625, 3.25, 8.59375 ], "texture": "#main" }, 
                "west":  { "uv": [ 3.125, 8.40625, 3.1875, 8.59375 ], "texture": "#main" }, 
                "up":    { "uv": [ 3, 8.40625, 3.0625, 8.59375 ], "texture": "#main" }, 
                "down":  { "uv": [ 3.125, 8.34375, 3.1875, 8.40625 ], "texture": "#main" }
            }
        }, 
        {
            "name": "robe", 
            "from": [ 3.5, -3.1, 4.3 ], 
            "to":   [ 12.5, 16.1, 11.7 ], 
            "faces": {
                "north": { "uv": [ 3.09375, 8.6875, 3.21875, 9 ], "texture": "#main" }, 
                "east":  { "uv": [ 3, 8.6875, 3.09375, 9 ], "texture": "#main" }, 
                "south": { "uv": [ 3.3125, 8.6875, 3.4375, 9 ], "texture": "#main" }, 
                "west":  { "uv": [ 3.21875, 8.6875, 3.328125, 9 ], "texture": "#main" }, 
                "up":    { "uv": [ 3.09375, 8.59375, 3.21875, 8.6875 ], "texture": "#main" }, 
                "down":  { "uv": [ 3.453125, 8.6875, 3.578125, 8.78125 ], "texture": "#main" }
            }
        }, 
        {
            "name": "sholder cap", 
            "from": [ -0.15, 11.8, 7.25 ], 
            "to":   [ 2.85, 16.1, 10.25 ], 
            "rotation": { "angle": -22.5, "axis": "x", "origin": [4, 14, 8] }, 
            "faces": {
                "north": { "uv": [ 3.734375, 8.171875, 3.78125, 8.21875 ], "rotation":180, "texture": "#main" }, 
                "east":  { "uv": [ 3.734375, 8.171875, 3.78125, 8.21875 ], "rotation":90, "texture": "#main" }, 
                "south": { "uv": [ 3.734375, 8.171875, 3.78125, 8.234375 ], "texture": "#main" }, 
                "west":  { "uv": [ 3.796875, 8.21875, 3.734375, 8.171875 ], "rotation":270, "texture": "#main" }, 
                "up":    { "uv": [ 3.734375, 8.21875, 3.78125, 8.171875 ], "texture": "#main" }, 
                "down":  { "uv": [ 3.75, 8.1875, 3.796875, 8.234375 ], "rotation":180, "texture": "#main" }
            }
        }, 
        {
            "name": "leg", 
            "from": [ 0, 12, -2 ], 
            "to":   [ 4, 16, 10 ], 
            "rotation": { "angle": -22.5, "axis": "x", "origin": [4, 14, 8] }, 
            "faces": {
                "north": { "uv": [ 3.6875, 8.34375, 3.75, 8.40625 ], "rotation":180, "texture": "#main" }, 
                "east":  { "uv": [ 3.6875, 8.40625, 3.75, 8.59375 ], "rotation":270, "texture": "#main" }, 
                "south": { "uv": [ 3.75, 8.34375, 3.8125, 8.40625 ], "texture": "#main" }, 
                "west":  { "uv": [ 3.8125, 8.40625, 3.875, 8.59375 ], "rotation":90, "texture": "#main" }, 
                "up":    { "uv": [ 3.75, 8.40625, 3.8125, 8.59375 ], "rotation":180, "texture": "#main" }, 
                "down":  { "uv": [ 3.875, 8.40625, 3.9375, 8.59375 ], "texture": "#main" }
            }
        }, 
        {
            "name": "sleeve", 
            "from": [ -0.1, 11.9, 0.5 ], 
            "to":   [ 4.1, 16.1, 1.5 ], 
            "rotation": { "angle": -22.5, "axis": "x", "origin": [4, 14, 8] }, 
            "faces": {
                "north": { "uv": [ 3.84375, 8.59375, 3.859375, 8.65625 ], "rotation":90, "texture": "#main" }, 
                "east":  { "uv": [ 3.84375, 8.59375, 3.859375, 8.65625 ], "rotation":180, "texture": "#main" }, 
                "south": { "uv": [ 3.84375, 8.59375, 3.859375, 8.65625 ], "rotation":270, "texture": "#main" }, 
                "west":  { "uv": [ 3.84375, 8.59375, 3.859375, 8.65625 ], "rotation":180, "texture": "#main" }, 
                "up":    { "uv": [ 3.84375, 8.59375, 3.859375, 8.65625 ], "rotation":90, "texture": "#main" }, 
                "down":  { "uv": [ 3.84375, 8.59375, 3.859375, 8.65625 ], "rotation":270, "texture": "#main" }
            }
        }, 
        {
            "name": "sholder cap", 
            "from": [ 13.15, 11.8, 7.25 ], 
            "to":   [ 16.15, 16.1, 10.25 ], 
            "rotation": { "angle": -22.5, "axis": "x", "origin": [12, 14, 8] }, 
            "faces": {
                "north": { "uv": [ 3.734375, 8.171875, 3.78125, 8.21875 ], "rotation":180, "texture": "#main" }, 
                "east":  { "uv": [ 3.734375, 8.21875, 3.78125, 8.171875 ], "rotation":90, "texture": "#main" }, 
                "south": { "uv": [ 3.78125, 8.171875, 3.734375, 8.234375 ], "texture": "#main" }, 
                "west":  { "uv": [ 3.796875, 8.21875, 3.734375, 8.171875 ], "rotation":270, "texture": "#main" }, 
                "up":    { "uv": [ 3.78125, 8.21875, 3.734375, 8.171875 ], "texture": "#main" }, 
                "down":  { "uv": [ 3.75, 8.1875, 3.796875, 8.234375 ], "rotation":180, "texture": "#main" }
            }
        }, 
        {
            "name": "leg", 
            "from": [ 12, 12, -2 ], 
            "to":   [ 16, 16, 10 ], 
            "rotation": { "angle": -22.5, "axis": "x", "origin": [12, 14, 8] }, 
            "faces": {
                "north": { "uv": [ 3.6875, 8.34375, 3.75, 8.40625 ], "rotation":180, "texture": "#main" }, 
                "east":  { "uv": [ 3.6875, 8.40625, 3.75, 8.59375 ], "rotation":270, "texture": "#main" }, 
                "south": { "uv": [ 3.75, 8.34375, 3.8125, 8.40625 ], "texture": "#main" }, 
                "west":  { "uv": [ 3.8125, 8.40625, 3.875, 8.59375 ], "rotation":90, "texture": "#main" }, 
                "up":    { "uv": [ 3.8125, 8.40625, 3.75, 8.59375 ], "rotation":180, "texture": "#main" }, 
                "down":  { "uv": [ 3.9375, 8.40625, 3.875, 8.59375 ], "texture": "#main" }
            }
        }, 
        {
            "name": "sleeve", 
            "from": [ 11.9, 11.9, 0.5 ], 
            "to":   [ 16.1, 16.1, 1.5 ], 
            "rotation": { "angle": -22.5, "axis": "x", "origin": [12, 14, 8] }, 
            "faces": {
                "north": { "uv": [ 3.84375, 8.59375, 3.859375, 8.65625 ], "rotation":90, "texture": "#main" }, 
                "east":  { "uv": [ 3.84375, 8.59375, 3.859375, 8.65625 ], "rotation":180, "texture": "#main" }, 
                "south": { "uv": [ 3.84375, 8.59375, 3.859375, 8.65625 ], "rotation":270, "texture": "#main" }, 
                "west":  { "uv": [ 3.84375, 8.59375, 3.859375, 8.65625 ], "rotation":180, "texture": "#main" }, 
                "up":    { "uv": [ 3.84375, 8.59375, 3.859375, 8.65625 ], "rotation":90, "texture": "#main" }, 
                "down":  { "uv": [ 3.84375, 8.59375, 3.859375, 8.65625 ], "rotation":270, "texture": "#main" }
            }
        }, 
        {
            "name": "body", 
            "from": [ 4, 4, 4.5 ], 
            "to":   [ 12, 16, 11.5 ], 
            "faces": {
                "north": { "uv": [ 5.34375, 8.40625, 5.46875, 8.59375 ], "texture": "#main" }, 
                "east":  { "uv": [ 5.25, 8.40625, 5.34375, 8.59375 ], "texture": "#main" }, 
                "south": { "uv": [ 5.5625, 8.40625, 5.6875, 8.59375 ], "texture": "#main" }, 
                "west":  { "uv": [ 5.46875, 8.40625, 5.578125, 8.59375 ], "texture": "#main" }, 
                "up":    { "uv": [ 5.34375, 8.3125, 5.46875, 8.40625 ], "texture": "#main" }, 
                "down":  { "uv": [ 5.46875, 8.3125, 5.59375, 8.40625 ], "texture": "#main" }
            }
        }, 
        {
            "name": "body", 
            "from": [ 3.9, -1.1, 4.4 ], 
            "to":   [ 12.1, 16.1, 11.6 ], 
            "faces": {
                "north": { "uv": [ 5.09375, 8.6875, 5.21875, 8.96875 ], "texture": "#main" }, 
                "east":  { "uv": [ 5, 8.6875, 5.09375, 8.96875 ], "texture": "#main" }, 
                "south": { "uv": [ 5.3125, 8.6875, 5.4375, 8.96875 ], "texture": "#main" }, 
                "west":  { "uv": [ 5.21875, 8.6875, 5.328125, 8.96875 ], "texture": "#main" }, 
                "up":    { "uv": [ 5.09375, 8.59375, 5.21875, 8.6875 ], "texture": "#main" }, 
                "down":  { "uv": [ 5.453125, 8.6875, 5.578125, 8.78125 ], "texture": "#main" }
            }
        }, 
        {
            "name": "leg", 
            "from": [ 8, -8, 6 ], 
            "to":   [ 12, 4, 10 ], 
            "faces": {
                "north": { "uv": [ 5.0625, 8.40625, 5.125, 8.59375 ], "texture": "#main" }, 
                "east":  { "uv": [ 5, 8.40625, 5.0625, 8.59375 ], "texture": "#main" }, 
                "south": { "uv": [ 5.1875, 8.40625, 5.25, 8.59375 ], "texture": "#main" }, 
                "west":  { "uv": [ 5.125, 8.40625, 5.1875, 8.59375 ], "texture": "#main" }, 
                "up":    { "uv": [ 5, 8.40625, 5.0625, 8.59375 ], "texture": "#main" }, 
                "down":  { "uv": [ 5.125, 8.34375, 5.1875, 8.40625 ], "texture": "#main" }
            }
        }, 
        {
            "name": "leg", 
            "from": [ 4, -8, 6 ], 
            "to":   [ 8, 4, 10 ], 
            "faces": {
                "north": { "uv": [ 5.0625, 8.40625, 5.125, 8.59375 ], "texture": "#main" }, 
                "east":  { "uv": [ 5, 8.40625, 5.0625, 8.59375 ], "texture": "#main" }, 
                "south": { "uv": [ 5.1875, 8.40625, 5.25, 8.59375 ], "texture": "#main" }, 
                "west":  { "uv": [ 5.125, 8.40625, 5.1875, 8.59375 ], "texture": "#main" }, 
                "up":    { "uv": [ 5, 8.40625, 5.0625, 8.59375 ], "texture": "#main" }, 
                "down":  { "uv": [ 5.125, 8.34375, 5.1875, 8.40625 ], "texture": "#main" }
            }
        }, 
        {
            "name": "robe", 
            "from": [ 3.5, -3.1, 4.3 ], 
            "to":   [ 12.5, 16.1, 11.7 ], 
            "faces": {
                "north": { "uv": [ 5.09375, 8.6875, 5.21875, 9 ], "texture": "#main" }, 
                "east":  { "uv": [ 5, 8.6875, 5.09375, 9 ], "texture": "#main" }, 
                "south": { "uv": [ 5.3125, 8.6875, 5.4375, 9 ], "texture": "#main" }, 
                "west":  { "uv": [ 5.21875, 8.6875, 5.328125, 9 ], "texture": "#main" }, 
                "up":    { "uv": [ 5.09375, 8.59375, 5.21875, 8.6875 ], "texture": "#main" }, 
                "down":  { "uv": [ 5.453125, 8.6875, 5.578125, 8.78125 ], "texture": "#main" }
            }
        }, 
        {
            "name": "sholder cap", 
            "from": [ -0.15, 13.25, 5.9 ], 
            "to":   [ 2.85, 16.25, 10.2 ], 
            "rotation": { "angle": 22.5, "axis": "x", "origin": [4, 14, 8] }, 
            "faces": {
                "north": { "uv": [ 5.734375, 8.21875, 5.78125, 8.171875 ], "rotation":180, "texture": "#main" }, 
                "east":  { "uv": [ 5.734375, 8.171875, 5.78125, 8.21875 ], "rotation":180, "texture": "#main" }, 
                "south": { "uv": [ 5.75, 8.1875, 5.796875, 8.234375 ], "rotation":180, "texture": "#main" }, 
                "west":  { "uv": [ 5.796875, 8.21875, 5.734375, 8.171875 ], "rotation":180, "texture": "#main" }, 
                "up":    { "uv": [ 5.734375, 8.171875, 5.78125, 8.234375 ], "texture": "#main" }, 
                "down":  { "uv": [ 5.734375, 8.171875, 5.78125, 8.21875 ], "texture": "#main" }
            }
        }, 
        {
            "name": "leg", 
            "from": [ 0, 4, 6 ], 
            "to":   [ 4, 16, 10 ], 
            "rotation": { "angle": 22.5, "axis": "x", "origin": [4, 14, 8] }, 
            "faces": {
                "north": { "uv": [ 5.75, 8.40625, 5.8125, 8.59375 ], "texture": "#main" }, 
                "east":  { "uv": [ 5.6875, 8.40625, 5.75, 8.59375 ], "texture": "#main" }, 
                "south": { "uv": [ 5.875, 8.40625, 5.9375, 8.59375 ], "texture": "#main" }, 
                "west":  { "uv": [ 5.8125, 8.40625, 5.875, 8.59375 ], "texture": "#main" }, 
                "up":    { "uv": [ 5.75, 8.34375, 5.8125, 8.40625 ], "texture": "#main" }, 
                "down":  { "uv": [ 5.6875, 8.34375, 5.75, 8.40625 ], "texture": "#main" }
            }
        }, 
        {
            "name": "sleeve", 
            "from": [ -0.1, 6.5, 5.9 ], 
            "to":   [ 4.1, 7.5, 10.1 ], 
            "rotation": { "angle": 22.5, "axis": "x", "origin": [4, 14, 8] }, 
            "faces": {
                "north": { "uv": [ 5.84375, 8.59375, 5.859375, 8.65625 ], "rotation":270, "texture": "#main" }, 
                "east":  { "uv": [ 5.84375, 8.59375, 5.859375, 8.65625 ], "rotation":270, "texture": "#main" }, 
                "south": { "uv": [ 5.84375, 8.59375, 5.859375, 8.65625 ], "rotation":270, "texture": "#main" }, 
                "west":  { "uv": [ 5.84375, 8.59375, 5.859375, 8.65625 ], "rotation":90, "texture": "#main" }, 
                "up":    { "uv": [ 5.84375, 8.59375, 5.859375, 8.65625 ], "rotation":270, "texture": "#main" }, 
                "down":  { "uv": [ 5.84375, 8.59375, 5.859375, 8.65625 ], "rotation":270, "texture": "#main" }
            }
        }, 
        {
            "name": "sholder cap", 
            "from": [ 13.15, 13.25, 5.9 ], 
            "to":   [ 16.15, 16.25, 10.2 ], 
            "rotation": { "angle": 22.5, "axis": "x", "origin": [12, 14, 8] }, 
            "faces": {
                "north": { "uv": [ 5.78125, 8.21875, 5.734375, 8.171875 ], "rotation":180, "texture": "#main" }, 
                "east":  { "uv": [ 5.734375, 8.21875, 5.78125, 8.171875 ], "rotation":180, "texture": "#main" }, 
                "south": { "uv": [ 5.75, 8.1875, 5.796875, 8.234375 ], "rotation":180, "texture": "#main" }, 
                "west":  { "uv": [ 5.796875, 8.21875, 5.734375, 8.171875 ], "rotation":180, "texture": "#main" }, 
                "up":    { "uv": [ 5.78125, 8.171875, 5.734375, 8.234375 ], "texture": "#main" }, 
                "down":  { "uv": [ 5.734375, 8.171875, 5.78125, 8.21875 ], "texture": "#main" }
            }
        }, 
        {
            "name": "leg", 
            "from": [ 12, 4, 6 ], 
            "to":   [ 16, 16, 10 ], 
            "rotation": { "angle": 22.5, "axis": "x", "origin": [12, 14, 8] }, 
            "faces": {
                "north": { "uv": [ 5.8125, 8.40625, 5.75, 8.59375 ], "texture": "#main" }, 
                "east":  { "uv": [ 5.6875, 8.40625, 5.75, 8.59375 ], "texture": "#main" }, 
                "south": { "uv": [ 5.9375, 8.40625, 5.875, 8.59375 ], "texture": "#main" }, 
                "west":  { "uv": [ 5.8125, 8.40625, 5.875, 8.59375 ], "texture": "#main" }, 
                "up":    { "uv": [ 5.75, 8.34375, 5.8125, 8.40625 ], "texture": "#main" }, 
                "down":  { "uv": [ 5.6875, 8.34375, 5.75, 8.40625 ], "texture": "#main" }
            }
        }, 
        {
            "name": "sleeve", 
            "from": [ 11.9, 6.5, 5.9 ], 
            "to":   [ 16.1, 7.5, 10.1 ], 
            "rotation": { "angle": 22.5, "axis": "x", "origin": [12, 14, 8] }, 
            "faces": {
                "north": { "uv": [ 5.84375, 8.59375, 5.859375, 8.65625 ], "rotation":270, "texture": "#main" }, 
                "east":  { "uv": [ 5.84375, 8.59375, 5.859375, 8.65625 ], "rotation":270, "texture": "#main" }, 
                "south": { "uv": [ 5.84375, 8.59375, 5.859375, 8.65625 ], "rotation":270, "texture": "#main" }, 
                "west":  { "uv": [ 5.84375, 8.59375, 5.859375, 8.65625 ], "rotation":90, "texture": "#main" }, 
                "up":    { "uv": [ 5.84375, 8.59375, 5.859375, 8.65625 ], "rotation":270, "texture": "#main" }, 
                "down":  { "uv": [ 5.84375, 8.59375, 5.859375, 8.65625 ], "rotation":270, "texture": "#main" }
            }
        }
    ], 
    "display": {
        "head": {
            "translation": [ 0, -57.5, 0 ], 
            "scale": [ 1.6, 1.6, 1.6 ]
        }
    }, 
    "groups": [
        0, 
        1, 
        2, 
        3, 
        4, 
        {
            "name": "arms", 
            "children": [
                {
                    "name": "left", 
                    "children": [
                        5, 
                        6, 
                        7
                    ]
                }, 
                {
                    "name": "r arm", 
                    "children": [
                        8, 
                        9, 
                        10
                    ]
                }
            ]
        }
    ], 
    "__comment": "Model animated using Fizzy's model animator - http://fizzy81.github.io/animated-models/"
}