{
    "credit": "Made By BronGhast014 with Blockbench", 
    "textures": {
        "main": "mobs/animations/cave_skeleton"
    }, 
    "elements": [
        {
            "name": "R Leg", 
            "from": [ 5, 3, 7 ], 
            "to":   [ 7, 9, 9 ], 
            "rotation": { "angle": -22.5, "axis": "x", "origin": [6, 8, 8] }, 
            "faces": {
                "north": { "uv": [ 1.5, 4.5, 2, 6 ], "texture": "#main" }, 
                "east":  { "uv": [ 0, 4.5, 0.5, 6 ], "texture": "#main" }, 
                "south": { "uv": [ 0.5, 4.5, 1, 6 ], "texture": "#main" }, 
                "west":  { "uv": [ 1, 4.5, 1.5, 6 ], "texture": "#main" }, 
                "up":    { "uv": [ 1, 4, 1.5, 4.5 ], "texture": "#main" }, 
                "down":  { "uv": [ 3.5, 6, 4, 7.5 ], "texture": "#main" }
            }
        }, 
        {
            "name": "R Leg", 
            "from": [ 5, -3, 7 ], 
            "to":   [ 7, 3, 9 ], 
            "rotation": { "angle": -22.5, "axis": "x", "origin": [6, 8, 8] }, 
            "faces": {
                "north": { "uv": [ 1.5, 6, 2, 7.5 ], "texture": "#main" }, 
                "east":  { "uv": [ 0.5, 6, 1, 7.5 ], "texture": "#main" }, 
                "south": { "uv": [ 0, 6, 0.5, 7.5 ], "texture": "#main" }, 
                "west":  { "uv": [ 1, 6, 1.5, 7.5 ], "texture": "#main" }, 
                "up":    { "uv": [ 3, 4, 3.5, 4.5 ], "texture": "#main" }, 
                "down":  { "uv": [ 3, 4, 3.5, 4.5 ], "texture": "#main" }
            }
        }, 
        {
            "name": "L Leg", 
            "from": [ 9, -3, 7 ], 
            "to":   [ 11, 3, 9 ], 
            "rotation": { "angle": 22.5, "axis": "x", "origin": [10, 8, 8] }, 
            "faces": {
                "north": { "uv": [ 0.5, 6, 1, 7.5 ], "texture": "#main" }, 
                "east":  { "uv": [ 1, 6, 1.5, 7.5 ], "texture": "#main" }, 
                "south": { "uv": [ 1.5, 6, 2, 7.5 ], "texture": "#main" }, 
                "west":  { "uv": [ 0, 6, 0.5, 7.5 ], "texture": "#main" }, 
                "up":    { "uv": [ 0.5, 4, 1, 4.5 ], "texture": "#main" }, 
                "down":  { "uv": [ 2.5, 4, 3, 4.5 ], "texture": "#main" }
            }
        }, 
        {
            "name": "L Leg", 
            "from": [ 9, 3, 7 ], 
            "to":   [ 11, 9, 9 ], 
            "rotation": { "angle": 22.5, "axis": "x", "origin": [10, 8, 8] }, 
            "faces": {
                "north": { "uv": [ 0.5, 4.5, 1, 6 ], "texture": "#main" }, 
                "east":  { "uv": [ 1, 4.5, 1.5, 6 ], "texture": "#main" }, 
                "south": { "uv": [ 1.5, 4.5, 2, 6 ], "texture": "#main" }, 
                "west":  { "uv": [ 0, 4.5, 0.5, 6 ], "texture": "#main" }, 
                "up":    { "uv": [ 1, 4, 1.5, 4.5 ], "texture": "#main" }, 
                "down":  { "uv": [ 0.5, 4, 1, 4.5 ], "texture": "#main" }
            }
        }, 
        {
            "name": "Body", 
            "from": [ 4, 9, 6 ], 
            "to":   [ 12, 21, 10 ], 
            "faces": {
                "north": { "uv": [ 5, 5, 7, 8 ], "texture": "#main" }, 
                "east":  { "uv": [ 7, 5, 8, 8 ], "texture": "#main" }, 
                "south": { "uv": [ 6, 1, 8, 4 ], "texture": "#main" }, 
                "west":  { "uv": [ 4, 5, 5, 8 ], "texture": "#main" }, 
                "up":    { "uv": [ 5.625, 4.375, 6.625, 4.875 ], "rotation":180, "texture": "#main" }, 
                "down":  { "uv": [ 6, 0, 8, 1 ], "rotation":180, "texture": "#main" }
            }
        }, 
        {
            "name": "R Leg", 
            "from": [ 5, 3, 7 ], 
            "to":   [ 7, 9, 9 ], 
            "faces": {
                "north": { "uv": [ 9.5, 4.5, 10, 6 ], "texture": "#main" }, 
                "east":  { "uv": [ 8, 4.5, 8.5, 6 ], "texture": "#main" }, 
                "south": { "uv": [ 8.5, 4.5, 9, 6 ], "texture": "#main" }, 
                "west":  { "uv": [ 9, 4.5, 9.5, 6 ], "texture": "#main" }, 
                "up":    { "uv": [ 9, 4, 9.5, 4.5 ], "texture": "#main" }, 
                "down":  { "uv": [ 11.5, 6, 12, 7.5 ], "texture": "#main" }
            }
        }, 
        {
            "name": "R Leg", 
            "from": [ 5, -3, 7 ], 
            "to":   [ 7, 3, 9 ], 
            "faces": {
                "north": { "uv": [ 9.5, 6, 10, 7.5 ], "texture": "#main" }, 
                "east":  { "uv": [ 8.5, 6, 9, 7.5 ], "texture": "#main" }, 
                "south": { "uv": [ 8, 6, 8.5, 7.5 ], "texture": "#main" }, 
                "west":  { "uv": [ 9, 6, 9.5, 7.5 ], "texture": "#main" }, 
                "up":    { "uv": [ 11, 4, 11.5, 4.5 ], "texture": "#main" }, 
                "down":  { "uv": [ 11, 4, 11.5, 4.5 ], "texture": "#main" }
            }
        }, 
        {
            "name": "L Leg", 
            "from": [ 9, -3, 7 ], 
            "to":   [ 11, 3, 9 ], 
            "faces": {
                "north": { "uv": [ 8.5, 6, 9, 7.5 ], "texture": "#main" }, 
                "east":  { "uv": [ 9, 6, 9.5, 7.5 ], "texture": "#main" }, 
                "south": { "uv": [ 9.5, 6, 10, 7.5 ], "texture": "#main" }, 
                "west":  { "uv": [ 8, 6, 8.5, 7.5 ], "texture": "#main" }, 
                "up":    { "uv": [ 8.5, 4, 9, 4.5 ], "texture": "#main" }, 
                "down":  { "uv": [ 10.5, 4, 11, 4.5 ], "texture": "#main" }
            }
        }, 
        {
            "name": "L Leg", 
            "from": [ 9, 3, 7 ], 
            "to":   [ 11, 9, 9 ], 
            "faces": {
                "north": { "uv": [ 8.5, 4.5, 9, 6 ], "texture": "#main" }, 
                "east":  { "uv": [ 9, 4.5, 9.5, 6 ], "texture": "#main" }, 
                "south": { "uv": [ 9.5, 4.5, 10, 6 ], "texture": "#main" }, 
                "west":  { "uv": [ 8, 4.5, 8.5, 6 ], "texture": "#main" }, 
                "up":    { "uv": [ 9, 4, 9.5, 4.5 ], "texture": "#main" }, 
                "down":  { "uv": [ 8.5, 4, 9, 4.5 ], "texture": "#main" }
            }
        }, 
        {
            "name": "Body", 
            "from": [ 4, 9, 6 ], 
            "to":   [ 12, 21, 10 ], 
            "faces": {
                "north": { "uv": [ 13, 5, 15, 8 ], "texture": "#main" }, 
                "east":  { "uv": [ 15, 5, 16, 8 ], "texture": "#main" }, 
                "south": { "uv": [ 14, 1, 16, 4 ], "texture": "#main" }, 
                "west":  { "uv": [ 12, 5, 13, 8 ], "texture": "#main" }, 
                "up":    { "uv": [ 13.625, 4.375, 14.625, 4.875 ], "rotation":180, "texture": "#main" }, 
                "down":  { "uv": [ 14, 0, 16, 1 ], "rotation":180, "texture": "#main" }
            }
        }, 
        {
            "name": "R Leg", 
            "from": [ 5, 3, 7 ], 
            "to":   [ 7, 9, 9 ], 
            "rotation": { "angle": 22.5, "axis": "x", "origin": [6, 8, 8] }, 
            "faces": {
                "north": { "uv": [ 1.5, 12.5, 2, 14 ], "texture": "#main" }, 
                "east":  { "uv": [ 0, 12.5, 0.5, 14 ], "texture": "#main" }, 
                "south": { "uv": [ 0.5, 12.5, 1, 14 ], "texture": "#main" }, 
                "west":  { "uv": [ 1, 12.5, 1.5, 14 ], "texture": "#main" }, 
                "up":    { "uv": [ 1, 12, 1.5, 12.5 ], "texture": "#main" }, 
                "down":  { "uv": [ 3.5, 14, 4, 15.5 ], "texture": "#main" }
            }
        }, 
        {
            "name": "R Leg", 
            "from": [ 5, -3, 7 ], 
            "to":   [ 7, 3, 9 ], 
            "rotation": { "angle": 22.5, "axis": "x", "origin": [6, 8, 8] }, 
            "faces": {
                "north": { "uv": [ 1.5, 14, 2, 15.5 ], "texture": "#main" }, 
                "east":  { "uv": [ 0.5, 14, 1, 15.5 ], "texture": "#main" }, 
                "south": { "uv": [ 0, 14, 0.5, 15.5 ], "texture": "#main" }, 
                "west":  { "uv": [ 1, 14, 1.5, 15.5 ], "texture": "#main" }, 
                "up":    { "uv": [ 3, 12, 3.5, 12.5 ], "texture": "#main" }, 
                "down":  { "uv": [ 3, 12, 3.5, 12.5 ], "texture": "#main" }
            }
        }, 
        {
            "name": "L Leg", 
            "from": [ 9, -3, 7 ], 
            "to":   [ 11, 3, 9 ], 
            "rotation": { "angle": -22.5, "axis": "x", "origin": [10, 8, 8] }, 
            "faces": {
                "north": { "uv": [ 0.5, 14, 1, 15.5 ], "texture": "#main" }, 
                "east":  { "uv": [ 1, 14, 1.5, 15.5 ], "texture": "#main" }, 
                "south": { "uv": [ 1.5, 14, 2, 15.5 ], "texture": "#main" }, 
                "west":  { "uv": [ 0, 14, 0.5, 15.5 ], "texture": "#main" }, 
                "up":    { "uv": [ 0.5, 12, 1, 12.5 ], "texture": "#main" }, 
                "down":  { "uv": [ 2.5, 12, 3, 12.5 ], "texture": "#main" }
            }
        }, 
        {
            "name": "L Leg", 
            "from": [ 9, 3, 7 ], 
            "to":   [ 11, 9, 9 ], 
            "rotation": { "angle": -22.5, "axis": "x", "origin": [10, 8, 8] }, 
            "faces": {
                "north": { "uv": [ 0.5, 12.5, 1, 14 ], "texture": "#main" }, 
                "east":  { "uv": [ 1, 12.5, 1.5, 14 ], "texture": "#main" }, 
                "south": { "uv": [ 1.5, 12.5, 2, 14 ], "texture": "#main" }, 
                "west":  { "uv": [ 0, 12.5, 0.5, 14 ], "texture": "#main" }, 
                "up":    { "uv": [ 1, 12, 1.5, 12.5 ], "texture": "#main" }, 
                "down":  { "uv": [ 0.5, 12, 1, 12.5 ], "texture": "#main" }
            }
        }, 
        {
            "name": "Body", 
            "from": [ 4, 9, 6 ], 
            "to":   [ 12, 21, 10 ], 
            "faces": {
                "north": { "uv": [ 5, 13, 7, 16 ], "texture": "#main" }, 
                "east":  { "uv": [ 7, 13, 8, 16 ], "texture": "#main" }, 
                "south": { "uv": [ 6, 9, 8, 12 ], "texture": "#main" }, 
                "west":  { "uv": [ 4, 13, 5, 16 ], "texture": "#main" }, 
                "up":    { "uv": [ 5.625, 12.375, 6.625, 12.875 ], "rotation":180, "texture": "#main" }, 
                "down":  { "uv": [ 6, 8, 8, 9 ], "rotation":180, "texture": "#main" }
            }
        }
    ], 
    "display": {
        "thirdperson_righthand": {
            "rotation": [ 90, 0, 0 ], 
            "translation": [ -5, -2, -1 ]
        }, 
        "thirdperson_lefthand": {
            "rotation": [ 90, 0, 0 ], 
            "translation": [ -5, -2, -1 ]
        }, 
        "firstperson_righthand": {
            "rotation": [ 0, 45, 0 ], 
            "translation": [ 0, 1, 0 ], 
            "scale": [ 0.4, 0.4, 0.4 ]
        }, 
        "firstperson_lefthand": {
            "rotation": [ 0, 45, 0 ], 
            "translation": [ 0, 1, 0 ], 
            "scale": [ 0.4, 0.4, 0.4 ]
        }, 
        "ground": {
            "scale": [ 2, 2, 2 ]
        }, 
        "gui": {
            "rotation": [ 30, 45, 0 ], 
            "scale": [ 0.65, 0.65, 0.65 ]
        }, 
        "head": {
            "translation": [ 0, -64, -0.15 ], 
            "scale": [ 1.6, 1.6, 1.6 ]
        }, 
        "fixed": {
            "scale": [ 2, 2, 2 ]
        }
    }, 
    "groups": [
        {
            "name": "RL", 
            "children": [
                0, 
                1
            ]
        }, 
        {
            "name": "LL", 
            "children": [
                2, 
                3
            ]
        }, 
        4
    ], 
    "__comment": "Model animated using Fizzy's model animator - http://fizzy81.github.io/animated-models/"
}