{
    "credit": "Made By BronGhast014 with Blockbench", 
    "textures": {
        "main": "mobs/animations/sand_fuse_moving"
    }, 
    "elements": [
        {
            "name": "body", 
            "from": [ 4, 6, 6 ], 
            "to":   [ 12, 18, 10 ], 
            "faces": {
                "north": { "uv": [ 1, 5, 3, 8 ], "texture": "#main" }, 
                "east":  { "uv": [ 0, 5, 1, 8 ], "texture": "#main" }, 
                "south": { "uv": [ 3, 5, 5, 8 ], "texture": "#main" }, 
                "west":  { "uv": [ 5, 5, 6, 8 ], "texture": "#main" }, 
                "up":    { "uv": [ 0, 4, 2, 5 ], "texture": "#main" }, 
                "down":  { "uv": [ 2, 4, 4, 5 ], "texture": "#main" }
            }
        }, 
        {
            "name": "R f leg", 
            "from": [ 4, 0, 2 ], 
            "to":   [ 8, 6, 6 ], 
            "rotation": { "angle": -22.5, "axis": "x", "origin": [8, 6, 6] }, 
            "faces": {
                "north": { "uv": [ 6, 0, 7, 1.5 ], "texture": "#main" }, 
                "east":  { "uv": [ 6, 1.5, 7, 3 ], "texture": "#main" }, 
                "south": { "uv": [ 7, 1.5, 8, 3 ], "texture": "#main" }, 
                "west":  { "uv": [ 7, 0, 8, 1.5 ], "texture": "#main" }, 
                "up":    { "uv": [ 6, 3, 7, 4 ], "texture": "#main" }, 
                "down":  { "uv": [ 7, 3, 8, 4 ], "texture": "#main" }
            }
        }, 
        {
            "name": "Left f leg", 
            "from": [ 8, 0, 2 ], 
            "to":   [ 12, 6, 6 ], 
            "rotation": { "angle": 22.5, "axis": "x", "origin": [8, 6, 6] }, 
            "faces": {
                "north": { "uv": [ 6, 0, 7, 1.5 ], "texture": "#main" }, 
                "east":  { "uv": [ 6, 1.5, 7, 3 ], "texture": "#main" }, 
                "south": { "uv": [ 7, 1.5, 8, 3 ], "texture": "#main" }, 
                "west":  { "uv": [ 7, 0, 8, 1.5 ], "texture": "#main" }, 
                "up":    { "uv": [ 6, 3, 7, 4 ], "texture": "#main" }, 
                "down":  { "uv": [ 7, 3, 8, 4 ], "texture": "#main" }
            }
        }, 
        {
            "name": "Right b leg", 
            "from": [ 4, 0, 10 ], 
            "to":   [ 8, 6, 14 ], 
            "rotation": { "angle": -22.5, "axis": "x", "origin": [8, 6, 10] }, 
            "faces": {
                "north": { "uv": [ 6, 0, 7, 1.5 ], "texture": "#main" }, 
                "east":  { "uv": [ 6, 1.5, 7, 3 ], "texture": "#main" }, 
                "south": { "uv": [ 7, 1.5, 8, 3 ], "texture": "#main" }, 
                "west":  { "uv": [ 7, 0, 8, 1.5 ], "texture": "#main" }, 
                "up":    { "uv": [ 6, 3, 7, 4 ], "texture": "#main" }, 
                "down":  { "uv": [ 7, 3, 8, 4 ], "texture": "#main" }
            }
        }, 
        {
            "name": "Left b leg", 
            "from": [ 8, 0, 10 ], 
            "to":   [ 12, 6, 14 ], 
            "rotation": { "angle": 22.5, "axis": "x", "origin": [8, 6, 10] }, 
            "faces": {
                "north": { "uv": [ 6, 0, 7, 1.5 ], "texture": "#main" }, 
                "east":  { "uv": [ 6, 1.5, 7, 3 ], "texture": "#main" }, 
                "south": { "uv": [ 7, 1.5, 8, 3 ], "texture": "#main" }, 
                "west":  { "uv": [ 7, 0, 8, 1.5 ], "texture": "#main" }, 
                "up":    { "uv": [ 6, 3, 7, 4 ], "texture": "#main" }, 
                "down":  { "uv": [ 7, 3, 8, 4 ], "texture": "#main" }
            }
        }, 
        {
            "name": "body", 
            "from": [ 4, 6, 6 ], 
            "to":   [ 12, 18, 10 ], 
            "faces": {
                "north": { "uv": [ 9, 5, 11, 8 ], "texture": "#main" }, 
                "east":  { "uv": [ 8, 5, 9, 8 ], "texture": "#main" }, 
                "south": { "uv": [ 11, 5, 13, 8 ], "texture": "#main" }, 
                "west":  { "uv": [ 13, 5, 14, 8 ], "texture": "#main" }, 
                "up":    { "uv": [ 8, 4, 10, 5 ], "texture": "#main" }, 
                "down":  { "uv": [ 10, 4, 12, 5 ], "texture": "#main" }
            }
        }, 
        {
            "name": "R f leg", 
            "from": [ 4, 0, 2 ], 
            "to":   [ 8, 6, 6 ], 
            "faces": {
                "north": { "uv": [ 14, 0, 15, 1.5 ], "texture": "#main" }, 
                "east":  { "uv": [ 14, 1.5, 15, 3 ], "texture": "#main" }, 
                "south": { "uv": [ 15, 1.5, 16, 3 ], "texture": "#main" }, 
                "west":  { "uv": [ 15, 0, 16, 1.5 ], "texture": "#main" }, 
                "up":    { "uv": [ 14, 3, 15, 4 ], "texture": "#main" }, 
                "down":  { "uv": [ 15, 3, 16, 4 ], "texture": "#main" }
            }
        }, 
        {
            "name": "Left f leg", 
            "from": [ 8, 0, 2 ], 
            "to":   [ 12, 6, 6 ], 
            "faces": {
                "north": { "uv": [ 14, 0, 15, 1.5 ], "texture": "#main" }, 
                "east":  { "uv": [ 14, 1.5, 15, 3 ], "texture": "#main" }, 
                "south": { "uv": [ 15, 1.5, 16, 3 ], "texture": "#main" }, 
                "west":  { "uv": [ 15, 0, 16, 1.5 ], "texture": "#main" }, 
                "up":    { "uv": [ 14, 3, 15, 4 ], "texture": "#main" }, 
                "down":  { "uv": [ 15, 3, 16, 4 ], "texture": "#main" }
            }
        }, 
        {
            "name": "Right b leg", 
            "from": [ 4, 0, 10 ], 
            "to":   [ 8, 6, 14 ], 
            "faces": {
                "north": { "uv": [ 14, 0, 15, 1.5 ], "texture": "#main" }, 
                "east":  { "uv": [ 14, 1.5, 15, 3 ], "texture": "#main" }, 
                "south": { "uv": [ 15, 1.5, 16, 3 ], "texture": "#main" }, 
                "west":  { "uv": [ 15, 0, 16, 1.5 ], "texture": "#main" }, 
                "up":    { "uv": [ 14, 3, 15, 4 ], "texture": "#main" }, 
                "down":  { "uv": [ 15, 3, 16, 4 ], "texture": "#main" }
            }
        }, 
        {
            "name": "Left b leg", 
            "from": [ 8, 0, 10 ], 
            "to":   [ 12, 6, 14 ], 
            "faces": {
                "north": { "uv": [ 14, 0, 15, 1.5 ], "texture": "#main" }, 
                "east":  { "uv": [ 14, 1.5, 15, 3 ], "texture": "#main" }, 
                "south": { "uv": [ 15, 1.5, 16, 3 ], "texture": "#main" }, 
                "west":  { "uv": [ 15, 0, 16, 1.5 ], "texture": "#main" }, 
                "up":    { "uv": [ 14, 3, 15, 4 ], "texture": "#main" }, 
                "down":  { "uv": [ 15, 3, 16, 4 ], "texture": "#main" }
            }
        }, 
        {
            "name": "body", 
            "from": [ 4, 6, 6 ], 
            "to":   [ 12, 18, 10 ], 
            "faces": {
                "north": { "uv": [ 1, 13, 3, 16 ], "texture": "#main" }, 
                "east":  { "uv": [ 0, 13, 1, 16 ], "texture": "#main" }, 
                "south": { "uv": [ 3, 13, 5, 16 ], "texture": "#main" }, 
                "west":  { "uv": [ 5, 13, 6, 16 ], "texture": "#main" }, 
                "up":    { "uv": [ 0, 12, 2, 13 ], "texture": "#main" }, 
                "down":  { "uv": [ 2, 12, 4, 13 ], "texture": "#main" }
            }
        }, 
        {
            "name": "R f leg", 
            "from": [ 4, 0, 2 ], 
            "to":   [ 8, 6, 6 ], 
            "rotation": { "angle": 22.5, "axis": "x", "origin": [8, 6, 6] }, 
            "faces": {
                "north": { "uv": [ 6, 8, 7, 9.5 ], "texture": "#main" }, 
                "east":  { "uv": [ 6, 9.5, 7, 11 ], "texture": "#main" }, 
                "south": { "uv": [ 7, 9.5, 8, 11 ], "texture": "#main" }, 
                "west":  { "uv": [ 7, 8, 8, 9.5 ], "texture": "#main" }, 
                "up":    { "uv": [ 6, 11, 7, 12 ], "texture": "#main" }, 
                "down":  { "uv": [ 7, 11, 8, 12 ], "texture": "#main" }
            }
        }, 
        {
            "name": "Left f leg", 
            "from": [ 8, 0, 2 ], 
            "to":   [ 12, 6, 6 ], 
            "rotation": { "angle": -22.5, "axis": "x", "origin": [8, 6, 6] }, 
            "faces": {
                "north": { "uv": [ 6, 8, 7, 9.5 ], "texture": "#main" }, 
                "east":  { "uv": [ 6, 9.5, 7, 11 ], "texture": "#main" }, 
                "south": { "uv": [ 7, 9.5, 8, 11 ], "texture": "#main" }, 
                "west":  { "uv": [ 7, 8, 8, 9.5 ], "texture": "#main" }, 
                "up":    { "uv": [ 6, 11, 7, 12 ], "texture": "#main" }, 
                "down":  { "uv": [ 7, 11, 8, 12 ], "texture": "#main" }
            }
        }, 
        {
            "name": "Right b leg", 
            "from": [ 4, 0, 10 ], 
            "to":   [ 8, 6, 14 ], 
            "rotation": { "angle": 22.5, "axis": "x", "origin": [8, 6, 10] }, 
            "faces": {
                "north": { "uv": [ 6, 8, 7, 9.5 ], "texture": "#main" }, 
                "east":  { "uv": [ 6, 9.5, 7, 11 ], "texture": "#main" }, 
                "south": { "uv": [ 7, 9.5, 8, 11 ], "texture": "#main" }, 
                "west":  { "uv": [ 7, 8, 8, 9.5 ], "texture": "#main" }, 
                "up":    { "uv": [ 6, 11, 7, 12 ], "texture": "#main" }, 
                "down":  { "uv": [ 7, 11, 8, 12 ], "texture": "#main" }
            }
        }, 
        {
            "name": "Left b leg", 
            "from": [ 8, 0, 10 ], 
            "to":   [ 12, 6, 14 ], 
            "rotation": { "angle": -22.5, "axis": "x", "origin": [8, 6, 10] }, 
            "faces": {
                "north": { "uv": [ 6, 8, 7, 9.5 ], "texture": "#main" }, 
                "east":  { "uv": [ 6, 9.5, 7, 11 ], "texture": "#main" }, 
                "south": { "uv": [ 7, 9.5, 8, 11 ], "texture": "#main" }, 
                "west":  { "uv": [ 7, 8, 8, 9.5 ], "texture": "#main" }, 
                "up":    { "uv": [ 6, 11, 7, 12 ], "texture": "#main" }, 
                "down":  { "uv": [ 7, 11, 8, 12 ], "texture": "#main" }
            }
        }
    ], 
    "display": {
        "head": {
            "translation": [ 0, -69.8, 0 ], 
            "scale": [ 1.5, 1.5, 1.5 ]
        }
    }, 
    "groups": [
        {
            "name": "body", 
            "children": [
                0, 
                1, 
                2, 
                3, 
                4
            ]
        }
    ], 
    "__comment": "Model animated using Fizzy's model animator - http://fizzy81.github.io/animated-models/"
}