{
	"credit": "Made By BronGhast014 with Blockbench",
	"textures": {
		"0": "mobs/fossil",
		"1": "mobs/armor",
		"1_1": "mobs/weapons/cave_bow",
		"2_1": "mobs/weapons/iron_sword",
		"particle": "mobs/weapons/iron_sword"
	},
	"elements": [
		{
			"name": "Head",
			"from": [4.1, 20.9, 4.1],
			"to": [11.9, 28.9, 11.9],
			"faces": {
				"north": {"uv": [8, 4, 4, 8], "texture": "#0"},
				"east": {"uv": [0, 4, 4, 8], "texture": "#0"},
				"south": {"uv": [4, 0, 0, 4], "texture": "#0"},
				"west": {"uv": [8, 4, 12, 8], "texture": "#0"},
				"up": {"uv": [8, 4, 4, 0], "texture": "#0"},
				"down": {"uv": [12, 4, 8, 0], "texture": "#0"}
			}
		},
		{
			"name": "helm",
			"from": [3.9, 20.9, 3.9],
			"to": [12.1, 29.1, 12.1],
			"faces": {
				"north": {"uv": [8, 4, 4, 8], "texture": "#1"},
				"east": {"uv": [0, 4, 4, 8], "texture": "#1"},
				"south": {"uv": [0, 0, 4, 4], "texture": "#1"},
				"west": {"uv": [8, 4, 12, 8], "texture": "#1"},
				"up": {"uv": [8, 4, 4, 0], "rotation": 90, "texture": "#1"},
				"down": {"uv": [12, 4, 8, 0], "texture": "#1"}
			}
		},
		{
			"name": "helm",
			"from": [7.9, 29.1, 3.9],
			"to": [7.9, 30.1, 12.1],
			"faces": {
				"north": {"uv": [4, 0, 8, 0.5], "texture": "#1"},
				"east": {"uv": [4, 0, 8, 0.5], "texture": "#1"},
				"south": {"uv": [4, 0, 8, 0.5], "texture": "#1"},
				"west": {"uv": [4, 0, 8, 0.5], "texture": "#1"},
				"up": {"uv": [4, 0, 8, 0.5], "texture": "#1"},
				"down": {"uv": [4, 0, 8, 0.5], "texture": "#1"}
			}
		},
		{
			"name": "L Leg",
			"from": [9, -3, 7],
			"to": [11, 3, 9],
			"faces": {
				"north": {"uv": [1, 12, 2, 15], "texture": "#0"},
				"east": {"uv": [2, 12, 3, 15], "texture": "#0"},
				"south": {"uv": [3, 12, 4, 15], "texture": "#0"},
				"west": {"uv": [0, 12, 1, 15], "texture": "#0"},
				"up": {"uv": [1, 8, 2, 9], "texture": "#0"},
				"down": {"uv": [5, 8, 6, 9], "texture": "#0"}
			}
		},
		{
			"name": "L Leg",
			"from": [9, 3, 7],
			"to": [11, 9, 9],
			"faces": {
				"north": {"uv": [1, 9, 2, 12], "texture": "#0"},
				"east": {"uv": [2, 9, 3, 12], "texture": "#0"},
				"south": {"uv": [3, 9, 4, 12], "texture": "#0"},
				"west": {"uv": [0, 9, 1, 12], "texture": "#0"},
				"up": {"uv": [2, 8, 3, 9], "texture": "#0"},
				"down": {"uv": [1, 8, 2, 9], "texture": "#0"}
			}
		},
		{
			"name": "armor",
			"from": [8, -3.1, 6],
			"to": [12, 9, 10],
			"faces": {
				"north": {"uv": [12, 10, 14, 16], "texture": "#1"},
				"east": {"uv": [12, 10, 14, 16], "texture": "#1"},
				"south": {"uv": [12, 10, 14, 16], "texture": "#1"},
				"west": {"uv": [12, 10, 14, 16], "texture": "#1"},
				"up": {"uv": [12, 8, 14, 10], "texture": "#1"},
				"down": {"uv": [14, 8, 16, 10], "texture": "#1"}
			}
		},
		{
			"name": "R Leg",
			"from": [5, 3, 7],
			"to": [7, 9, 9],
			"faces": {
				"north": {"uv": [3, 9, 4, 12], "texture": "#0"},
				"east": {"uv": [0, 9, 1, 12], "texture": "#0"},
				"south": {"uv": [1, 9, 2, 12], "texture": "#0"},
				"west": {"uv": [2, 9, 3, 12], "texture": "#0"},
				"up": {"uv": [2, 8, 3, 9], "texture": "#0"},
				"down": {"uv": [7, 12, 8, 15], "texture": "#0"}
			}
		},
		{
			"name": "R Leg",
			"from": [5, -3, 7],
			"to": [7, 3, 9],
			"faces": {
				"north": {"uv": [3, 12, 4, 15], "texture": "#0"},
				"east": {"uv": [1, 12, 2, 15], "texture": "#0"},
				"south": {"uv": [0, 12, 1, 15], "texture": "#0"},
				"west": {"uv": [2, 12, 3, 15], "texture": "#0"},
				"up": {"uv": [6, 8, 7, 9], "texture": "#0"},
				"down": {"uv": [6, 8, 7, 9], "texture": "#0"}
			}
		},
		{
			"name": "armor",
			"from": [4, -3.1, 6],
			"to": [8, 9, 10],
			"faces": {
				"north": {"uv": [12, 10, 14, 16], "texture": "#1"},
				"east": {"uv": [12, 10, 14, 16], "texture": "#1"},
				"south": {"uv": [12, 10, 14, 16], "texture": "#1"},
				"west": {"uv": [12, 10, 14, 16], "texture": "#1"},
				"up": {"uv": [12, 8, 14, 10], "texture": "#1"},
				"down": {"uv": [14, 8, 16, 10], "texture": "#1"}
			}
		},
		{
			"name": "Body",
			"from": [4, 9, 6],
			"to": [12, 21, 10],
			"faces": {
				"north": {"uv": [10, 10, 14, 16], "texture": "#0"},
				"east": {"uv": [14, 10, 16, 16], "texture": "#0"},
				"south": {"uv": [12, 2, 16, 8], "texture": "#0"},
				"west": {"uv": [8, 10, 10, 16], "texture": "#0"},
				"up": {"uv": [11.25, 8.75, 13.25, 9.75], "rotation": 180, "texture": "#0"},
				"down": {"uv": [12, 0, 16, 2], "rotation": 180, "texture": "#0"}
			}
		},
		{
			"name": "chain",
			"from": [3.9, 9, 5.9],
			"to": [12.1, 21, 10.1],
			"faces": {
				"north": {"uv": [2, 10, 6, 16], "texture": "#1"},
				"east": {"uv": [0, 10, 2, 16], "texture": "#1"},
				"south": {"uv": [2, 10, 6, 16], "texture": "#1"},
				"west": {"uv": [0, 10, 2, 16], "texture": "#1"},
				"up": {"uv": [6.5, 10.5, 7.5, 11], "rotation": 180, "texture": "#1"},
				"down": {"uv": [6.5, 10.5, 7.5, 11], "rotation": 180, "texture": "#1"}
			}
		},
		{
			"name": "R Armor",
			"from": [1, 16, 6],
			"to": [4, 21.1, 10],
			"faces": {
				"north": {"uv": [7, 11.5, 8.5, 14], "texture": "#1"},
				"east": {"uv": [6.5, 11.5, 8, 14], "texture": "#1"},
				"south": {"uv": [6.5, 11.5, 8, 14], "texture": "#1"},
				"west": {"uv": [7.5, 11.5, 9.5, 14], "texture": "#1"},
				"up": {"uv": [8.5, 9.5, 10, 11.5], "texture": "#1"},
				"down": {"uv": [6.5, 10, 7.5, 11], "texture": "#1"}
			}
		},
		{
			"name": "R Arm",
			"from": [2, 9, 7],
			"to": [4, 21, 9],
			"faces": {
				"north": {"uv": [4.5, 9, 5.5, 15], "texture": "#0"},
				"east": {"uv": [5, 9, 6, 15], "texture": "#0"},
				"south": {"uv": [6, 9, 7, 15], "texture": "#0"},
				"west": {"uv": [5, 9, 6, 15], "texture": "#0"},
				"up": {"uv": [5, 8, 6, 9], "texture": "#0"},
				"down": {"uv": [1, 8, 2, 9], "texture": "#0"}
			}
		},
		{
			"name": "L Arm",
			"from": [12, 9, 7],
			"to": [14, 21, 9],
			"faces": {
				"north": {"uv": [4.5, 9, 5.5, 15], "texture": "#0"},
				"east": {"uv": [5.5, 9, 6.5, 15], "texture": "#0"},
				"south": {"uv": [5.5, 9, 6.5, 15], "texture": "#0"},
				"west": {"uv": [5.5, 9, 6.5, 15], "texture": "#0"},
				"up": {"uv": [6, 8, 7, 9], "texture": "#0"},
				"down": {"uv": [1, 8, 2, 9], "texture": "#0"}
			}
		},
		{
			"name": "L Armor",
			"from": [12, 16, 6],
			"to": [15, 21.1, 10],
			"faces": {
				"north": {"uv": [7, 11.5, 8.5, 14], "texture": "#1"},
				"east": {"uv": [6.5, 11.5, 8, 14], "texture": "#1"},
				"south": {"uv": [6.5, 11.5, 8, 14], "texture": "#1"},
				"west": {"uv": [7.5, 11.5, 9.5, 14], "texture": "#1"},
				"up": {"uv": [8.5, 9.5, 10, 11.5], "texture": "#1"},
				"down": {"uv": [6.5, 10, 7.5, 11], "texture": "#1"}
			}
		},
		{
			"name": "voxel",
			"from": [12.5, 16, 2.5],
			"to": [13.5, 20, 3.5],
			"rotation": {"angle": -45, "axis": "x", "origin": [13, 11.19565, 8.69565]},
			"faces": {
				"north": {"uv": [1.25, 0.25, 1.75, 0.75], "rotation": 270, "texture": "#1_1"},
				"east": {"uv": [1.25, 0.25, 1.75, 0.75], "rotation": 90, "texture": "#1_1"},
				"south": {"uv": [1.25, 0.25, 1.75, 0.75], "rotation": 270, "texture": "#1_1"},
				"west": {"uv": [1.25, 0.25, 1.75, 0.75], "rotation": 270, "texture": "#1_1"},
				"up": {"uv": [1.25, 0.25, 1.75, 0.75], "texture": "#1_1"},
				"down": {"uv": [1.25, 0.25, 1.75, 0.75], "rotation": 180, "texture": "#1_1"}
			}
		},
		{
			"name": "voxel",
			"from": [12.5, 20, 3.5],
			"to": [13.5, 21, 4.5],
			"rotation": {"angle": -45, "axis": "x", "origin": [13, 11.19565, 8.69565]},
			"faces": {
				"north": {"uv": [0.25, 0.25, 0.75, 0.75], "rotation": 270, "texture": "#1_1"},
				"east": {"uv": [0.25, 0.25, 0.75, 0.75], "rotation": 90, "texture": "#1_1"},
				"south": {"uv": [0.25, 0.25, 0.75, 0.75], "rotation": 270, "texture": "#1_1"},
				"west": {"uv": [0.25, 0.25, 0.75, 0.75], "rotation": 270, "texture": "#1_1"},
				"up": {"uv": [0.25, 0.25, 0.75, 0.75], "texture": "#1_1"},
				"down": {"uv": [0.25, 0.25, 0.75, 0.75], "rotation": 180, "texture": "#1_1"}
			}
		},
		{
			"name": "voxel",
			"from": [12.5, 19, 3.5],
			"to": [13.5, 20, 4.5],
			"rotation": {"angle": -45, "axis": "x", "origin": [13, 11.19565, 8.69565]},
			"faces": {
				"north": {"uv": [2.25, 0.25, 2.75, 0.75], "rotation": 270, "texture": "#1_1"},
				"east": {"uv": [2.25, 0.25, 2.75, 0.75], "rotation": 90, "texture": "#1_1"},
				"south": {"uv": [2.25, 0.25, 2.75, 0.75], "rotation": 270, "texture": "#1_1"},
				"west": {"uv": [2.25, 0.25, 2.75, 0.75], "rotation": 270, "texture": "#1_1"},
				"up": {"uv": [2.25, 0.25, 2.75, 0.75], "texture": "#1_1"},
				"down": {"uv": [2.25, 0.25, 2.75, 0.75], "rotation": 180, "texture": "#1_1"}
			}
		},
		{
			"name": "voxel",
			"from": [12.5, 17, 3.5],
			"to": [13.5, 19, 4.5],
			"rotation": {"angle": -45, "axis": "x", "origin": [13, 11.19565, 8.69565]},
			"faces": {
				"north": {"uv": [3.25, 0.25, 3.75, 0.75], "rotation": 270, "texture": "#1_1"},
				"east": {"uv": [3.25, 0.25, 3.75, 0.75], "rotation": 90, "texture": "#1_1"},
				"south": {"uv": [3.25, 0.25, 3.75, 0.75], "rotation": 270, "texture": "#1_1"},
				"west": {"uv": [3.25, 0.25, 3.75, 0.75], "rotation": 270, "texture": "#1_1"},
				"up": {"uv": [3.25, 0.25, 3.75, 0.75], "texture": "#1_1"},
				"down": {"uv": [3.25, 0.25, 3.75, 0.75], "rotation": 180, "texture": "#1_1"}
			}
		},
		{
			"name": "voxel",
			"from": [12.5, 16, 3.5],
			"to": [13.5, 17, 4.5],
			"rotation": {"angle": -45, "axis": "x", "origin": [13, 11.19565, 8.69565]},
			"faces": {
				"north": {"uv": [2.25, 0.25, 2.75, 0.75], "rotation": 270, "texture": "#1_1"},
				"east": {"uv": [2.25, 0.25, 2.75, 0.75], "rotation": 90, "texture": "#1_1"},
				"south": {"uv": [2.25, 0.25, 2.75, 0.75], "rotation": 270, "texture": "#1_1"},
				"west": {"uv": [2.25, 0.25, 2.75, 0.75], "rotation": 270, "texture": "#1_1"},
				"up": {"uv": [2.25, 0.25, 2.75, 0.75], "texture": "#1_1"},
				"down": {"uv": [2.25, 0.25, 2.75, 0.75], "rotation": 180, "texture": "#1_1"}
			}
		},
		{
			"name": "voxel",
			"from": [12.5, 13, 3.5],
			"to": [13.5, 16, 4.5],
			"rotation": {"angle": -45, "axis": "x", "origin": [13, 11.19565, 8.69565]},
			"faces": {
				"north": {"uv": [1.25, 0.25, 1.75, 0.75], "rotation": 270, "texture": "#1_1"},
				"east": {"uv": [1.25, 0.25, 1.75, 0.75], "rotation": 90, "texture": "#1_1"},
				"south": {"uv": [1.25, 0.25, 1.75, 0.75], "rotation": 270, "texture": "#1_1"},
				"west": {"uv": [1.25, 0.25, 1.75, 0.75], "rotation": 270, "texture": "#1_1"},
				"up": {"uv": [1.25, 0.25, 1.75, 0.75], "texture": "#1_1"},
				"down": {"uv": [1.25, 0.25, 1.75, 0.75], "rotation": 180, "texture": "#1_1"}
			}
		},
		{
			"name": "voxel",
			"from": [12.5, 16, 4.5],
			"to": [13.5, 20, 5.5],
			"rotation": {"angle": -45, "axis": "x", "origin": [13, 11.19565, 8.69565]},
			"faces": {
				"north": {"uv": [0.25, 0.25, 0.75, 0.75], "rotation": 270, "texture": "#1_1"},
				"east": {"uv": [0.25, 0.25, 0.75, 0.75], "rotation": 90, "texture": "#1_1"},
				"south": {"uv": [0.25, 0.25, 0.75, 0.75], "rotation": 270, "texture": "#1_1"},
				"west": {"uv": [0.25, 0.25, 0.75, 0.75], "rotation": 270, "texture": "#1_1"},
				"up": {"uv": [0.25, 0.25, 0.75, 0.75], "texture": "#1_1"},
				"down": {"uv": [0.25, 0.25, 0.75, 0.75], "rotation": 180, "texture": "#1_1"}
			}
		},
		{
			"name": "voxel",
			"from": [12.5, 15, 4.5],
			"to": [13.5, 16, 5.5],
			"rotation": {"angle": -45, "axis": "x", "origin": [13, 11.19565, 8.69565]},
			"faces": {
				"north": {"uv": [2.25, 0.25, 2.75, 0.75], "rotation": 270, "texture": "#1_1"},
				"east": {"uv": [2.25, 0.25, 2.75, 0.75], "rotation": 90, "texture": "#1_1"},
				"south": {"uv": [2.25, 0.25, 2.75, 0.75], "rotation": 270, "texture": "#1_1"},
				"west": {"uv": [2.25, 0.25, 2.75, 0.75], "rotation": 270, "texture": "#1_1"},
				"up": {"uv": [2.25, 0.25, 2.75, 0.75], "texture": "#1_1"},
				"down": {"uv": [2.25, 0.25, 2.75, 0.75], "rotation": 180, "texture": "#1_1"}
			}
		},
		{
			"name": "voxel",
			"from": [12.5, 14, 4.5],
			"to": [13.5, 15, 5.5],
			"rotation": {"angle": -45, "axis": "x", "origin": [13, 11.19565, 8.69565]},
			"faces": {
				"north": {"uv": [3.25, 0.25, 3.75, 0.75], "rotation": 270, "texture": "#1_1"},
				"east": {"uv": [3.25, 0.25, 3.75, 0.75], "rotation": 90, "texture": "#1_1"},
				"south": {"uv": [3.25, 0.25, 3.75, 0.75], "rotation": 270, "texture": "#1_1"},
				"west": {"uv": [3.25, 0.25, 3.75, 0.75], "rotation": 270, "texture": "#1_1"},
				"up": {"uv": [3.25, 0.25, 3.75, 0.75], "texture": "#1_1"},
				"down": {"uv": [3.25, 0.25, 3.75, 0.75], "rotation": 180, "texture": "#1_1"}
			}
		},
		{
			"name": "voxel",
			"from": [12.5, 13, 4.5],
			"to": [13.5, 14, 5.5],
			"rotation": {"angle": -45, "axis": "x", "origin": [13, 11.19565, 8.69565]},
			"faces": {
				"north": {"uv": [2.25, 0.25, 2.75, 0.75], "rotation": 270, "texture": "#1_1"},
				"east": {"uv": [2.25, 0.25, 2.75, 0.75], "rotation": 90, "texture": "#1_1"},
				"south": {"uv": [2.25, 0.25, 2.75, 0.75], "rotation": 270, "texture": "#1_1"},
				"west": {"uv": [2.25, 0.25, 2.75, 0.75], "rotation": 270, "texture": "#1_1"},
				"up": {"uv": [2.25, 0.25, 2.75, 0.75], "texture": "#1_1"},
				"down": {"uv": [2.25, 0.25, 2.75, 0.75], "rotation": 180, "texture": "#1_1"}
			}
		},
		{
			"name": "voxel",
			"from": [12.5, 11, 4.5],
			"to": [13.5, 13, 5.5],
			"rotation": {"angle": -45, "axis": "x", "origin": [13, 11.19565, 8.69565]},
			"faces": {
				"north": {"uv": [1.25, 0.25, 1.75, 0.75], "rotation": 270, "texture": "#1_1"},
				"east": {"uv": [1.25, 0.25, 1.75, 0.75], "rotation": 90, "texture": "#1_1"},
				"south": {"uv": [1.25, 0.25, 1.75, 0.75], "rotation": 270, "texture": "#1_1"},
				"west": {"uv": [1.25, 0.25, 1.75, 0.75], "rotation": 270, "texture": "#1_1"},
				"up": {"uv": [1.25, 0.25, 1.75, 0.75], "texture": "#1_1"},
				"down": {"uv": [1.25, 0.25, 1.75, 0.75], "rotation": 180, "texture": "#1_1"}
			}
		},
		{
			"name": "voxel",
			"from": [12.5, 18, 5.5],
			"to": [13.5, 19, 6.5],
			"rotation": {"angle": -45, "axis": "x", "origin": [13, 11.19565, 8.69565]},
			"faces": {
				"north": {"uv": [4.25, 0.25, 4.75, 0.75], "rotation": 270, "texture": "#1_1"},
				"east": {"uv": [4.25, 0.25, 4.75, 0.75], "rotation": 90, "texture": "#1_1"},
				"south": {"uv": [4.25, 0.25, 4.75, 0.75], "rotation": 270, "texture": "#1_1"},
				"west": {"uv": [4.25, 0.25, 4.75, 0.75], "rotation": 270, "texture": "#1_1"},
				"up": {"uv": [4.25, 0.25, 4.75, 0.75], "texture": "#1_1"},
				"down": {"uv": [4.25, 0.25, 4.75, 0.75], "rotation": 180, "texture": "#1_1"}
			}
		},
		{
			"name": "voxel",
			"from": [12.5, 13, 5.5],
			"to": [13.5, 16, 6.5],
			"rotation": {"angle": -45, "axis": "x", "origin": [13, 11.19565, 8.69565]},
			"faces": {
				"north": {"uv": [0.25, 0.25, 0.75, 0.75], "rotation": 270, "texture": "#1_1"},
				"east": {"uv": [0.25, 0.25, 0.75, 0.75], "rotation": 90, "texture": "#1_1"},
				"south": {"uv": [0.25, 0.25, 0.75, 0.75], "rotation": 270, "texture": "#1_1"},
				"west": {"uv": [0.25, 0.25, 0.75, 0.75], "rotation": 270, "texture": "#1_1"},
				"up": {"uv": [0.25, 0.25, 0.75, 0.75], "texture": "#1_1"},
				"down": {"uv": [0.25, 0.25, 0.75, 0.75], "rotation": 180, "texture": "#1_1"}
			}
		},
		{
			"name": "voxel",
			"from": [12.5, 12, 5.5],
			"to": [13.5, 13, 6.5],
			"rotation": {"angle": -45, "axis": "x", "origin": [13, 11.19565, 8.69565]},
			"faces": {
				"north": {"uv": [3.25, 0.25, 3.75, 0.75], "rotation": 270, "texture": "#1_1"},
				"east": {"uv": [3.25, 0.25, 3.75, 0.75], "rotation": 90, "texture": "#1_1"},
				"south": {"uv": [3.25, 0.25, 3.75, 0.75], "rotation": 270, "texture": "#1_1"},
				"west": {"uv": [3.25, 0.25, 3.75, 0.75], "rotation": 270, "texture": "#1_1"},
				"up": {"uv": [3.25, 0.25, 3.75, 0.75], "texture": "#1_1"},
				"down": {"uv": [3.25, 0.25, 3.75, 0.75], "rotation": 180, "texture": "#1_1"}
			}
		},
		{
			"name": "voxel",
			"from": [12.5, 11, 5.5],
			"to": [13.5, 12, 6.5],
			"rotation": {"angle": -45, "axis": "x", "origin": [13, 11.19565, 8.69565]},
			"faces": {
				"north": {"uv": [5.25, 0.25, 5.75, 0.75], "rotation": 270, "texture": "#1_1"},
				"east": {"uv": [5.25, 0.25, 5.75, 0.75], "rotation": 90, "texture": "#1_1"},
				"south": {"uv": [5.25, 0.25, 5.75, 0.75], "rotation": 270, "texture": "#1_1"},
				"west": {"uv": [5.25, 0.25, 5.75, 0.75], "rotation": 270, "texture": "#1_1"},
				"up": {"uv": [5.25, 0.25, 5.75, 0.75], "texture": "#1_1"},
				"down": {"uv": [5.25, 0.25, 5.75, 0.75], "rotation": 180, "texture": "#1_1"}
			}
		},
		{
			"name": "voxel",
			"from": [12.5, 10, 5.5],
			"to": [13.5, 11, 6.5],
			"rotation": {"angle": -45, "axis": "x", "origin": [13, 11.19565, 8.69565]},
			"faces": {
				"north": {"uv": [1.25, 0.25, 1.75, 0.75], "rotation": 270, "texture": "#1_1"},
				"east": {"uv": [1.25, 0.25, 1.75, 0.75], "rotation": 90, "texture": "#1_1"},
				"south": {"uv": [1.25, 0.25, 1.75, 0.75], "rotation": 270, "texture": "#1_1"},
				"west": {"uv": [1.25, 0.25, 1.75, 0.75], "rotation": 270, "texture": "#1_1"},
				"up": {"uv": [1.25, 0.25, 1.75, 0.75], "texture": "#1_1"},
				"down": {"uv": [1.25, 0.25, 1.75, 0.75], "rotation": 180, "texture": "#1_1"}
			}
		},
		{
			"name": "voxel",
			"from": [12.5, 17, 6.5],
			"to": [13.5, 18, 7.5],
			"rotation": {"angle": -45, "axis": "x", "origin": [13, 11.19565, 8.69565]},
			"faces": {
				"north": {"uv": [4.25, 0.25, 4.75, 0.75], "rotation": 270, "texture": "#1_1"},
				"east": {"uv": [4.25, 0.25, 4.75, 0.75], "rotation": 90, "texture": "#1_1"},
				"south": {"uv": [4.25, 0.25, 4.75, 0.75], "rotation": 270, "texture": "#1_1"},
				"west": {"uv": [4.25, 0.25, 4.75, 0.75], "rotation": 270, "texture": "#1_1"},
				"up": {"uv": [4.25, 0.25, 4.75, 0.75], "texture": "#1_1"},
				"down": {"uv": [4.25, 0.25, 4.75, 0.75], "rotation": 180, "texture": "#1_1"}
			}
		},
		{
			"name": "voxel",
			"from": [12.5, 12, 6.5],
			"to": [13.5, 13, 7.5],
			"rotation": {"angle": -45, "axis": "x", "origin": [13, 11.19565, 8.69565]},
			"faces": {
				"north": {"uv": [5.25, 0.25, 5.75, 0.75], "rotation": 270, "texture": "#1_1"},
				"east": {"uv": [5.25, 0.25, 5.75, 0.75], "rotation": 90, "texture": "#1_1"},
				"south": {"uv": [5.25, 0.25, 5.75, 0.75], "rotation": 270, "texture": "#1_1"},
				"west": {"uv": [5.25, 0.25, 5.75, 0.75], "rotation": 270, "texture": "#1_1"},
				"up": {"uv": [5.25, 0.25, 5.75, 0.75], "texture": "#1_1"},
				"down": {"uv": [5.25, 0.25, 5.75, 0.75], "rotation": 180, "texture": "#1_1"}
			}
		},
		{
			"name": "voxel",
			"from": [12.5, 11, 6.5],
			"to": [13.5, 12, 7.5],
			"rotation": {"angle": -45, "axis": "x", "origin": [13, 11.19565, 8.69565]},
			"faces": {
				"north": {"uv": [6.25, 0.25, 6.75, 0.75], "rotation": 270, "texture": "#1_1"},
				"east": {"uv": [6.25, 0.25, 6.75, 0.75], "rotation": 90, "texture": "#1_1"},
				"south": {"uv": [6.25, 0.25, 6.75, 0.75], "rotation": 270, "texture": "#1_1"},
				"west": {"uv": [6.25, 0.25, 6.75, 0.75], "rotation": 270, "texture": "#1_1"},
				"up": {"uv": [6.25, 0.25, 6.75, 0.75], "texture": "#1_1"},
				"down": {"uv": [6.25, 0.25, 6.75, 0.75], "rotation": 180, "texture": "#1_1"}
			}
		},
		{
			"name": "voxel",
			"from": [12.5, 10, 6.5],
			"to": [13.5, 11, 7.5],
			"rotation": {"angle": -45, "axis": "x", "origin": [13, 11.19565, 8.69565]},
			"faces": {
				"north": {"uv": [5.25, 0.25, 5.75, 0.75], "rotation": 270, "texture": "#1_1"},
				"east": {"uv": [5.25, 0.25, 5.75, 0.75], "rotation": 90, "texture": "#1_1"},
				"south": {"uv": [5.25, 0.25, 5.75, 0.75], "rotation": 270, "texture": "#1_1"},
				"west": {"uv": [5.25, 0.25, 5.75, 0.75], "rotation": 270, "texture": "#1_1"},
				"up": {"uv": [5.25, 0.25, 5.75, 0.75], "texture": "#1_1"},
				"down": {"uv": [5.25, 0.25, 5.75, 0.75], "rotation": 180, "texture": "#1_1"}
			}
		},
		{
			"name": "voxel",
			"from": [12.5, 9, 6.5],
			"to": [13.5, 10, 7.5],
			"rotation": {"angle": -45, "axis": "x", "origin": [13, 11.19565, 8.69565]},
			"faces": {
				"north": {"uv": [1.25, 0.25, 1.75, 0.75], "rotation": 270, "texture": "#1_1"},
				"east": {"uv": [1.25, 0.25, 1.75, 0.75], "rotation": 90, "texture": "#1_1"},
				"south": {"uv": [1.25, 0.25, 1.75, 0.75], "rotation": 270, "texture": "#1_1"},
				"west": {"uv": [1.25, 0.25, 1.75, 0.75], "rotation": 270, "texture": "#1_1"},
				"up": {"uv": [1.25, 0.25, 1.75, 0.75], "texture": "#1_1"},
				"down": {"uv": [1.25, 0.25, 1.75, 0.75], "rotation": 180, "texture": "#1_1"}
			}
		},
		{
			"name": "voxel",
			"from": [12.5, 16, 7.5],
			"to": [13.5, 17, 8.5],
			"rotation": {"angle": -45, "axis": "x", "origin": [13, 11.19565, 8.69565]},
			"faces": {
				"north": {"uv": [4.25, 0.25, 4.75, 0.75], "rotation": 270, "texture": "#1_1"},
				"east": {"uv": [4.25, 0.25, 4.75, 0.75], "rotation": 90, "texture": "#1_1"},
				"south": {"uv": [4.25, 0.25, 4.75, 0.75], "rotation": 270, "texture": "#1_1"},
				"west": {"uv": [4.25, 0.25, 4.75, 0.75], "rotation": 270, "texture": "#1_1"},
				"up": {"uv": [4.25, 0.25, 4.75, 0.75], "texture": "#1_1"},
				"down": {"uv": [4.25, 0.25, 4.75, 0.75], "rotation": 180, "texture": "#1_1"}
			}
		},
		{
			"name": "voxel",
			"from": [12.5, 11, 7.5],
			"to": [13.5, 12, 8.5],
			"rotation": {"angle": -45, "axis": "x", "origin": [13, 11.19565, 8.69565]},
			"faces": {
				"north": {"uv": [5.25, 0.25, 5.75, 0.75], "rotation": 270, "texture": "#1_1"},
				"east": {"uv": [5.25, 0.25, 5.75, 0.75], "rotation": 90, "texture": "#1_1"},
				"south": {"uv": [5.25, 0.25, 5.75, 0.75], "rotation": 270, "texture": "#1_1"},
				"west": {"uv": [5.25, 0.25, 5.75, 0.75], "rotation": 270, "texture": "#1_1"},
				"up": {"uv": [5.25, 0.25, 5.75, 0.75], "texture": "#1_1"},
				"down": {"uv": [5.25, 0.25, 5.75, 0.75], "rotation": 180, "texture": "#1_1"}
			}
		},
		{
			"name": "voxel",
			"from": [12.5, 10, 7.5],
			"to": [13.5, 11, 8.5],
			"rotation": {"angle": -45, "axis": "x", "origin": [13, 11.19565, 8.69565]},
			"faces": {
				"north": {"uv": [6.25, 0.25, 6.75, 0.75], "rotation": 270, "texture": "#1_1"},
				"east": {"uv": [6.25, 0.25, 6.75, 0.75], "rotation": 90, "texture": "#1_1"},
				"south": {"uv": [6.25, 0.25, 6.75, 0.75], "rotation": 270, "texture": "#1_1"},
				"west": {"uv": [6.25, 0.25, 6.75, 0.75], "rotation": 270, "texture": "#1_1"},
				"up": {"uv": [6.25, 0.25, 6.75, 0.75], "texture": "#1_1"},
				"down": {"uv": [6.25, 0.25, 6.75, 0.75], "rotation": 180, "texture": "#1_1"}
			}
		},
		{
			"name": "voxel",
			"from": [12.5, 9, 7.5],
			"to": [13.5, 10, 8.5],
			"rotation": {"angle": -45, "axis": "x", "origin": [13, 11.19565, 8.69565]},
			"faces": {
				"north": {"uv": [5.25, 0.25, 5.75, 0.75], "rotation": 270, "texture": "#1_1"},
				"east": {"uv": [5.25, 0.25, 5.75, 0.75], "rotation": 90, "texture": "#1_1"},
				"south": {"uv": [5.25, 0.25, 5.75, 0.75], "rotation": 270, "texture": "#1_1"},
				"west": {"uv": [5.25, 0.25, 5.75, 0.75], "rotation": 270, "texture": "#1_1"},
				"up": {"uv": [5.25, 0.25, 5.75, 0.75], "texture": "#1_1"},
				"down": {"uv": [5.25, 0.25, 5.75, 0.75], "rotation": 180, "texture": "#1_1"}
			}
		},
		{
			"name": "voxel",
			"from": [12.5, 15, 8.5],
			"to": [13.5, 16, 9.5],
			"rotation": {"angle": -45, "axis": "x", "origin": [13, 11.19565, 8.69565]},
			"faces": {
				"north": {"uv": [4.25, 0.25, 4.75, 0.75], "rotation": 270, "texture": "#1_1"},
				"east": {"uv": [4.25, 0.25, 4.75, 0.75], "rotation": 90, "texture": "#1_1"},
				"south": {"uv": [4.25, 0.25, 4.75, 0.75], "rotation": 270, "texture": "#1_1"},
				"west": {"uv": [4.25, 0.25, 4.75, 0.75], "rotation": 270, "texture": "#1_1"},
				"up": {"uv": [4.25, 0.25, 4.75, 0.75], "texture": "#1_1"},
				"down": {"uv": [4.25, 0.25, 4.75, 0.75], "rotation": 180, "texture": "#1_1"}
			}
		},
		{
			"name": "voxel",
			"from": [12.5, 10, 8.5],
			"to": [13.5, 11, 9.5],
			"rotation": {"angle": -45, "axis": "x", "origin": [13, 11.19565, 8.69565]},
			"faces": {
				"north": {"uv": [5.25, 0.25, 5.75, 0.75], "rotation": 270, "texture": "#1_1"},
				"east": {"uv": [5.25, 0.25, 5.75, 0.75], "rotation": 90, "texture": "#1_1"},
				"south": {"uv": [5.25, 0.25, 5.75, 0.75], "rotation": 270, "texture": "#1_1"},
				"west": {"uv": [5.25, 0.25, 5.75, 0.75], "rotation": 270, "texture": "#1_1"},
				"up": {"uv": [5.25, 0.25, 5.75, 0.75], "texture": "#1_1"},
				"down": {"uv": [5.25, 0.25, 5.75, 0.75], "rotation": 180, "texture": "#1_1"}
			}
		},
		{
			"name": "voxel",
			"from": [12.5, 9, 8.5],
			"to": [13.5, 10, 9.5],
			"rotation": {"angle": -45, "axis": "x", "origin": [13, 11.19565, 8.69565]},
			"faces": {
				"north": {"uv": [3.25, 0.25, 3.75, 0.75], "rotation": 270, "texture": "#1_1"},
				"east": {"uv": [3.25, 0.25, 3.75, 0.75], "rotation": 90, "texture": "#1_1"},
				"south": {"uv": [3.25, 0.25, 3.75, 0.75], "rotation": 270, "texture": "#1_1"},
				"west": {"uv": [3.25, 0.25, 3.75, 0.75], "rotation": 270, "texture": "#1_1"},
				"up": {"uv": [3.25, 0.25, 3.75, 0.75], "texture": "#1_1"},
				"down": {"uv": [3.25, 0.25, 3.75, 0.75], "rotation": 180, "texture": "#1_1"}
			}
		},
		{
			"name": "voxel",
			"from": [12.5, 8, 7.5],
			"to": [13.5, 9, 9.5],
			"rotation": {"angle": -45, "axis": "x", "origin": [13, 11.19565, 8.69565]},
			"faces": {
				"north": {"uv": [1.25, 0.25, 1.75, 0.75], "rotation": 270, "texture": "#1_1"},
				"east": {"uv": [1.25, 0.25, 1.75, 0.75], "rotation": 90, "texture": "#1_1"},
				"south": {"uv": [1.25, 0.25, 1.75, 0.75], "rotation": 270, "texture": "#1_1"},
				"west": {"uv": [1.25, 0.25, 1.75, 0.75], "rotation": 270, "texture": "#1_1"},
				"up": {"uv": [1.25, 0.25, 1.75, 0.75], "texture": "#1_1"},
				"down": {"uv": [1.25, 0.25, 1.75, 0.75], "rotation": 180, "texture": "#1_1"}
			}
		},
		{
			"name": "voxel",
			"from": [12.5, 14, 9.5],
			"to": [13.5, 15, 10.5],
			"rotation": {"angle": -45, "axis": "x", "origin": [13, 11.19565, 8.69565]},
			"faces": {
				"north": {"uv": [4.25, 0.25, 4.75, 0.75], "rotation": 270, "texture": "#1_1"},
				"east": {"uv": [4.25, 0.25, 4.75, 0.75], "rotation": 90, "texture": "#1_1"},
				"south": {"uv": [4.25, 0.25, 4.75, 0.75], "rotation": 270, "texture": "#1_1"},
				"west": {"uv": [4.25, 0.25, 4.75, 0.75], "rotation": 270, "texture": "#1_1"},
				"up": {"uv": [4.25, 0.25, 4.75, 0.75], "texture": "#1_1"},
				"down": {"uv": [4.25, 0.25, 4.75, 0.75], "rotation": 180, "texture": "#1_1"}
			}
		},
		{
			"name": "voxel",
			"from": [12.5, 8, 9.5],
			"to": [13.5, 9, 10.5],
			"rotation": {"angle": -45, "axis": "x", "origin": [13, 11.19565, 8.69565]},
			"faces": {
				"north": {"uv": [2.25, 0.25, 2.75, 0.75], "rotation": 270, "texture": "#1_1"},
				"east": {"uv": [2.25, 0.25, 2.75, 0.75], "rotation": 90, "texture": "#1_1"},
				"south": {"uv": [2.25, 0.25, 2.75, 0.75], "rotation": 270, "texture": "#1_1"},
				"west": {"uv": [2.25, 0.25, 2.75, 0.75], "rotation": 270, "texture": "#1_1"},
				"up": {"uv": [2.25, 0.25, 2.75, 0.75], "texture": "#1_1"},
				"down": {"uv": [2.25, 0.25, 2.75, 0.75], "rotation": 180, "texture": "#1_1"}
			}
		},
		{
			"name": "voxel",
			"from": [12.5, 13, 10.5],
			"to": [13.5, 14, 11.5],
			"rotation": {"angle": -45, "axis": "x", "origin": [13, 11.19565, 8.69565]},
			"faces": {
				"north": {"uv": [4.25, 0.25, 4.75, 0.75], "rotation": 270, "texture": "#1_1"},
				"east": {"uv": [4.25, 0.25, 4.75, 0.75], "rotation": 90, "texture": "#1_1"},
				"south": {"uv": [4.25, 0.25, 4.75, 0.75], "rotation": 270, "texture": "#1_1"},
				"west": {"uv": [4.25, 0.25, 4.75, 0.75], "rotation": 270, "texture": "#1_1"},
				"up": {"uv": [4.25, 0.25, 4.75, 0.75], "texture": "#1_1"},
				"down": {"uv": [4.25, 0.25, 4.75, 0.75], "rotation": 180, "texture": "#1_1"}
			}
		},
		{
			"name": "voxel",
			"from": [12.5, 8, 10.5],
			"to": [13.5, 9, 11.5],
			"rotation": {"angle": -45, "axis": "x", "origin": [13, 11.19565, 8.69565]},
			"faces": {
				"north": {"uv": [3.25, 0.25, 3.75, 0.75], "rotation": 270, "texture": "#1_1"},
				"east": {"uv": [3.25, 0.25, 3.75, 0.75], "rotation": 90, "texture": "#1_1"},
				"south": {"uv": [3.25, 0.25, 3.75, 0.75], "rotation": 270, "texture": "#1_1"},
				"west": {"uv": [3.25, 0.25, 3.75, 0.75], "rotation": 270, "texture": "#1_1"},
				"up": {"uv": [3.25, 0.25, 3.75, 0.75], "texture": "#1_1"},
				"down": {"uv": [3.25, 0.25, 3.75, 0.75], "rotation": 180, "texture": "#1_1"}
			}
		},
		{
			"name": "voxel",
			"from": [12.5, 12, 11.5],
			"to": [13.5, 13, 12.5],
			"rotation": {"angle": -45, "axis": "x", "origin": [13, 11.19565, 8.69565]},
			"faces": {
				"north": {"uv": [4.25, 0.25, 4.75, 0.75], "rotation": 270, "texture": "#1_1"},
				"east": {"uv": [4.25, 0.25, 4.75, 0.75], "rotation": 90, "texture": "#1_1"},
				"south": {"uv": [4.25, 0.25, 4.75, 0.75], "rotation": 270, "texture": "#1_1"},
				"west": {"uv": [4.25, 0.25, 4.75, 0.75], "rotation": 270, "texture": "#1_1"},
				"up": {"uv": [4.25, 0.25, 4.75, 0.75], "texture": "#1_1"},
				"down": {"uv": [4.25, 0.25, 4.75, 0.75], "rotation": 180, "texture": "#1_1"}
			}
		},
		{
			"name": "voxel",
			"from": [12.5, 9, 9.5],
			"to": [13.5, 10, 12.5],
			"rotation": {"angle": -45, "axis": "x", "origin": [13, 11.19565, 8.69565]},
			"faces": {
				"north": {"uv": [0.25, 0.25, 0.75, 0.75], "rotation": 270, "texture": "#1_1"},
				"east": {"uv": [0.25, 0.25, 0.75, 0.75], "rotation": 90, "texture": "#1_1"},
				"south": {"uv": [0.25, 0.25, 0.75, 0.75], "rotation": 270, "texture": "#1_1"},
				"west": {"uv": [0.25, 0.25, 0.75, 0.75], "rotation": 270, "texture": "#1_1"},
				"up": {"uv": [0.25, 0.25, 0.75, 0.75], "texture": "#1_1"},
				"down": {"uv": [0.25, 0.25, 0.75, 0.75], "rotation": 180, "texture": "#1_1"}
			}
		},
		{
			"name": "voxel",
			"from": [12.5, 8, 11.5],
			"to": [13.5, 9, 12.5],
			"rotation": {"angle": -45, "axis": "x", "origin": [13, 11.19565, 8.69565]},
			"faces": {
				"north": {"uv": [2.25, 0.25, 2.75, 0.75], "rotation": 270, "texture": "#1_1"},
				"east": {"uv": [2.25, 0.25, 2.75, 0.75], "rotation": 90, "texture": "#1_1"},
				"south": {"uv": [2.25, 0.25, 2.75, 0.75], "rotation": 270, "texture": "#1_1"},
				"west": {"uv": [2.25, 0.25, 2.75, 0.75], "rotation": 270, "texture": "#1_1"},
				"up": {"uv": [2.25, 0.25, 2.75, 0.75], "texture": "#1_1"},
				"down": {"uv": [2.25, 0.25, 2.75, 0.75], "rotation": 180, "texture": "#1_1"}
			}
		},
		{
			"name": "voxel",
			"from": [12.5, 7, 9.5],
			"to": [13.5, 8, 12.5],
			"rotation": {"angle": -45, "axis": "x", "origin": [13, 11.19565, 8.69565]},
			"faces": {
				"north": {"uv": [1.25, 0.25, 1.75, 0.75], "rotation": 270, "texture": "#1_1"},
				"east": {"uv": [1.25, 0.25, 1.75, 0.75], "rotation": 90, "texture": "#1_1"},
				"south": {"uv": [1.25, 0.25, 1.75, 0.75], "rotation": 270, "texture": "#1_1"},
				"west": {"uv": [1.25, 0.25, 1.75, 0.75], "rotation": 270, "texture": "#1_1"},
				"up": {"uv": [1.25, 0.25, 1.75, 0.75], "texture": "#1_1"},
				"down": {"uv": [1.25, 0.25, 1.75, 0.75], "rotation": 180, "texture": "#1_1"}
			}
		},
		{
			"name": "voxel",
			"from": [12.5, 11, 12.5],
			"to": [13.5, 12, 13.5],
			"rotation": {"angle": -45, "axis": "x", "origin": [13, 11.19565, 8.69565]},
			"faces": {
				"north": {"uv": [4.25, 0.25, 4.75, 0.75], "rotation": 270, "texture": "#1_1"},
				"east": {"uv": [4.25, 0.25, 4.75, 0.75], "rotation": 90, "texture": "#1_1"},
				"south": {"uv": [4.25, 0.25, 4.75, 0.75], "rotation": 270, "texture": "#1_1"},
				"west": {"uv": [4.25, 0.25, 4.75, 0.75], "rotation": 270, "texture": "#1_1"},
				"up": {"uv": [4.25, 0.25, 4.75, 0.75], "texture": "#1_1"},
				"down": {"uv": [4.25, 0.25, 4.75, 0.75], "rotation": 180, "texture": "#1_1"}
			}
		},
		{
			"name": "voxel",
			"from": [12.5, 7, 12.5],
			"to": [13.5, 8, 13.5],
			"rotation": {"angle": -45, "axis": "x", "origin": [13, 11.19565, 8.69565]},
			"faces": {
				"north": {"uv": [2.25, 0.25, 2.75, 0.75], "rotation": 270, "texture": "#1_1"},
				"east": {"uv": [2.25, 0.25, 2.75, 0.75], "rotation": 90, "texture": "#1_1"},
				"south": {"uv": [2.25, 0.25, 2.75, 0.75], "rotation": 270, "texture": "#1_1"},
				"west": {"uv": [2.25, 0.25, 2.75, 0.75], "rotation": 270, "texture": "#1_1"},
				"up": {"uv": [2.25, 0.25, 2.75, 0.75], "texture": "#1_1"},
				"down": {"uv": [2.25, 0.25, 2.75, 0.75], "rotation": 180, "texture": "#1_1"}
			}
		},
		{
			"name": "voxel",
			"from": [12.5, 10, 13.5],
			"to": [13.5, 11, 14.5],
			"rotation": {"angle": -45, "axis": "x", "origin": [13, 11.19565, 8.69565]},
			"faces": {
				"north": {"uv": [4.25, 0.25, 4.75, 0.75], "rotation": 270, "texture": "#1_1"},
				"east": {"uv": [4.25, 0.25, 4.75, 0.75], "rotation": 90, "texture": "#1_1"},
				"south": {"uv": [4.25, 0.25, 4.75, 0.75], "rotation": 270, "texture": "#1_1"},
				"west": {"uv": [4.25, 0.25, 4.75, 0.75], "rotation": 270, "texture": "#1_1"},
				"up": {"uv": [4.25, 0.25, 4.75, 0.75], "texture": "#1_1"},
				"down": {"uv": [4.25, 0.25, 4.75, 0.75], "rotation": 180, "texture": "#1_1"}
			}
		},
		{
			"name": "voxel",
			"from": [12.5, 9, 14.5],
			"to": [13.5, 10, 15.5],
			"rotation": {"angle": -45, "axis": "x", "origin": [13, 11.19565, 8.69565]},
			"faces": {
				"north": {"uv": [4.25, 0.25, 4.75, 0.75], "rotation": 270, "texture": "#1_1"},
				"east": {"uv": [4.25, 0.25, 4.75, 0.75], "rotation": 90, "texture": "#1_1"},
				"south": {"uv": [4.25, 0.25, 4.75, 0.75], "rotation": 270, "texture": "#1_1"},
				"west": {"uv": [4.25, 0.25, 4.75, 0.75], "rotation": 270, "texture": "#1_1"},
				"up": {"uv": [4.25, 0.25, 4.75, 0.75], "texture": "#1_1"},
				"down": {"uv": [4.25, 0.25, 4.75, 0.75], "rotation": 180, "texture": "#1_1"}
			}
		},
		{
			"name": "voxel",
			"from": [12.5, 7, 13.5],
			"to": [13.5, 8, 15.5],
			"rotation": {"angle": -45, "axis": "x", "origin": [13, 11.19565, 8.69565]},
			"faces": {
				"north": {"uv": [3.25, 0.25, 3.75, 0.75], "rotation": 270, "texture": "#1_1"},
				"east": {"uv": [3.25, 0.25, 3.75, 0.75], "rotation": 90, "texture": "#1_1"},
				"south": {"uv": [3.25, 0.25, 3.75, 0.75], "rotation": 270, "texture": "#1_1"},
				"west": {"uv": [3.25, 0.25, 3.75, 0.75], "rotation": 270, "texture": "#1_1"},
				"up": {"uv": [3.25, 0.25, 3.75, 0.75], "texture": "#1_1"},
				"down": {"uv": [3.25, 0.25, 3.75, 0.75], "rotation": 180, "texture": "#1_1"}
			}
		},
		{
			"name": "voxel",
			"from": [12.5, 8, 12.5],
			"to": [13.5, 9, 16.5],
			"rotation": {"angle": -45, "axis": "x", "origin": [13, 11.19565, 8.69565]},
			"faces": {
				"north": {"uv": [0.25, 0.25, 0.75, 0.75], "rotation": 270, "texture": "#1_1"},
				"east": {"uv": [0.25, 0.25, 0.75, 0.75], "rotation": 90, "texture": "#1_1"},
				"south": {"uv": [0.25, 0.25, 0.75, 0.75], "rotation": 270, "texture": "#1_1"},
				"west": {"uv": [0.25, 0.25, 0.75, 0.75], "rotation": 270, "texture": "#1_1"},
				"up": {"uv": [0.25, 0.25, 0.75, 0.75], "texture": "#1_1"},
				"down": {"uv": [0.25, 0.25, 0.75, 0.75], "rotation": 180, "texture": "#1_1"}
			}
		},
		{
			"name": "voxel",
			"from": [12.5, 7, 15.5],
			"to": [13.5, 8, 16.5],
			"rotation": {"angle": -45, "axis": "x", "origin": [13, 11.19565, 8.69565]},
			"faces": {
				"north": {"uv": [2.25, 0.25, 2.75, 0.75], "rotation": 270, "texture": "#1_1"},
				"east": {"uv": [2.25, 0.25, 2.75, 0.75], "rotation": 90, "texture": "#1_1"},
				"south": {"uv": [2.25, 0.25, 2.75, 0.75], "rotation": 270, "texture": "#1_1"},
				"west": {"uv": [2.25, 0.25, 2.75, 0.75], "rotation": 270, "texture": "#1_1"},
				"up": {"uv": [2.25, 0.25, 2.75, 0.75], "texture": "#1_1"},
				"down": {"uv": [2.25, 0.25, 2.75, 0.75], "rotation": 180, "texture": "#1_1"}
			}
		},
		{
			"name": "voxel",
			"from": [12.5, 6, 12.5],
			"to": [13.5, 7, 16.5],
			"rotation": {"angle": -45, "axis": "x", "origin": [13, 11.19565, 8.69565]},
			"faces": {
				"north": {"uv": [1.25, 0.25, 1.75, 0.75], "rotation": 270, "texture": "#1_1"},
				"east": {"uv": [1.25, 0.25, 1.75, 0.75], "rotation": 90, "texture": "#1_1"},
				"south": {"uv": [1.25, 0.25, 1.75, 0.75], "rotation": 270, "texture": "#1_1"},
				"west": {"uv": [1.25, 0.25, 1.75, 0.75], "rotation": 270, "texture": "#1_1"},
				"up": {"uv": [1.25, 0.25, 1.75, 0.75], "texture": "#1_1"},
				"down": {"uv": [1.25, 0.25, 1.75, 0.75], "rotation": 180, "texture": "#1_1"}
			}
		},
		{
			"name": "voxel",
			"from": [12.5, 7, 16.5],
			"to": [13.5, 8, 17.5],
			"rotation": {"angle": -45, "axis": "x", "origin": [13, 11.19565, 8.69565]},
			"faces": {
				"north": {"uv": [0.25, 0.25, 0.75, 0.75], "rotation": 270, "texture": "#1_1"},
				"east": {"uv": [0.25, 0.25, 0.75, 0.75], "rotation": 90, "texture": "#1_1"},
				"south": {"uv": [0.25, 0.25, 0.75, 0.75], "rotation": 270, "texture": "#1_1"},
				"west": {"uv": [0.25, 0.25, 0.75, 0.75], "rotation": 270, "texture": "#1_1"},
				"up": {"uv": [0.25, 0.25, 0.75, 0.75], "texture": "#1_1"},
				"down": {"uv": [0.25, 0.25, 0.75, 0.75], "rotation": 180, "texture": "#1_1"}
			}
		},
		{
			"name": "voxel",
			"from": [12.5, 5, 5.5],
			"to": [13.5, 6, 8.5],
			"rotation": {"angle": -45, "axis": "x", "origin": [13, 13, 4.5]},
			"faces": {
				"north": {"uv": [0.25, 0.25, 0.75, 0.75], "texture": "#2_1"},
				"east": {"uv": [0.25, 0.25, 0.75, 0.75], "texture": "#2_1"},
				"south": {"uv": [0.25, 0.25, 0.75, 0.75], "texture": "#2_1"},
				"west": {"uv": [0.25, 0.25, 0.75, 0.75], "texture": "#2_1"},
				"up": {"uv": [0.25, 0.25, 0.75, 0.75], "rotation": 270, "texture": "#2_1"},
				"down": {"uv": [0.25, 0.25, 0.75, 0.75], "rotation": 90, "texture": "#2_1"}
			}
		},
		{
			"name": "voxel",
			"from": [12.5, 6, 7.5],
			"to": [13.5, 8, 8.5],
			"rotation": {"angle": -45, "axis": "x", "origin": [13, 13, 4.5]},
			"faces": {
				"north": {"uv": [1.25, 0.25, 1.75, 0.75], "texture": "#2_1"},
				"east": {"uv": [1.25, 0.25, 1.75, 0.75], "texture": "#2_1"},
				"south": {"uv": [1.25, 0.25, 1.75, 0.75], "texture": "#2_1"},
				"west": {"uv": [1.25, 0.25, 1.75, 0.75], "texture": "#2_1"},
				"up": {"uv": [1.25, 0.25, 1.75, 0.75], "rotation": 270, "texture": "#2_1"},
				"down": {"uv": [1.25, 0.25, 1.75, 0.75], "rotation": 90, "texture": "#2_1"}
			}
		},
		{
			"name": "voxel",
			"from": [12.5, 6, 6.5],
			"to": [13.5, 7, 7.5],
			"rotation": {"angle": -45, "axis": "x", "origin": [13, 13, 4.5]},
			"faces": {
				"north": {"uv": [2.25, 0.25, 2.75, 0.75], "texture": "#2_1"},
				"east": {"uv": [2.25, 0.25, 2.75, 0.75], "texture": "#2_1"},
				"south": {"uv": [2.25, 0.25, 2.75, 0.75], "texture": "#2_1"},
				"west": {"uv": [2.25, 0.25, 2.75, 0.75], "texture": "#2_1"},
				"up": {"uv": [2.25, 0.25, 2.75, 0.75], "rotation": 270, "texture": "#2_1"},
				"down": {"uv": [2.25, 0.25, 2.75, 0.75], "rotation": 90, "texture": "#2_1"}
			}
		},
		{
			"name": "voxel",
			"from": [12.5, 6, 5.5],
			"to": [13.5, 7, 6.5],
			"rotation": {"angle": -45, "axis": "x", "origin": [13, 13, 4.5]},
			"faces": {
				"north": {"uv": [0.25, 0.25, 0.75, 0.75], "texture": "#2_1"},
				"east": {"uv": [0.25, 0.25, 0.75, 0.75], "texture": "#2_1"},
				"south": {"uv": [0.25, 0.25, 0.75, 0.75], "texture": "#2_1"},
				"west": {"uv": [0.25, 0.25, 0.75, 0.75], "texture": "#2_1"},
				"up": {"uv": [0.25, 0.25, 0.75, 0.75], "rotation": 270, "texture": "#2_1"},
				"down": {"uv": [0.25, 0.25, 0.75, 0.75], "rotation": 90, "texture": "#2_1"}
			}
		},
		{
			"name": "voxel",
			"from": [12.5, 7, 6.5],
			"to": [13.5, 8, 7.5],
			"rotation": {"angle": -45, "axis": "x", "origin": [13, 13, 4.5]},
			"faces": {
				"north": {"uv": [1.25, 0.25, 1.75, 0.75], "texture": "#2_1"},
				"east": {"uv": [1.25, 0.25, 1.75, 0.75], "texture": "#2_1"},
				"south": {"uv": [1.25, 0.25, 1.75, 0.75], "texture": "#2_1"},
				"west": {"uv": [1.25, 0.25, 1.75, 0.75], "texture": "#2_1"},
				"up": {"uv": [1.25, 0.25, 1.75, 0.75], "rotation": 270, "texture": "#2_1"},
				"down": {"uv": [1.25, 0.25, 1.75, 0.75], "rotation": 90, "texture": "#2_1"}
			}
		},
		{
			"name": "voxel",
			"from": [12.5, 7, 5.5],
			"to": [13.5, 8, 6.5],
			"rotation": {"angle": -45, "axis": "x", "origin": [13, 13, 4.5]},
			"faces": {
				"north": {"uv": [3.25, 0.25, 3.75, 0.75], "texture": "#2_1"},
				"east": {"uv": [3.25, 0.25, 3.75, 0.75], "texture": "#2_1"},
				"south": {"uv": [3.25, 0.25, 3.75, 0.75], "texture": "#2_1"},
				"west": {"uv": [3.25, 0.25, 3.75, 0.75], "texture": "#2_1"},
				"up": {"uv": [3.25, 0.25, 3.75, 0.75], "rotation": 270, "texture": "#2_1"},
				"down": {"uv": [3.25, 0.25, 3.75, 0.75], "rotation": 90, "texture": "#2_1"}
			}
		},
		{
			"name": "voxel",
			"from": [12.5, 7, 4.5],
			"to": [13.5, 8, 5.5],
			"rotation": {"angle": -45, "axis": "x", "origin": [13, 13, 4.5]},
			"faces": {
				"north": {"uv": [4.25, 0.25, 4.75, 0.75], "texture": "#2_1"},
				"east": {"uv": [4.25, 0.25, 4.75, 0.75], "texture": "#2_1"},
				"south": {"uv": [4.25, 0.25, 4.75, 0.75], "texture": "#2_1"},
				"west": {"uv": [4.25, 0.25, 4.75, 0.75], "texture": "#2_1"},
				"up": {"uv": [4.25, 0.25, 4.75, 0.75], "rotation": 270, "texture": "#2_1"},
				"down": {"uv": [4.25, 0.25, 4.75, 0.75], "rotation": 90, "texture": "#2_1"}
			}
		},
		{
			"name": "voxel",
			"from": [12.5, 7, -1.5],
			"to": [13.5, 8, 0.5],
			"rotation": {"angle": -45, "axis": "x", "origin": [13, 13, 4.5]},
			"faces": {
				"north": {"uv": [0.25, 0.25, 0.75, 0.75], "texture": "#2_1"},
				"east": {"uv": [0.25, 0.25, 0.75, 0.75], "texture": "#2_1"},
				"south": {"uv": [0.25, 0.25, 0.75, 0.75], "texture": "#2_1"},
				"west": {"uv": [0.25, 0.25, 0.75, 0.75], "texture": "#2_1"},
				"up": {"uv": [0.25, 0.25, 0.75, 0.75], "rotation": 270, "texture": "#2_1"},
				"down": {"uv": [0.25, 0.25, 0.75, 0.75], "rotation": 90, "texture": "#2_1"}
			}
		},
		{
			"name": "voxel",
			"from": [12.5, 8, 5.5],
			"to": [13.5, 9, 6.5],
			"rotation": {"angle": -45, "axis": "x", "origin": [13, 13, 4.5]},
			"faces": {
				"north": {"uv": [5.25, 0.25, 5.75, 0.75], "texture": "#2_1"},
				"east": {"uv": [5.25, 0.25, 5.75, 0.75], "texture": "#2_1"},
				"south": {"uv": [5.25, 0.25, 5.75, 0.75], "texture": "#2_1"},
				"west": {"uv": [5.25, 0.25, 5.75, 0.75], "texture": "#2_1"},
				"up": {"uv": [5.25, 0.25, 5.75, 0.75], "rotation": 270, "texture": "#2_1"},
				"down": {"uv": [5.25, 0.25, 5.75, 0.75], "rotation": 90, "texture": "#2_1"}
			}
		},
		{
			"name": "voxel",
			"from": [12.5, 8, 4.5],
			"to": [13.5, 9, 5.5],
			"rotation": {"angle": -45, "axis": "x", "origin": [13, 13, 4.5]},
			"faces": {
				"north": {"uv": [6.25, 0.25, 6.75, 0.75], "texture": "#2_1"},
				"east": {"uv": [6.25, 0.25, 6.75, 0.75], "texture": "#2_1"},
				"south": {"uv": [6.25, 0.25, 6.75, 0.75], "texture": "#2_1"},
				"west": {"uv": [6.25, 0.25, 6.75, 0.75], "texture": "#2_1"},
				"up": {"uv": [6.25, 0.25, 6.75, 0.75], "rotation": 270, "texture": "#2_1"},
				"down": {"uv": [6.25, 0.25, 6.75, 0.75], "rotation": 90, "texture": "#2_1"}
			}
		},
		{
			"name": "voxel",
			"from": [12.5, 8, 3.5],
			"to": [13.5, 9, 4.5],
			"rotation": {"angle": -45, "axis": "x", "origin": [13, 13, 4.5]},
			"faces": {
				"north": {"uv": [4.25, 0.25, 4.75, 0.75], "texture": "#2_1"},
				"east": {"uv": [4.25, 0.25, 4.75, 0.75], "texture": "#2_1"},
				"south": {"uv": [4.25, 0.25, 4.75, 0.75], "texture": "#2_1"},
				"west": {"uv": [4.25, 0.25, 4.75, 0.75], "texture": "#2_1"},
				"up": {"uv": [4.25, 0.25, 4.75, 0.75], "rotation": 270, "texture": "#2_1"},
				"down": {"uv": [4.25, 0.25, 4.75, 0.75], "rotation": 90, "texture": "#2_1"}
			}
		},
		{
			"name": "voxel",
			"from": [12.5, 8, 0.5],
			"to": [13.5, 9, 2.5],
			"rotation": {"angle": -45, "axis": "x", "origin": [13, 13, 4.5]},
			"faces": {
				"north": {"uv": [0.25, 0.25, 0.75, 0.75], "texture": "#2_1"},
				"east": {"uv": [0.25, 0.25, 0.75, 0.75], "texture": "#2_1"},
				"south": {"uv": [0.25, 0.25, 0.75, 0.75], "texture": "#2_1"},
				"west": {"uv": [0.25, 0.25, 0.75, 0.75], "texture": "#2_1"},
				"up": {"uv": [0.25, 0.25, 0.75, 0.75], "rotation": 270, "texture": "#2_1"},
				"down": {"uv": [0.25, 0.25, 0.75, 0.75], "rotation": 90, "texture": "#2_1"}
			}
		},
		{
			"name": "voxel",
			"from": [12.5, 8, -0.5],
			"to": [13.5, 9, 0.5],
			"rotation": {"angle": -45, "axis": "x", "origin": [13, 13, 4.5]},
			"faces": {
				"north": {"uv": [1.25, 0.25, 1.75, 0.75], "texture": "#2_1"},
				"east": {"uv": [1.25, 0.25, 1.75, 0.75], "texture": "#2_1"},
				"south": {"uv": [1.25, 0.25, 1.75, 0.75], "texture": "#2_1"},
				"west": {"uv": [1.25, 0.25, 1.75, 0.75], "texture": "#2_1"},
				"up": {"uv": [1.25, 0.25, 1.75, 0.75], "rotation": 270, "texture": "#2_1"},
				"down": {"uv": [1.25, 0.25, 1.75, 0.75], "rotation": 90, "texture": "#2_1"}
			}
		},
		{
			"name": "voxel",
			"from": [12.5, 8, -1.5],
			"to": [13.5, 9, -0.5],
			"rotation": {"angle": -45, "axis": "x", "origin": [13, 13, 4.5]},
			"faces": {
				"north": {"uv": [0.25, 0.25, 0.75, 0.75], "texture": "#2_1"},
				"east": {"uv": [0.25, 0.25, 0.75, 0.75], "texture": "#2_1"},
				"south": {"uv": [0.25, 0.25, 0.75, 0.75], "texture": "#2_1"},
				"west": {"uv": [0.25, 0.25, 0.75, 0.75], "texture": "#2_1"},
				"up": {"uv": [0.25, 0.25, 0.75, 0.75], "rotation": 270, "texture": "#2_1"},
				"down": {"uv": [0.25, 0.25, 0.75, 0.75], "rotation": 90, "texture": "#2_1"}
			}
		},
		{
			"name": "voxel",
			"from": [12.5, 9, 4.5],
			"to": [13.5, 10, 5.5],
			"rotation": {"angle": -45, "axis": "x", "origin": [13, 13, 4.5]},
			"faces": {
				"north": {"uv": [5.25, 0.25, 5.75, 0.75], "texture": "#2_1"},
				"east": {"uv": [5.25, 0.25, 5.75, 0.75], "texture": "#2_1"},
				"south": {"uv": [5.25, 0.25, 5.75, 0.75], "texture": "#2_1"},
				"west": {"uv": [5.25, 0.25, 5.75, 0.75], "texture": "#2_1"},
				"up": {"uv": [5.25, 0.25, 5.75, 0.75], "rotation": 270, "texture": "#2_1"},
				"down": {"uv": [5.25, 0.25, 5.75, 0.75], "rotation": 90, "texture": "#2_1"}
			}
		},
		{
			"name": "voxel",
			"from": [12.5, 9, 3.5],
			"to": [13.5, 10, 4.5],
			"rotation": {"angle": -45, "axis": "x", "origin": [13, 13, 4.5]},
			"faces": {
				"north": {"uv": [3.25, 0.25, 3.75, 0.75], "texture": "#2_1"},
				"east": {"uv": [3.25, 0.25, 3.75, 0.75], "texture": "#2_1"},
				"south": {"uv": [3.25, 0.25, 3.75, 0.75], "texture": "#2_1"},
				"west": {"uv": [3.25, 0.25, 3.75, 0.75], "texture": "#2_1"},
				"up": {"uv": [3.25, 0.25, 3.75, 0.75], "rotation": 270, "texture": "#2_1"},
				"down": {"uv": [3.25, 0.25, 3.75, 0.75], "rotation": 90, "texture": "#2_1"}
			}
		},
		{
			"name": "voxel",
			"from": [12.5, 9, 2.5],
			"to": [13.5, 10, 3.5],
			"rotation": {"angle": -45, "axis": "x", "origin": [13, 13, 4.5]},
			"faces": {
				"north": {"uv": [0.25, 0.25, 0.75, 0.75], "texture": "#2_1"},
				"east": {"uv": [0.25, 0.25, 0.75, 0.75], "texture": "#2_1"},
				"south": {"uv": [0.25, 0.25, 0.75, 0.75], "texture": "#2_1"},
				"west": {"uv": [0.25, 0.25, 0.75, 0.75], "texture": "#2_1"},
				"up": {"uv": [0.25, 0.25, 0.75, 0.75], "rotation": 270, "texture": "#2_1"},
				"down": {"uv": [0.25, 0.25, 0.75, 0.75], "rotation": 90, "texture": "#2_1"}
			}
		},
		{
			"name": "voxel",
			"from": [12.5, 9, 0.5],
			"to": [13.5, 10, 2.5],
			"rotation": {"angle": -45, "axis": "x", "origin": [13, 13, 4.5]},
			"faces": {
				"north": {"uv": [1.25, 0.25, 1.75, 0.75], "texture": "#2_1"},
				"east": {"uv": [1.25, 0.25, 1.75, 0.75], "texture": "#2_1"},
				"south": {"uv": [1.25, 0.25, 1.75, 0.75], "texture": "#2_1"},
				"west": {"uv": [1.25, 0.25, 1.75, 0.75], "texture": "#2_1"},
				"up": {"uv": [1.25, 0.25, 1.75, 0.75], "rotation": 270, "texture": "#2_1"},
				"down": {"uv": [1.25, 0.25, 1.75, 0.75], "rotation": 90, "texture": "#2_1"}
			}
		},
		{
			"name": "voxel",
			"from": [12.5, 9, -0.5],
			"to": [13.5, 10, 0.5],
			"rotation": {"angle": -45, "axis": "x", "origin": [13, 13, 4.5]},
			"faces": {
				"north": {"uv": [0.25, 0.25, 0.75, 0.75], "texture": "#2_1"},
				"east": {"uv": [0.25, 0.25, 0.75, 0.75], "texture": "#2_1"},
				"south": {"uv": [0.25, 0.25, 0.75, 0.75], "texture": "#2_1"},
				"west": {"uv": [0.25, 0.25, 0.75, 0.75], "texture": "#2_1"},
				"up": {"uv": [0.25, 0.25, 0.75, 0.75], "rotation": 270, "texture": "#2_1"},
				"down": {"uv": [0.25, 0.25, 0.75, 0.75], "rotation": 90, "texture": "#2_1"}
			}
		},
		{
			"name": "voxel",
			"from": [12.5, 10, 3.5],
			"to": [13.5, 11, 4.5],
			"rotation": {"angle": -45, "axis": "x", "origin": [13, 13, 4.5]},
			"faces": {
				"north": {"uv": [1.25, 0.25, 1.75, 0.75], "texture": "#2_1"},
				"east": {"uv": [1.25, 0.25, 1.75, 0.75], "texture": "#2_1"},
				"south": {"uv": [1.25, 0.25, 1.75, 0.75], "texture": "#2_1"},
				"west": {"uv": [1.25, 0.25, 1.75, 0.75], "texture": "#2_1"},
				"up": {"uv": [1.25, 0.25, 1.75, 0.75], "rotation": 270, "texture": "#2_1"},
				"down": {"uv": [1.25, 0.25, 1.75, 0.75], "rotation": 90, "texture": "#2_1"}
			}
		},
		{
			"name": "voxel",
			"from": [12.5, 10, 2.5],
			"to": [13.5, 11, 3.5],
			"rotation": {"angle": -45, "axis": "x", "origin": [13, 13, 4.5]},
			"faces": {
				"north": {"uv": [2.25, 0.25, 2.75, 0.75], "texture": "#2_1"},
				"east": {"uv": [2.25, 0.25, 2.75, 0.75], "texture": "#2_1"},
				"south": {"uv": [2.25, 0.25, 2.75, 0.75], "texture": "#2_1"},
				"west": {"uv": [2.25, 0.25, 2.75, 0.75], "texture": "#2_1"},
				"up": {"uv": [2.25, 0.25, 2.75, 0.75], "rotation": 270, "texture": "#2_1"},
				"down": {"uv": [2.25, 0.25, 2.75, 0.75], "rotation": 90, "texture": "#2_1"}
			}
		},
		{
			"name": "voxel",
			"from": [12.5, 10, 1.5],
			"to": [13.5, 11, 2.5],
			"rotation": {"angle": -45, "axis": "x", "origin": [13, 13, 4.5]},
			"faces": {
				"north": {"uv": [1.25, 0.25, 1.75, 0.75], "texture": "#2_1"},
				"east": {"uv": [1.25, 0.25, 1.75, 0.75], "texture": "#2_1"},
				"south": {"uv": [1.25, 0.25, 1.75, 0.75], "texture": "#2_1"},
				"west": {"uv": [1.25, 0.25, 1.75, 0.75], "texture": "#2_1"},
				"up": {"uv": [1.25, 0.25, 1.75, 0.75], "rotation": 270, "texture": "#2_1"},
				"down": {"uv": [1.25, 0.25, 1.75, 0.75], "rotation": 90, "texture": "#2_1"}
			}
		},
		{
			"name": "voxel",
			"from": [12.5, 10, 0.5],
			"to": [13.5, 11, 1.5],
			"rotation": {"angle": -45, "axis": "x", "origin": [13, 13, 4.5]},
			"faces": {
				"north": {"uv": [0.25, 0.25, 0.75, 0.75], "texture": "#2_1"},
				"east": {"uv": [0.25, 0.25, 0.75, 0.75], "texture": "#2_1"},
				"south": {"uv": [0.25, 0.25, 0.75, 0.75], "texture": "#2_1"},
				"west": {"uv": [0.25, 0.25, 0.75, 0.75], "texture": "#2_1"},
				"up": {"uv": [0.25, 0.25, 0.75, 0.75], "rotation": 270, "texture": "#2_1"},
				"down": {"uv": [0.25, 0.25, 0.75, 0.75], "rotation": 90, "texture": "#2_1"}
			}
		},
		{
			"name": "voxel",
			"from": [12.5, 11, 4.5],
			"to": [13.5, 13, 5.5],
			"rotation": {"angle": -45, "axis": "x", "origin": [13, 13, 4.5]},
			"faces": {
				"north": {"uv": [1.25, 0.25, 1.75, 0.75], "texture": "#2_1"},
				"east": {"uv": [1.25, 0.25, 1.75, 0.75], "texture": "#2_1"},
				"south": {"uv": [1.25, 0.25, 1.75, 0.75], "texture": "#2_1"},
				"west": {"uv": [1.25, 0.25, 1.75, 0.75], "texture": "#2_1"},
				"up": {"uv": [1.25, 0.25, 1.75, 0.75], "rotation": 270, "texture": "#2_1"},
				"down": {"uv": [1.25, 0.25, 1.75, 0.75], "rotation": 90, "texture": "#2_1"}
			}
		},
		{
			"name": "voxel",
			"from": [12.5, 11, 2.5],
			"to": [13.5, 12, 4.5],
			"rotation": {"angle": -45, "axis": "x", "origin": [13, 13, 4.5]},
			"faces": {
				"north": {"uv": [7.25, 0.25, 7.75, 0.75], "texture": "#2_1"},
				"east": {"uv": [7.25, 0.25, 7.75, 0.75], "texture": "#2_1"},
				"south": {"uv": [7.25, 0.25, 7.75, 0.75], "texture": "#2_1"},
				"west": {"uv": [7.25, 0.25, 7.75, 0.75], "texture": "#2_1"},
				"up": {"uv": [7.25, 0.25, 7.75, 0.75], "rotation": 270, "texture": "#2_1"},
				"down": {"uv": [7.25, 0.25, 7.75, 0.75], "rotation": 90, "texture": "#2_1"}
			}
		},
		{
			"name": "voxel",
			"from": [12.5, 11, 1.5],
			"to": [13.5, 12, 2.5],
			"rotation": {"angle": -45, "axis": "x", "origin": [13, 13, 4.5]},
			"faces": {
				"north": {"uv": [2.25, 0.25, 2.75, 0.75], "texture": "#2_1"},
				"east": {"uv": [2.25, 0.25, 2.75, 0.75], "texture": "#2_1"},
				"south": {"uv": [2.25, 0.25, 2.75, 0.75], "texture": "#2_1"},
				"west": {"uv": [2.25, 0.25, 2.75, 0.75], "texture": "#2_1"},
				"up": {"uv": [2.25, 0.25, 2.75, 0.75], "rotation": 270, "texture": "#2_1"},
				"down": {"uv": [2.25, 0.25, 2.75, 0.75], "rotation": 90, "texture": "#2_1"}
			}
		},
		{
			"name": "voxel",
			"from": [12.5, 11, 0.5],
			"to": [13.5, 12, 1.5],
			"rotation": {"angle": -45, "axis": "x", "origin": [13, 13, 4.5]},
			"faces": {
				"north": {"uv": [8.25, 0.25, 8.75, 0.75], "texture": "#2_1"},
				"east": {"uv": [8.25, 0.25, 8.75, 0.75], "texture": "#2_1"},
				"south": {"uv": [8.25, 0.25, 8.75, 0.75], "texture": "#2_1"},
				"west": {"uv": [8.25, 0.25, 8.75, 0.75], "texture": "#2_1"},
				"up": {"uv": [8.25, 0.25, 8.75, 0.75], "rotation": 270, "texture": "#2_1"},
				"down": {"uv": [8.25, 0.25, 8.75, 0.75], "rotation": 90, "texture": "#2_1"}
			}
		},
		{
			"name": "voxel",
			"from": [12.5, 11, -0.5],
			"to": [13.5, 12, 0.5],
			"rotation": {"angle": -45, "axis": "x", "origin": [13, 13, 4.5]},
			"faces": {
				"north": {"uv": [0.25, 0.25, 0.75, 0.75], "texture": "#2_1"},
				"east": {"uv": [0.25, 0.25, 0.75, 0.75], "texture": "#2_1"},
				"south": {"uv": [0.25, 0.25, 0.75, 0.75], "texture": "#2_1"},
				"west": {"uv": [0.25, 0.25, 0.75, 0.75], "texture": "#2_1"},
				"up": {"uv": [0.25, 0.25, 0.75, 0.75], "rotation": 270, "texture": "#2_1"},
				"down": {"uv": [0.25, 0.25, 0.75, 0.75], "rotation": 90, "texture": "#2_1"}
			}
		},
		{
			"name": "voxel",
			"from": [12.5, 12, 3.5],
			"to": [13.5, 13, 4.5],
			"rotation": {"angle": -45, "axis": "x", "origin": [13, 13, 4.5]},
			"faces": {
				"north": {"uv": [7.25, 0.25, 7.75, 0.75], "texture": "#2_1"},
				"east": {"uv": [7.25, 0.25, 7.75, 0.75], "texture": "#2_1"},
				"south": {"uv": [7.25, 0.25, 7.75, 0.75], "texture": "#2_1"},
				"west": {"uv": [7.25, 0.25, 7.75, 0.75], "texture": "#2_1"},
				"up": {"uv": [7.25, 0.25, 7.75, 0.75], "rotation": 270, "texture": "#2_1"},
				"down": {"uv": [7.25, 0.25, 7.75, 0.75], "rotation": 90, "texture": "#2_1"}
			}
		},
		{
			"name": "voxel",
			"from": [12.5, 12, 2.5],
			"to": [13.5, 13, 3.5],
			"rotation": {"angle": -45, "axis": "x", "origin": [13, 13, 4.5]},
			"faces": {
				"north": {"uv": [0.25, 0.25, 0.75, 0.75], "texture": "#2_1"},
				"east": {"uv": [0.25, 0.25, 0.75, 0.75], "texture": "#2_1"},
				"south": {"uv": [0.25, 0.25, 0.75, 0.75], "texture": "#2_1"},
				"west": {"uv": [0.25, 0.25, 0.75, 0.75], "texture": "#2_1"},
				"up": {"uv": [0.25, 0.25, 0.75, 0.75], "rotation": 270, "texture": "#2_1"},
				"down": {"uv": [0.25, 0.25, 0.75, 0.75], "rotation": 90, "texture": "#2_1"}
			}
		},
		{
			"name": "voxel",
			"from": [12.5, 12, 1.5],
			"to": [13.5, 13, 2.5],
			"rotation": {"angle": -45, "axis": "x", "origin": [13, 13, 4.5]},
			"faces": {
				"north": {"uv": [8.25, 0.25, 8.75, 0.75], "texture": "#2_1"},
				"east": {"uv": [8.25, 0.25, 8.75, 0.75], "texture": "#2_1"},
				"south": {"uv": [8.25, 0.25, 8.75, 0.75], "texture": "#2_1"},
				"west": {"uv": [8.25, 0.25, 8.75, 0.75], "texture": "#2_1"},
				"up": {"uv": [8.25, 0.25, 8.75, 0.75], "rotation": 270, "texture": "#2_1"},
				"down": {"uv": [8.25, 0.25, 8.75, 0.75], "rotation": 90, "texture": "#2_1"}
			}
		},
		{
			"name": "voxel",
			"from": [12.5, 12, 0.5],
			"to": [13.5, 13, 1.5],
			"rotation": {"angle": -45, "axis": "x", "origin": [13, 13, 4.5]},
			"faces": {
				"north": {"uv": [7.25, 0.25, 7.75, 0.75], "texture": "#2_1"},
				"east": {"uv": [7.25, 0.25, 7.75, 0.75], "texture": "#2_1"},
				"south": {"uv": [7.25, 0.25, 7.75, 0.75], "texture": "#2_1"},
				"west": {"uv": [7.25, 0.25, 7.75, 0.75], "texture": "#2_1"},
				"up": {"uv": [7.25, 0.25, 7.75, 0.75], "rotation": 270, "texture": "#2_1"},
				"down": {"uv": [7.25, 0.25, 7.75, 0.75], "rotation": 90, "texture": "#2_1"}
			}
		},
		{
			"name": "voxel",
			"from": [12.5, 12, -0.5],
			"to": [13.5, 13, 0.5],
			"rotation": {"angle": -45, "axis": "x", "origin": [13, 13, 4.5]},
			"faces": {
				"north": {"uv": [8.25, 0.25, 8.75, 0.75], "texture": "#2_1"},
				"east": {"uv": [8.25, 0.25, 8.75, 0.75], "texture": "#2_1"},
				"south": {"uv": [8.25, 0.25, 8.75, 0.75], "texture": "#2_1"},
				"west": {"uv": [8.25, 0.25, 8.75, 0.75], "texture": "#2_1"},
				"up": {"uv": [8.25, 0.25, 8.75, 0.75], "rotation": 270, "texture": "#2_1"},
				"down": {"uv": [8.25, 0.25, 8.75, 0.75], "rotation": 90, "texture": "#2_1"}
			}
		},
		{
			"name": "voxel",
			"from": [12.5, 12, -1.5],
			"to": [13.5, 13, -0.5],
			"rotation": {"angle": -45, "axis": "x", "origin": [13, 13, 4.5]},
			"faces": {
				"north": {"uv": [0.25, 0.25, 0.75, 0.75], "texture": "#2_1"},
				"east": {"uv": [0.25, 0.25, 0.75, 0.75], "texture": "#2_1"},
				"south": {"uv": [0.25, 0.25, 0.75, 0.75], "texture": "#2_1"},
				"west": {"uv": [0.25, 0.25, 0.75, 0.75], "texture": "#2_1"},
				"up": {"uv": [0.25, 0.25, 0.75, 0.75], "rotation": 270, "texture": "#2_1"},
				"down": {"uv": [0.25, 0.25, 0.75, 0.75], "rotation": 90, "texture": "#2_1"}
			}
		},
		{
			"name": "voxel",
			"from": [12.5, 13, 5.5],
			"to": [13.5, 15, 6.5],
			"rotation": {"angle": -45, "axis": "x", "origin": [13, 13, 4.5]},
			"faces": {
				"north": {"uv": [1.25, 0.25, 1.75, 0.75], "texture": "#2_1"},
				"east": {"uv": [1.25, 0.25, 1.75, 0.75], "texture": "#2_1"},
				"south": {"uv": [1.25, 0.25, 1.75, 0.75], "texture": "#2_1"},
				"west": {"uv": [1.25, 0.25, 1.75, 0.75], "texture": "#2_1"},
				"up": {"uv": [1.25, 0.25, 1.75, 0.75], "rotation": 270, "texture": "#2_1"},
				"down": {"uv": [1.25, 0.25, 1.75, 0.75], "rotation": 90, "texture": "#2_1"}
			}
		},
		{
			"name": "voxel",
			"from": [12.5, 13, 4.5],
			"to": [13.5, 14, 5.5],
			"rotation": {"angle": -45, "axis": "x", "origin": [13, 13, 4.5]},
			"faces": {
				"north": {"uv": [2.25, 0.25, 2.75, 0.75], "texture": "#2_1"},
				"east": {"uv": [2.25, 0.25, 2.75, 0.75], "texture": "#2_1"},
				"south": {"uv": [2.25, 0.25, 2.75, 0.75], "texture": "#2_1"},
				"west": {"uv": [2.25, 0.25, 2.75, 0.75], "texture": "#2_1"},
				"up": {"uv": [2.25, 0.25, 2.75, 0.75], "rotation": 270, "texture": "#2_1"},
				"down": {"uv": [2.25, 0.25, 2.75, 0.75], "rotation": 90, "texture": "#2_1"}
			}
		},
		{
			"name": "voxel",
			"from": [12.5, 13, 3.5],
			"to": [13.5, 14, 4.5],
			"rotation": {"angle": -45, "axis": "x", "origin": [13, 13, 4.5]},
			"faces": {
				"north": {"uv": [1.25, 0.25, 1.75, 0.75], "texture": "#2_1"},
				"east": {"uv": [1.25, 0.25, 1.75, 0.75], "texture": "#2_1"},
				"south": {"uv": [1.25, 0.25, 1.75, 0.75], "texture": "#2_1"},
				"west": {"uv": [1.25, 0.25, 1.75, 0.75], "texture": "#2_1"},
				"up": {"uv": [1.25, 0.25, 1.75, 0.75], "rotation": 270, "texture": "#2_1"},
				"down": {"uv": [1.25, 0.25, 1.75, 0.75], "rotation": 90, "texture": "#2_1"}
			}
		},
		{
			"name": "voxel",
			"from": [12.5, 13, 1.5],
			"to": [13.5, 14, 2.5],
			"rotation": {"angle": -45, "axis": "x", "origin": [13, 13, 4.5]},
			"faces": {
				"north": {"uv": [1.25, 0.25, 1.75, 0.75], "texture": "#2_1"},
				"east": {"uv": [1.25, 0.25, 1.75, 0.75], "texture": "#2_1"},
				"south": {"uv": [1.25, 0.25, 1.75, 0.75], "texture": "#2_1"},
				"west": {"uv": [1.25, 0.25, 1.75, 0.75], "texture": "#2_1"},
				"up": {"uv": [1.25, 0.25, 1.75, 0.75], "rotation": 270, "texture": "#2_1"},
				"down": {"uv": [1.25, 0.25, 1.75, 0.75], "rotation": 90, "texture": "#2_1"}
			}
		},
		{
			"name": "voxel",
			"from": [12.5, 13, 0.5],
			"to": [13.5, 14, 1.5],
			"rotation": {"angle": -45, "axis": "x", "origin": [13, 13, 4.5]},
			"faces": {
				"north": {"uv": [8.25, 0.25, 8.75, 0.75], "texture": "#2_1"},
				"east": {"uv": [8.25, 0.25, 8.75, 0.75], "texture": "#2_1"},
				"south": {"uv": [8.25, 0.25, 8.75, 0.75], "texture": "#2_1"},
				"west": {"uv": [8.25, 0.25, 8.75, 0.75], "texture": "#2_1"},
				"up": {"uv": [8.25, 0.25, 8.75, 0.75], "rotation": 270, "texture": "#2_1"},
				"down": {"uv": [8.25, 0.25, 8.75, 0.75], "rotation": 90, "texture": "#2_1"}
			}
		},
		{
			"name": "voxel",
			"from": [12.5, 13, -0.5],
			"to": [13.5, 14, 0.5],
			"rotation": {"angle": -45, "axis": "x", "origin": [13, 13, 4.5]},
			"faces": {
				"north": {"uv": [9.25, 0.25, 9.75, 0.75], "texture": "#2_1"},
				"east": {"uv": [9.25, 0.25, 9.75, 0.75], "texture": "#2_1"},
				"south": {"uv": [9.25, 0.25, 9.75, 0.75], "texture": "#2_1"},
				"west": {"uv": [9.25, 0.25, 9.75, 0.75], "texture": "#2_1"},
				"up": {"uv": [9.25, 0.25, 9.75, 0.75], "rotation": 270, "texture": "#2_1"},
				"down": {"uv": [9.25, 0.25, 9.75, 0.75], "rotation": 90, "texture": "#2_1"}
			}
		},
		{
			"name": "voxel",
			"from": [12.5, 13, -1.5],
			"to": [13.5, 14, -0.5],
			"rotation": {"angle": -45, "axis": "x", "origin": [13, 13, 4.5]},
			"faces": {
				"north": {"uv": [8.25, 0.25, 8.75, 0.75], "texture": "#2_1"},
				"east": {"uv": [8.25, 0.25, 8.75, 0.75], "texture": "#2_1"},
				"south": {"uv": [8.25, 0.25, 8.75, 0.75], "texture": "#2_1"},
				"west": {"uv": [8.25, 0.25, 8.75, 0.75], "texture": "#2_1"},
				"up": {"uv": [8.25, 0.25, 8.75, 0.75], "rotation": 270, "texture": "#2_1"},
				"down": {"uv": [8.25, 0.25, 8.75, 0.75], "rotation": 90, "texture": "#2_1"}
			}
		},
		{
			"name": "voxel",
			"from": [12.5, 13, -2.5],
			"to": [13.5, 14, -1.5],
			"rotation": {"angle": -45, "axis": "x", "origin": [13, 13, 4.5]},
			"faces": {
				"north": {"uv": [0.25, 0.25, 0.75, 0.75], "texture": "#2_1"},
				"east": {"uv": [0.25, 0.25, 0.75, 0.75], "texture": "#2_1"},
				"south": {"uv": [0.25, 0.25, 0.75, 0.75], "texture": "#2_1"},
				"west": {"uv": [0.25, 0.25, 0.75, 0.75], "texture": "#2_1"},
				"up": {"uv": [0.25, 0.25, 0.75, 0.75], "rotation": 270, "texture": "#2_1"},
				"down": {"uv": [0.25, 0.25, 0.75, 0.75], "rotation": 90, "texture": "#2_1"}
			}
		},
		{
			"name": "voxel",
			"from": [12.5, 14, 4.5],
			"to": [13.5, 15, 5.5],
			"rotation": {"angle": -45, "axis": "x", "origin": [13, 13, 4.5]},
			"faces": {
				"north": {"uv": [1.25, 0.25, 1.75, 0.75], "texture": "#2_1"},
				"east": {"uv": [1.25, 0.25, 1.75, 0.75], "texture": "#2_1"},
				"south": {"uv": [1.25, 0.25, 1.75, 0.75], "texture": "#2_1"},
				"west": {"uv": [1.25, 0.25, 1.75, 0.75], "texture": "#2_1"},
				"up": {"uv": [1.25, 0.25, 1.75, 0.75], "rotation": 270, "texture": "#2_1"},
				"down": {"uv": [1.25, 0.25, 1.75, 0.75], "rotation": 90, "texture": "#2_1"}
			}
		},
		{
			"name": "voxel",
			"from": [12.5, 14, 0.5],
			"to": [13.5, 15, 1.5],
			"rotation": {"angle": -45, "axis": "x", "origin": [13, 13, 4.5]},
			"faces": {
				"north": {"uv": [1.25, 0.25, 1.75, 0.75], "texture": "#2_1"},
				"east": {"uv": [1.25, 0.25, 1.75, 0.75], "texture": "#2_1"},
				"south": {"uv": [1.25, 0.25, 1.75, 0.75], "texture": "#2_1"},
				"west": {"uv": [1.25, 0.25, 1.75, 0.75], "texture": "#2_1"},
				"up": {"uv": [1.25, 0.25, 1.75, 0.75], "rotation": 270, "texture": "#2_1"},
				"down": {"uv": [1.25, 0.25, 1.75, 0.75], "rotation": 90, "texture": "#2_1"}
			}
		},
		{
			"name": "voxel",
			"from": [12.5, 14, -0.5],
			"to": [13.5, 15, 0.5],
			"rotation": {"angle": -45, "axis": "x", "origin": [13, 13, 4.5]},
			"faces": {
				"north": {"uv": [8.25, 0.25, 8.75, 0.75], "texture": "#2_1"},
				"east": {"uv": [8.25, 0.25, 8.75, 0.75], "texture": "#2_1"},
				"south": {"uv": [8.25, 0.25, 8.75, 0.75], "texture": "#2_1"},
				"west": {"uv": [8.25, 0.25, 8.75, 0.75], "texture": "#2_1"},
				"up": {"uv": [8.25, 0.25, 8.75, 0.75], "rotation": 270, "texture": "#2_1"},
				"down": {"uv": [8.25, 0.25, 8.75, 0.75], "rotation": 90, "texture": "#2_1"}
			}
		},
		{
			"name": "voxel",
			"from": [12.5, 14, -1.5],
			"to": [13.5, 15, -0.5],
			"rotation": {"angle": -45, "axis": "x", "origin": [13, 13, 4.5]},
			"faces": {
				"north": {"uv": [9.25, 0.25, 9.75, 0.75], "texture": "#2_1"},
				"east": {"uv": [9.25, 0.25, 9.75, 0.75], "texture": "#2_1"},
				"south": {"uv": [9.25, 0.25, 9.75, 0.75], "texture": "#2_1"},
				"west": {"uv": [9.25, 0.25, 9.75, 0.75], "texture": "#2_1"},
				"up": {"uv": [9.25, 0.25, 9.75, 0.75], "rotation": 270, "texture": "#2_1"},
				"down": {"uv": [9.25, 0.25, 9.75, 0.75], "rotation": 90, "texture": "#2_1"}
			}
		},
		{
			"name": "voxel",
			"from": [12.5, 14, -2.5],
			"to": [13.5, 15, -1.5],
			"rotation": {"angle": -45, "axis": "x", "origin": [13, 13, 4.5]},
			"faces": {
				"north": {"uv": [8.25, 0.25, 8.75, 0.75], "texture": "#2_1"},
				"east": {"uv": [8.25, 0.25, 8.75, 0.75], "texture": "#2_1"},
				"south": {"uv": [8.25, 0.25, 8.75, 0.75], "texture": "#2_1"},
				"west": {"uv": [8.25, 0.25, 8.75, 0.75], "texture": "#2_1"},
				"up": {"uv": [8.25, 0.25, 8.75, 0.75], "rotation": 270, "texture": "#2_1"},
				"down": {"uv": [8.25, 0.25, 8.75, 0.75], "rotation": 90, "texture": "#2_1"}
			}
		},
		{
			"name": "voxel",
			"from": [12.5, 14, -3.5],
			"to": [13.5, 15, -2.5],
			"rotation": {"angle": -45, "axis": "x", "origin": [13, 13, 4.5]},
			"faces": {
				"north": {"uv": [0.25, 0.25, 0.75, 0.75], "texture": "#2_1"},
				"east": {"uv": [0.25, 0.25, 0.75, 0.75], "texture": "#2_1"},
				"south": {"uv": [0.25, 0.25, 0.75, 0.75], "texture": "#2_1"},
				"west": {"uv": [0.25, 0.25, 0.75, 0.75], "texture": "#2_1"},
				"up": {"uv": [0.25, 0.25, 0.75, 0.75], "rotation": 270, "texture": "#2_1"},
				"down": {"uv": [0.25, 0.25, 0.75, 0.75], "rotation": 90, "texture": "#2_1"}
			}
		},
		{
			"name": "voxel",
			"from": [12.5, 15, -0.5],
			"to": [13.5, 16, 0.5],
			"rotation": {"angle": -45, "axis": "x", "origin": [13, 13, 4.5]},
			"faces": {
				"north": {"uv": [1.25, 0.25, 1.75, 0.75], "texture": "#2_1"},
				"east": {"uv": [1.25, 0.25, 1.75, 0.75], "texture": "#2_1"},
				"south": {"uv": [1.25, 0.25, 1.75, 0.75], "texture": "#2_1"},
				"west": {"uv": [1.25, 0.25, 1.75, 0.75], "texture": "#2_1"},
				"up": {"uv": [1.25, 0.25, 1.75, 0.75], "rotation": 270, "texture": "#2_1"},
				"down": {"uv": [1.25, 0.25, 1.75, 0.75], "rotation": 90, "texture": "#2_1"}
			}
		},
		{
			"name": "voxel",
			"from": [12.5, 15, -1.5],
			"to": [13.5, 16, -0.5],
			"rotation": {"angle": -45, "axis": "x", "origin": [13, 13, 4.5]},
			"faces": {
				"north": {"uv": [10.25, 0.25, 10.75, 0.75], "texture": "#2_1"},
				"east": {"uv": [10.25, 0.25, 10.75, 0.75], "texture": "#2_1"},
				"south": {"uv": [10.25, 0.25, 10.75, 0.75], "texture": "#2_1"},
				"west": {"uv": [10.25, 0.25, 10.75, 0.75], "texture": "#2_1"},
				"up": {"uv": [10.25, 0.25, 10.75, 0.75], "rotation": 270, "texture": "#2_1"},
				"down": {"uv": [10.25, 0.25, 10.75, 0.75], "rotation": 90, "texture": "#2_1"}
			}
		},
		{
			"name": "voxel",
			"from": [12.5, 15, -2.5],
			"to": [13.5, 16, -1.5],
			"rotation": {"angle": -45, "axis": "x", "origin": [13, 13, 4.5]},
			"faces": {
				"north": {"uv": [9.25, 0.25, 9.75, 0.75], "texture": "#2_1"},
				"east": {"uv": [9.25, 0.25, 9.75, 0.75], "texture": "#2_1"},
				"south": {"uv": [9.25, 0.25, 9.75, 0.75], "texture": "#2_1"},
				"west": {"uv": [9.25, 0.25, 9.75, 0.75], "texture": "#2_1"},
				"up": {"uv": [9.25, 0.25, 9.75, 0.75], "rotation": 270, "texture": "#2_1"},
				"down": {"uv": [9.25, 0.25, 9.75, 0.75], "rotation": 90, "texture": "#2_1"}
			}
		},
		{
			"name": "voxel",
			"from": [12.5, 15, -3.5],
			"to": [13.5, 16, -2.5],
			"rotation": {"angle": -45, "axis": "x", "origin": [13, 13, 4.5]},
			"faces": {
				"north": {"uv": [8.25, 0.25, 8.75, 0.75], "texture": "#2_1"},
				"east": {"uv": [8.25, 0.25, 8.75, 0.75], "texture": "#2_1"},
				"south": {"uv": [8.25, 0.25, 8.75, 0.75], "texture": "#2_1"},
				"west": {"uv": [8.25, 0.25, 8.75, 0.75], "texture": "#2_1"},
				"up": {"uv": [8.25, 0.25, 8.75, 0.75], "rotation": 270, "texture": "#2_1"},
				"down": {"uv": [8.25, 0.25, 8.75, 0.75], "rotation": 90, "texture": "#2_1"}
			}
		},
		{
			"name": "voxel",
			"from": [12.5, 15, -4.5],
			"to": [13.5, 16, -3.5],
			"rotation": {"angle": -45, "axis": "x", "origin": [13, 13, 4.5]},
			"faces": {
				"north": {"uv": [0.25, 0.25, 0.75, 0.75], "texture": "#2_1"},
				"east": {"uv": [0.25, 0.25, 0.75, 0.75], "texture": "#2_1"},
				"south": {"uv": [0.25, 0.25, 0.75, 0.75], "texture": "#2_1"},
				"west": {"uv": [0.25, 0.25, 0.75, 0.75], "texture": "#2_1"},
				"up": {"uv": [0.25, 0.25, 0.75, 0.75], "rotation": 270, "texture": "#2_1"},
				"down": {"uv": [0.25, 0.25, 0.75, 0.75], "rotation": 90, "texture": "#2_1"}
			}
		},
		{
			"name": "voxel",
			"from": [12.5, 16, -1.5],
			"to": [13.5, 17, -0.5],
			"rotation": {"angle": -45, "axis": "x", "origin": [13, 13, 4.5]},
			"faces": {
				"north": {"uv": [1.25, 0.25, 1.75, 0.75], "texture": "#2_1"},
				"east": {"uv": [1.25, 0.25, 1.75, 0.75], "texture": "#2_1"},
				"south": {"uv": [1.25, 0.25, 1.75, 0.75], "texture": "#2_1"},
				"west": {"uv": [1.25, 0.25, 1.75, 0.75], "texture": "#2_1"},
				"up": {"uv": [1.25, 0.25, 1.75, 0.75], "rotation": 270, "texture": "#2_1"},
				"down": {"uv": [1.25, 0.25, 1.75, 0.75], "rotation": 90, "texture": "#2_1"}
			}
		},
		{
			"name": "voxel",
			"from": [12.5, 16, -2.5],
			"to": [13.5, 17, -1.5],
			"rotation": {"angle": -45, "axis": "x", "origin": [13, 13, 4.5]},
			"faces": {
				"north": {"uv": [10.25, 0.25, 10.75, 0.75], "texture": "#2_1"},
				"east": {"uv": [10.25, 0.25, 10.75, 0.75], "texture": "#2_1"},
				"south": {"uv": [10.25, 0.25, 10.75, 0.75], "texture": "#2_1"},
				"west": {"uv": [10.25, 0.25, 10.75, 0.75], "texture": "#2_1"},
				"up": {"uv": [10.25, 0.25, 10.75, 0.75], "rotation": 270, "texture": "#2_1"},
				"down": {"uv": [10.25, 0.25, 10.75, 0.75], "rotation": 90, "texture": "#2_1"}
			}
		},
		{
			"name": "voxel",
			"from": [12.5, 16, -3.5],
			"to": [13.5, 17, -2.5],
			"rotation": {"angle": -45, "axis": "x", "origin": [13, 13, 4.5]},
			"faces": {
				"north": {"uv": [9.25, 0.25, 9.75, 0.75], "texture": "#2_1"},
				"east": {"uv": [9.25, 0.25, 9.75, 0.75], "texture": "#2_1"},
				"south": {"uv": [9.25, 0.25, 9.75, 0.75], "texture": "#2_1"},
				"west": {"uv": [9.25, 0.25, 9.75, 0.75], "texture": "#2_1"},
				"up": {"uv": [9.25, 0.25, 9.75, 0.75], "rotation": 270, "texture": "#2_1"},
				"down": {"uv": [9.25, 0.25, 9.75, 0.75], "rotation": 90, "texture": "#2_1"}
			}
		},
		{
			"name": "voxel",
			"from": [12.5, 16, -4.5],
			"to": [13.5, 17, -3.5],
			"rotation": {"angle": -45, "axis": "x", "origin": [13, 13, 4.5]},
			"faces": {
				"north": {"uv": [8.25, 0.25, 8.75, 0.75], "texture": "#2_1"},
				"east": {"uv": [8.25, 0.25, 8.75, 0.75], "texture": "#2_1"},
				"south": {"uv": [8.25, 0.25, 8.75, 0.75], "texture": "#2_1"},
				"west": {"uv": [8.25, 0.25, 8.75, 0.75], "texture": "#2_1"},
				"up": {"uv": [8.25, 0.25, 8.75, 0.75], "rotation": 270, "texture": "#2_1"},
				"down": {"uv": [8.25, 0.25, 8.75, 0.75], "rotation": 90, "texture": "#2_1"}
			}
		},
		{
			"name": "voxel",
			"from": [12.5, 16, -5.5],
			"to": [13.5, 17, -4.5],
			"rotation": {"angle": -45, "axis": "x", "origin": [13, 13, 4.5]},
			"faces": {
				"north": {"uv": [0.25, 0.25, 0.75, 0.75], "texture": "#2_1"},
				"east": {"uv": [0.25, 0.25, 0.75, 0.75], "texture": "#2_1"},
				"south": {"uv": [0.25, 0.25, 0.75, 0.75], "texture": "#2_1"},
				"west": {"uv": [0.25, 0.25, 0.75, 0.75], "texture": "#2_1"},
				"up": {"uv": [0.25, 0.25, 0.75, 0.75], "rotation": 270, "texture": "#2_1"},
				"down": {"uv": [0.25, 0.25, 0.75, 0.75], "rotation": 90, "texture": "#2_1"}
			}
		},
		{
			"name": "voxel",
			"from": [12.5, 17, -2.5],
			"to": [13.5, 18, -1.5],
			"rotation": {"angle": -45, "axis": "x", "origin": [13, 13, 4.5]},
			"faces": {
				"north": {"uv": [1.25, 0.25, 1.75, 0.75], "texture": "#2_1"},
				"east": {"uv": [1.25, 0.25, 1.75, 0.75], "texture": "#2_1"},
				"south": {"uv": [1.25, 0.25, 1.75, 0.75], "texture": "#2_1"},
				"west": {"uv": [1.25, 0.25, 1.75, 0.75], "texture": "#2_1"},
				"up": {"uv": [1.25, 0.25, 1.75, 0.75], "rotation": 270, "texture": "#2_1"},
				"down": {"uv": [1.25, 0.25, 1.75, 0.75], "rotation": 90, "texture": "#2_1"}
			}
		},
		{
			"name": "voxel",
			"from": [12.5, 17, -3.5],
			"to": [13.5, 18, -2.5],
			"rotation": {"angle": -45, "axis": "x", "origin": [13, 13, 4.5]},
			"faces": {
				"north": {"uv": [10.25, 0.25, 10.75, 0.75], "texture": "#2_1"},
				"east": {"uv": [10.25, 0.25, 10.75, 0.75], "texture": "#2_1"},
				"south": {"uv": [10.25, 0.25, 10.75, 0.75], "texture": "#2_1"},
				"west": {"uv": [10.25, 0.25, 10.75, 0.75], "texture": "#2_1"},
				"up": {"uv": [10.25, 0.25, 10.75, 0.75], "rotation": 270, "texture": "#2_1"},
				"down": {"uv": [10.25, 0.25, 10.75, 0.75], "rotation": 90, "texture": "#2_1"}
			}
		},
		{
			"name": "voxel",
			"from": [12.5, 17, -4.5],
			"to": [13.5, 18, -3.5],
			"rotation": {"angle": -45, "axis": "x", "origin": [13, 13, 4.5]},
			"faces": {
				"north": {"uv": [9.25, 0.25, 9.75, 0.75], "texture": "#2_1"},
				"east": {"uv": [9.25, 0.25, 9.75, 0.75], "texture": "#2_1"},
				"south": {"uv": [9.25, 0.25, 9.75, 0.75], "texture": "#2_1"},
				"west": {"uv": [9.25, 0.25, 9.75, 0.75], "texture": "#2_1"},
				"up": {"uv": [9.25, 0.25, 9.75, 0.75], "rotation": 270, "texture": "#2_1"},
				"down": {"uv": [9.25, 0.25, 9.75, 0.75], "rotation": 90, "texture": "#2_1"}
			}
		},
		{
			"name": "voxel",
			"from": [12.5, 17, -5.5],
			"to": [13.5, 18, -4.5],
			"rotation": {"angle": -45, "axis": "x", "origin": [13, 13, 4.5]},
			"faces": {
				"north": {"uv": [10.25, 0.25, 10.75, 0.75], "texture": "#2_1"},
				"east": {"uv": [10.25, 0.25, 10.75, 0.75], "texture": "#2_1"},
				"south": {"uv": [10.25, 0.25, 10.75, 0.75], "texture": "#2_1"},
				"west": {"uv": [10.25, 0.25, 10.75, 0.75], "texture": "#2_1"},
				"up": {"uv": [10.25, 0.25, 10.75, 0.75], "rotation": 270, "texture": "#2_1"},
				"down": {"uv": [10.25, 0.25, 10.75, 0.75], "rotation": 90, "texture": "#2_1"}
			}
		},
		{
			"name": "voxel",
			"from": [12.5, 17, -6.5],
			"to": [13.5, 18, -5.5],
			"rotation": {"angle": -45, "axis": "x", "origin": [13, 13, 4.5]},
			"faces": {
				"north": {"uv": [0.25, 0.25, 0.75, 0.75], "texture": "#2_1"},
				"east": {"uv": [0.25, 0.25, 0.75, 0.75], "texture": "#2_1"},
				"south": {"uv": [0.25, 0.25, 0.75, 0.75], "texture": "#2_1"},
				"west": {"uv": [0.25, 0.25, 0.75, 0.75], "texture": "#2_1"},
				"up": {"uv": [0.25, 0.25, 0.75, 0.75], "rotation": 270, "texture": "#2_1"},
				"down": {"uv": [0.25, 0.25, 0.75, 0.75], "rotation": 90, "texture": "#2_1"}
			}
		},
		{
			"name": "voxel",
			"from": [12.5, 18, -3.5],
			"to": [13.5, 19, -2.5],
			"rotation": {"angle": -45, "axis": "x", "origin": [13, 13, 4.5]},
			"faces": {
				"north": {"uv": [1.25, 0.25, 1.75, 0.75], "texture": "#2_1"},
				"east": {"uv": [1.25, 0.25, 1.75, 0.75], "texture": "#2_1"},
				"south": {"uv": [1.25, 0.25, 1.75, 0.75], "texture": "#2_1"},
				"west": {"uv": [1.25, 0.25, 1.75, 0.75], "texture": "#2_1"},
				"up": {"uv": [1.25, 0.25, 1.75, 0.75], "rotation": 270, "texture": "#2_1"},
				"down": {"uv": [1.25, 0.25, 1.75, 0.75], "rotation": 90, "texture": "#2_1"}
			}
		},
		{
			"name": "voxel",
			"from": [12.5, 18, -4.5],
			"to": [13.5, 19, -3.5],
			"rotation": {"angle": -45, "axis": "x", "origin": [13, 13, 4.5]},
			"faces": {
				"north": {"uv": [10.25, 0.25, 10.75, 0.75], "texture": "#2_1"},
				"east": {"uv": [10.25, 0.25, 10.75, 0.75], "texture": "#2_1"},
				"south": {"uv": [10.25, 0.25, 10.75, 0.75], "texture": "#2_1"},
				"west": {"uv": [10.25, 0.25, 10.75, 0.75], "texture": "#2_1"},
				"up": {"uv": [10.25, 0.25, 10.75, 0.75], "rotation": 270, "texture": "#2_1"},
				"down": {"uv": [10.25, 0.25, 10.75, 0.75], "rotation": 90, "texture": "#2_1"}
			}
		},
		{
			"name": "voxel",
			"from": [12.5, 18, -5.5],
			"to": [13.5, 19, -4.5],
			"rotation": {"angle": -45, "axis": "x", "origin": [13, 13, 4.5]},
			"faces": {
				"north": {"uv": [9.25, 0.25, 9.75, 0.75], "texture": "#2_1"},
				"east": {"uv": [9.25, 0.25, 9.75, 0.75], "texture": "#2_1"},
				"south": {"uv": [9.25, 0.25, 9.75, 0.75], "texture": "#2_1"},
				"west": {"uv": [9.25, 0.25, 9.75, 0.75], "texture": "#2_1"},
				"up": {"uv": [9.25, 0.25, 9.75, 0.75], "rotation": 270, "texture": "#2_1"},
				"down": {"uv": [9.25, 0.25, 9.75, 0.75], "rotation": 90, "texture": "#2_1"}
			}
		},
		{
			"name": "voxel",
			"from": [12.5, 18, -6.5],
			"to": [13.5, 20, -5.5],
			"rotation": {"angle": -45, "axis": "x", "origin": [13, 13, 4.5]},
			"faces": {
				"north": {"uv": [10.25, 0.25, 10.75, 0.75], "texture": "#2_1"},
				"east": {"uv": [10.25, 0.25, 10.75, 0.75], "texture": "#2_1"},
				"south": {"uv": [10.25, 0.25, 10.75, 0.75], "texture": "#2_1"},
				"west": {"uv": [10.25, 0.25, 10.75, 0.75], "texture": "#2_1"},
				"up": {"uv": [10.25, 0.25, 10.75, 0.75], "rotation": 270, "texture": "#2_1"},
				"down": {"uv": [10.25, 0.25, 10.75, 0.75], "rotation": 90, "texture": "#2_1"}
			}
		},
		{
			"name": "voxel",
			"from": [12.5, 18, -7.5],
			"to": [13.5, 20, -6.5],
			"rotation": {"angle": -45, "axis": "x", "origin": [13, 13, 4.5]},
			"faces": {
				"north": {"uv": [0.25, 0.25, 0.75, 0.75], "texture": "#2_1"},
				"east": {"uv": [0.25, 0.25, 0.75, 0.75], "texture": "#2_1"},
				"south": {"uv": [0.25, 0.25, 0.75, 0.75], "texture": "#2_1"},
				"west": {"uv": [0.25, 0.25, 0.75, 0.75], "texture": "#2_1"},
				"up": {"uv": [0.25, 0.25, 0.75, 0.75], "rotation": 270, "texture": "#2_1"},
				"down": {"uv": [0.25, 0.25, 0.75, 0.75], "rotation": 90, "texture": "#2_1"}
			}
		},
		{
			"name": "voxel",
			"from": [12.5, 19, -4.5],
			"to": [13.5, 20, -3.5],
			"rotation": {"angle": -45, "axis": "x", "origin": [13, 13, 4.5]},
			"faces": {
				"north": {"uv": [1.25, 0.25, 1.75, 0.75], "texture": "#2_1"},
				"east": {"uv": [1.25, 0.25, 1.75, 0.75], "texture": "#2_1"},
				"south": {"uv": [1.25, 0.25, 1.75, 0.75], "texture": "#2_1"},
				"west": {"uv": [1.25, 0.25, 1.75, 0.75], "texture": "#2_1"},
				"up": {"uv": [1.25, 0.25, 1.75, 0.75], "rotation": 270, "texture": "#2_1"},
				"down": {"uv": [1.25, 0.25, 1.75, 0.75], "rotation": 90, "texture": "#2_1"}
			}
		},
		{
			"name": "voxel",
			"from": [12.5, 19, -5.5],
			"to": [13.5, 20, -4.5],
			"rotation": {"angle": -45, "axis": "x", "origin": [13, 13, 4.5]},
			"faces": {
				"north": {"uv": [10.25, 0.25, 10.75, 0.75], "texture": "#2_1"},
				"east": {"uv": [10.25, 0.25, 10.75, 0.75], "texture": "#2_1"},
				"south": {"uv": [10.25, 0.25, 10.75, 0.75], "texture": "#2_1"},
				"west": {"uv": [10.25, 0.25, 10.75, 0.75], "texture": "#2_1"},
				"up": {"uv": [10.25, 0.25, 10.75, 0.75], "rotation": 270, "texture": "#2_1"},
				"down": {"uv": [10.25, 0.25, 10.75, 0.75], "rotation": 90, "texture": "#2_1"}
			}
		},
		{
			"name": "voxel",
			"from": [12.5, 20, -7.5],
			"to": [13.5, 21, -4.5],
			"rotation": {"angle": -45, "axis": "x", "origin": [13, 13, 4.5]},
			"faces": {
				"north": {"uv": [1.25, 0.25, 1.75, 0.75], "texture": "#2_1"},
				"east": {"uv": [1.25, 0.25, 1.75, 0.75], "texture": "#2_1"},
				"south": {"uv": [1.25, 0.25, 1.75, 0.75], "texture": "#2_1"},
				"west": {"uv": [1.25, 0.25, 1.75, 0.75], "texture": "#2_1"},
				"up": {"uv": [1.25, 0.25, 1.75, 0.75], "rotation": 270, "texture": "#2_1"},
				"down": {"uv": [1.25, 0.25, 1.75, 0.75], "rotation": 90, "texture": "#2_1"}
			}
		}
	],
	"display": {
		"thirdperson_righthand": {
			"rotation": [90, 0, 0],
			"translation": [-5, -2, -1]
		},
		"thirdperson_lefthand": {
			"rotation": [90, 0, 0],
			"translation": [-5, -2, -1]
		},
		"firstperson_righthand": {
			"rotation": [0, 45, 0],
			"translation": [0, 1, 0],
			"scale": [0.4, 0.4, 0.4]
		},
		"firstperson_lefthand": {
			"rotation": [0, 45, 0],
			"translation": [0, 1, 0],
			"scale": [0.4, 0.4, 0.4]
		},
		"ground": {
			"scale": [2, 2, 2]
		},
		"gui": {
			"rotation": [30, 45, 0],
			"scale": [0.65, 0.65, 0.65]
		},
		"head": {
			"translation": [0, -27.2, -0.15],
			"scale": [1.6, 1.6, 1.6]
		},
		"fixed": {
			"scale": [2, 2, 2]
		}
	},
	"groups": [
		{
			"name": "Head",
			"children": [0, 1, 2]
		},
		{
			"name": "body",
			"children": [
				{
					"name": "LL",
					"children": [3, 4, 5]
				},
				{
					"name": "RL",
					"children": [6, 7, 8]
				}, 9, 10]
		},
		{
			"name": "r arm",
			"children": [11, 12]
		},
		{
			"name": "l arm",
			"children": [13, 14,
				{
					"name": "bow",
					"children": [15, 16, 17, 18, 19, 20, 21, 22, 23, 24, 25, 26, 27, 28, 29, 30, 31, 32, 33, 34, 35, 36, 37, 38, 39, 40, 41, 42, 43, 44, 45, 46, 47, 48, 49, 50, 51, 52, 53, 54, 55, 56, 57, 58, 59, 60]
				},
				{
					"name": "sword",
					"children": [61, 62, 63, 64, 65, 66, 67, 68, 69, 70, 71, 72, 73, 74, 75, 76, 77, 78, 79, 80, 81, 82, 83, 84, 85, 86, 87, 88, 89, 90, 91, 92, 93, 94, 95, 96, 97, 98, 99, 100, 101, 102, 103, 104, 105, 106, 107, 108, 109, 110, 111, 112, 113, 114, 115, 116, 117, 118, 119, 120, 121, 122, 123, 124, 125, 126, 127, 128, 129, 130, 131]
				}
			]
		}
	]
}