{
	"credit": "Made By BronGhast014 with Blockbench",
	"textures": {
		"1": "mobs/tree_hurt",
		"particle": "mobs/tree_hurt"
	},
	"elements": [
		{
			"name": "skull",
			"from": [4, 21, 4],
			"to": [12, 28, 12],
			"faces": {
				"north": {"uv": [10.5, 14.25, 12.5, 16], "texture": "#1"},
				"east": {"uv": [5.75, 14.25, 7.75, 16], "texture": "#1"},
				"south": {"uv": [0, 14.25, 2, 16], "texture": "#1"},
				"west": {"uv": [3.75, 14.25, 5.75, 16], "texture": "#1"},
				"up": {"uv": [10, 0, 12, 2], "texture": "#1"},
				"down": {"uv": [6, 14, 8, 16], "texture": "#1"}
			}
		},
		{
			"name": "skull",
			"from": [4, 28, 4],
			"to": [12, 29, 5],
			"faces": {
				"north": {"uv": [1.75, 14, 3.75, 14.25], "texture": "#1"},
				"east": {"uv": [10, 1.75, 10.25, 2], "texture": "#1"},
				"south": {"uv": [10, 1.75, 12, 2], "texture": "#1"},
				"west": {"uv": [10, 1.75, 10.25, 2], "texture": "#1"},
				"up": {"uv": [10, 1.75, 12, 2], "texture": "#1"},
				"down": {"uv": [10, 1.75, 12, 2], "texture": "#1"}
			}
		},
		{
			"name": "skull",
			"from": [4, 28, 11],
			"to": [12, 29, 12],
			"faces": {
				"north": {"uv": [10, 1.75, 12, 2], "texture": "#1"},
				"east": {"uv": [10, 1.75, 10.25, 2], "texture": "#1"},
				"south": {"uv": [0, 14.25, 2, 14.5], "texture": "#1"},
				"west": {"uv": [10, 1.75, 10.25, 2], "texture": "#1"},
				"up": {"uv": [10, 1.75, 12, 2], "texture": "#1"},
				"down": {"uv": [10, 1.75, 12, 2], "texture": "#1"}
			}
		},
		{
			"name": "skull",
			"from": [4, 28, 5],
			"to": [5, 29, 11],
			"faces": {
				"north": {"uv": [10.25, 1.75, 11.75, 2], "texture": "#1"},
				"east": {"uv": [10.25, 1.75, 11.75, 2], "texture": "#1"},
				"south": {"uv": [10.25, 1.75, 11.75, 2], "texture": "#1"},
				"west": {"uv": [3.5, 14.25, 5, 14.5], "texture": "#1"},
				"up": {"uv": [10.25, 1.75, 11.75, 2], "rotation": 90, "texture": "#1"},
				"down": {"uv": [10.25, 1.75, 11.75, 2], "texture": "#1"}
			}
		},
		{
			"name": "skull",
			"from": [11, 28, 5],
			"to": [12, 29, 11],
			"faces": {
				"north": {"uv": [10.25, 1.75, 11.75, 2], "texture": "#1"},
				"east": {"uv": [6, 14, 7.5, 14.25], "texture": "#1"},
				"south": {"uv": [10.25, 1.75, 11.75, 2], "texture": "#1"},
				"west": {"uv": [10.25, 1.75, 11.75, 2], "texture": "#1"},
				"up": {"uv": [10.25, 1.75, 11.75, 2], "rotation": 90, "texture": "#1"},
				"down": {"uv": [10.25, 1.75, 11.75, 2], "texture": "#1"}
			}
		}
	],
	"display": {
		"thirdperson_righthand": {
			"rotation": [75, 45, 0],
			"translation": [0, 2.5, 0],
			"scale": [0.375, 0.375, 0.375]
		},
		"thirdperson_lefthand": {
			"rotation": [75, 45, 0],
			"translation": [0, 2.5, 0],
			"scale": [0.375, 0.375, 0.375]
		},
		"firstperson_righthand": {
			"rotation": [0, 111, 0],
			"scale": [0.4, 0.4, 0.4]
		},
		"firstperson_lefthand": {
			"rotation": [0, 132, 0],
			"scale": [0.4, 0.4, 0.4]
		},
		"ground": {
			"translation": [0, 3, 0],
			"scale": [0.25, 0.25, 0.25]
		},
		"gui": {
			"rotation": [30, 225, 0],
			"translation": [0, -2, 0],
			"scale": [0.5, 0.5, 0.5]
		},
		"head": {
			"translation": [0, -27.25, 0],
			"scale": [1.6, 1.6, 1.6]
		},
		"fixed": {
			"scale": [0.5, 0.5, 0.5]
		}
	},
	"groups": [
		{
			"name": "Head",
			"children": [0, 1, 2, 3, 4]
		}
	]
}