{
	"credit": "Made By BronGhast014 with Blockbench",
	"textures": {
		"1": "mobs/tree_hurt",
		"particle": "mobs/tree_hurt"
	},
	"elements": [
		{
			"name": "R Arm",
			"from": [12, 9, 7],
			"to": [14, 21, 9],
			"faces": {
				"north": {"uv": [1.5, 2.75, 2, 5.75], "texture": "#1"},
				"east": {"uv": [3.5, 0.25, 4, 3.25], "texture": "#1"},
				"south": {"uv": [5.5, 3.75, 6, 6.75], "texture": "#1"},
				"west": {"uv": [4.25, 4, 4.75, 7], "texture": "#1"},
				"up": {"uv": [0.25, 7.25, 0.75, 7.75], "texture": "#1"},
				"down": {"uv": [13.75, 1.75, 14.25, 2.25], "texture": "#1"}
			}
		}
	],
	"display": {
		"thirdperson_righthand": {
			"rotation": [90, 0, 0],
			"translation": [-6, -2, -1]
		},
		"thirdperson_lefthand": {
			"rotation": [90, 0, 0],
			"translation": [5, -2, -1]
		},
		"firstperson_righthand": {
			"rotation": [0, 111, 0],
			"scale": [0.4, 0.4, 0.4]
		},
		"firstperson_lefthand": {
			"rotation": [0, 132, 0],
			"scale": [0.4, 0.4, 0.4]
		},
		"ground": {
			"translation": [0, 3, 0],
			"scale": [0.25, 0.25, 0.25]
		},
		"gui": {
			"rotation": [30, 225, 0],
			"translation": [0, -2, 0],
			"scale": [0.5, 0.5, 0.5]
		},
		"head": {
			"translation": [0, -27.25, 0],
			"scale": [1.6, 1.6, 1.6]
		},
		"fixed": {
			"scale": [0.5, 0.5, 0.5]
		}
	}
}