{
	"credit": "Made with Blockbench",
	"textures": {
		"0": "new_mobs/shroud",
		"particle": "new_mobs/shroud"
	},
	"elements": [
		{
			"name": "steve_body",
			"from": [-1, 8, 9],
			"to": [18, 25, 31],
			"faces": {
				"north": {"uv": [12, 1.5, 15.97794, 5.47794], "texture": "#0"},
				"east": {"uv": [12, 1, 15.97794, 4.97794], "texture": "#0"},
				"south": {"uv": [12, 1, 15.97794, 4.97794], "texture": "#0"},
				"west": {"uv": [12, 1, 15.97794, 4.97794], "texture": "#0"},
				"up": {"uv": [12, 1, 15.97794, 4.97794], "texture": "#0"},
				"down": {"uv": [12, 1, 15.97794, 4.97794], "texture": "#0"}
			}
		},
		{
			"name": "steve_body",
			"from": [-10, 3, 3],
			"to": [0, 15, 31],
			"rotation": {"angle": 22.5, "axis": "z", "origin": [-4, 9, 17]},
			"faces": {
				"north": {"uv": [12, 1.5, 15.97794, 5.47794], "texture": "#0"},
				"east": {"uv": [12, 1, 15.97794, 4.97794], "texture": "#0"},
				"south": {"uv": [12, 1, 15.97794, 4.97794], "texture": "#0"},
				"west": {"uv": [12, 1, 15.97794, 4.97794], "texture": "#0"},
				"up": {"uv": [12, 1, 15.97794, 4.97794], "texture": "#0"},
				"down": {"uv": [12, 1, 15.97794, 4.97794], "texture": "#0"}
			}
		},
		{
			"name": "steve_body",
			"from": [22, 8, 2],
			"to": [32, 20, 30],
			"rotation": {"angle": -22.5, "axis": "z", "origin": [20, 9, 16]},
			"faces": {
				"north": {"uv": [12, 1.5, 15.97794, 5.47794], "texture": "#0"},
				"east": {"uv": [12, 1, 15.97794, 4.97794], "texture": "#0"},
				"south": {"uv": [12, 1, 15.97794, 4.97794], "texture": "#0"},
				"west": {"uv": [12, 1, 15.97794, 4.97794], "texture": "#0"},
				"up": {"uv": [12, 1, 15.97794, 4.97794], "texture": "#0"},
				"down": {"uv": [12, 1, 15.97794, 4.97794], "texture": "#0"}
			}
		},
		{
			"name": "steve_body",
			"from": [11, 8, 12],
			"to": [24, 22, 28],
			"faces": {
				"north": {"uv": [12, 1.5, 15.97794, 5.47794], "texture": "#0"},
				"east": {"uv": [12, 1, 15.97794, 4.97794], "texture": "#0"},
				"south": {"uv": [12, 1, 15.97794, 4.97794], "texture": "#0"},
				"west": {"uv": [12, 1, 15.97794, 4.97794], "texture": "#0"},
				"up": {"uv": [12, 1, 15.97794, 4.97794], "texture": "#0"},
				"down": {"uv": [12, 1, 15.97794, 4.97794], "texture": "#0"}
			}
		},
		{
			"name": "steve_body",
			"from": [14, 17, -2],
			"to": [22, 26, 28],
			"faces": {
				"north": {"uv": [12, 1.5, 15.97794, 5.47794], "texture": "#0"},
				"east": {"uv": [12, 1, 15.97794, 4.97794], "texture": "#0"},
				"south": {"uv": [12, 1, 15.97794, 4.97794], "texture": "#0"},
				"west": {"uv": [12, 1, 15.97794, 4.97794], "texture": "#0"},
				"up": {"uv": [12, 1, 15.97794, 4.97794], "texture": "#0"},
				"down": {"uv": [12, 1, 15.97794, 4.97794], "texture": "#0"}
			}
		},
		{
			"name": "steve_body",
			"from": [0, 17, -1],
			"to": [8, 26, 28],
			"faces": {
				"north": {"uv": [12, 1.5, 15.97794, 5.47794], "texture": "#0"},
				"east": {"uv": [12, 1, 15.97794, 4.97794], "texture": "#0"},
				"south": {"uv": [12, 1, 15.97794, 4.97794], "texture": "#0"},
				"west": {"uv": [12, 1, 15.97794, 4.97794], "texture": "#0"},
				"up": {"uv": [12, 1, 15.97794, 4.97794], "texture": "#0"},
				"down": {"uv": [12, 1, 15.97794, 4.97794], "texture": "#0"}
			}
		},
		{
			"name": "steve_body",
			"from": [1, 22, -16],
			"to": [7, 31, 5],
			"rotation": {"angle": -22.5, "axis": "x", "origin": [4, 21.5, 13.5]},
			"faces": {
				"north": {"uv": [12, 1.5, 15.97794, 5.47794], "texture": "#0"},
				"east": {"uv": [12, 1, 15.97794, 4.97794], "texture": "#0"},
				"south": {"uv": [12, 1, 15.97794, 4.97794], "texture": "#0"},
				"west": {"uv": [12, 1, 15.97794, 4.97794], "texture": "#0"},
				"up": {"uv": [12, 1, 15.97794, 4.97794], "texture": "#0"},
				"down": {"uv": [12, 1, 15.97794, 4.97794], "texture": "#0"}
			}
		},
		{
			"name": "steve_body",
			"from": [15, 22, -16],
			"to": [21, 31, 5],
			"rotation": {"angle": -22.5, "axis": "x", "origin": [4, 21.5, 13.5]},
			"faces": {
				"north": {"uv": [12, 1.5, 15.97794, 5.47794], "texture": "#0"},
				"east": {"uv": [12, 1, 15.97794, 4.97794], "texture": "#0"},
				"south": {"uv": [12, 1, 15.97794, 4.97794], "texture": "#0"},
				"west": {"uv": [12, 1, 15.97794, 4.97794], "texture": "#0"},
				"up": {"uv": [12, 1, 15.97794, 4.97794], "texture": "#0"},
				"down": {"uv": [12, 1, 15.97794, 4.97794], "texture": "#0"}
			}
		}
	],
	"display": {
		"head": {
			"scale": [4, 4, 4],
			"translation": [0, -21.5, 0],
			"rotation": [0, 180, 0]
		},
		"thirdperson_righthand": {
			"translation": [-6, -10.5, 12.5],
			"rotation": [-15, 0, 0]
		}
	}
}