{
	"credit": "Made with Blockbench",
	"textures": {
		"0": "new_mobs/shroud",
		"particle": "new_mobs/shroud"
	},
	"elements": [
		{
			"name": "steve_body",
			"from": [1, -16, -2],
			"to": [16, 12, 16],
			"faces": {
				"north": {"uv": [5.5, 5, 9.47886, 15.97794], "texture": "#0"},
				"east": {"uv": [5.5, 5, 9.47886, 15.97794], "texture": "#0"},
				"south": {"uv": [5.5, 5, 9.47886, 15.97794], "texture": "#0"},
				"west": {"uv": [5.5, 5, 9.47886, 15.97794], "texture": "#0"},
				"up": {"uv": [12, 1, 15.97794, 4.97794], "texture": "#0"},
				"down": {"uv": [5.5, 14.5, 9.47794, 15.97794], "texture": "#0"}
			}
		},
		{
			"name": "steve_body",
			"from": [-1, 13, -4],
			"to": [18, 30, 18],
			"faces": {
				"north": {"uv": [12, 1.5, 15.97794, 5.47794], "texture": "#0"},
				"east": {"uv": [12, 1, 15.97794, 4.97794], "texture": "#0"},
				"south": {"uv": [12, 1, 15.97794, 4.97794], "texture": "#0"},
				"west": {"uv": [12, 1, 15.97794, 4.97794], "texture": "#0"},
				"up": {"uv": [12, 1, 15.97794, 4.97794], "texture": "#0"},
				"down": {"uv": [12, 1, 15.97794, 4.97794], "texture": "#0"}
			}
		},
		{
			"name": "steve_body",
			"from": [1, 22.9, -4.2],
			"to": [16, 29.9, -2.2],
			"faces": {
				"north": {"uv": [3, 4, 6.97794, 4.97794], "rotation": 180, "texture": "#0"},
				"east": {"uv": [12, 1, 15.97794, 4.97794], "rotation": 180, "texture": "#0"},
				"south": {"uv": [12, 1, 15.97794, 4.97794], "rotation": 180, "texture": "#0"},
				"west": {"uv": [12, 1, 15.97794, 4.97794], "texture": "#0"},
				"up": {"uv": [12, 1, 15.97794, 4.97794], "rotation": 180, "texture": "#0"},
				"down": {"uv": [12, 1, 15.97794, 4.97794], "texture": "#0"}
			}
		},
		{
			"name": "steve_body",
			"from": [2, 15, -4.2],
			"to": [15, 21, -3.2],
			"faces": {
				"north": {"uv": [7.5, 1.5, 11.47794, 3.47794], "rotation": 180, "texture": "#0"},
				"east": {"uv": [12, 1, 15.97794, 4.97794], "rotation": 180, "texture": "#0"},
				"south": {"uv": [12, 1, 15.97794, 4.97794], "rotation": 180, "texture": "#0"},
				"west": {"uv": [12, 1, 15.97794, 4.97794], "texture": "#0"},
				"up": {"uv": [12, 1, 15.97794, 4.97794], "rotation": 180, "texture": "#0"},
				"down": {"uv": [12, 1, 15.97794, 4.97794], "texture": "#0"}
			}
		},
		{
			"name": "steve_body",
			"from": [2, 13, -4.3],
			"to": [15, 19, -3.3],
			"faces": {
				"north": {"uv": [7.5, 1.5, 11.47794, 3.47794], "rotation": 180, "texture": "#0"},
				"east": {"uv": [12, 1, 15.97794, 4.97794], "rotation": 180, "texture": "#0"},
				"south": {"uv": [12, 1, 15.97794, 4.97794], "rotation": 180, "texture": "#0"},
				"west": {"uv": [12, 1, 15.97794, 4.97794], "texture": "#0"},
				"up": {"uv": [12, 1, 15.97794, 4.97794], "rotation": 180, "texture": "#0"},
				"down": {"uv": [12, 1, 15.97794, 4.97794], "texture": "#0"}
			}
		},
		{
			"name": "steve_body",
			"from": [2, 11, -4.4],
			"to": [15, 17, -3.4],
			"faces": {
				"north": {"uv": [7.5, 1.5, 11.47794, 3.47794], "rotation": 180, "texture": "#0"},
				"east": {"uv": [12, 1, 15.97794, 4.97794], "rotation": 180, "texture": "#0"},
				"south": {"uv": [12, 1, 15.97794, 4.97794], "rotation": 180, "texture": "#0"},
				"west": {"uv": [12, 1, 15.97794, 4.97794], "texture": "#0"},
				"up": {"uv": [12, 1, 15.97794, 4.97794], "rotation": 180, "texture": "#0"},
				"down": {"uv": [12, 1, 15.97794, 4.97794], "texture": "#0"}
			}
		},
		{
			"name": "steve_body",
			"from": [4, 9, -4.5],
			"to": [13, 15, -1.5],
			"faces": {
				"north": {"uv": [7.5, 1.5, 11.47794, 3.47794], "rotation": 180, "texture": "#0"},
				"east": {"uv": [12, 1, 15.97794, 4.97794], "rotation": 180, "texture": "#0"},
				"south": {"uv": [12, 1, 15.97794, 4.97794], "rotation": 180, "texture": "#0"},
				"west": {"uv": [12, 1, 15.97794, 4.97794], "texture": "#0"},
				"up": {"uv": [12, 1, 15.97794, 4.97794], "rotation": 180, "texture": "#0"},
				"down": {"uv": [12, 1, 15.97794, 4.97794], "texture": "#0"}
			}
		},
		{
			"name": "steve_body",
			"from": [5, 25, -2],
			"to": [12, 29, 15],
			"rotation": {"angle": -22.5, "axis": "x", "origin": [8.5, 26, 4.5]},
			"faces": {
				"north": {"uv": [12, 1.5, 15.97794, 5.47794], "texture": "#0"},
				"east": {"uv": [12, 1, 15.97794, 4.97794], "texture": "#0"},
				"south": {"uv": [12, 1, 15.97794, 4.97794], "texture": "#0"},
				"west": {"uv": [12, 1, 15.97794, 4.97794], "texture": "#0"},
				"up": {"uv": [12, 1, 15.97794, 4.97794], "texture": "#0"},
				"down": {"uv": [12, 1, 15.97794, 4.97794], "texture": "#0"}
			}
		},
		{
			"name": "steve_body",
			"from": [5, 27, 0],
			"to": [12, 31, 9],
			"rotation": {"angle": -22.5, "axis": "x", "origin": [8.5, 26, 4.5]},
			"faces": {
				"north": {"uv": [12, 1.5, 15.97794, 5.47794], "texture": "#0"},
				"east": {"uv": [12, 1, 15.97794, 4.97794], "texture": "#0"},
				"south": {"uv": [12, 1, 15.97794, 4.97794], "texture": "#0"},
				"west": {"uv": [12, 1, 15.97794, 4.97794], "texture": "#0"},
				"up": {"uv": [12, 1, 15.97794, 4.97794], "texture": "#0"},
				"down": {"uv": [12, 1, 15.97794, 4.97794], "texture": "#0"}
			}
		},
		{
			"name": "steve_body",
			"from": [5, 28, -1],
			"to": [12, 32, 4],
			"rotation": {"angle": -22.5, "axis": "x", "origin": [8.5, 26, 4.5]},
			"faces": {
				"north": {"uv": [12, 1.5, 15.97794, 5.47794], "texture": "#0"},
				"east": {"uv": [12, 1, 15.97794, 4.97794], "texture": "#0"},
				"south": {"uv": [12, 1, 15.97794, 4.97794], "texture": "#0"},
				"west": {"uv": [12, 1, 15.97794, 4.97794], "texture": "#0"},
				"up": {"uv": [12, 1, 15.97794, 4.97794], "texture": "#0"},
				"down": {"uv": [12, 1, 15.97794, 4.97794], "texture": "#0"}
			}
		},
		{
			"name": "steve_body",
			"from": [7, 24, 0],
			"to": [11, 28, 17],
			"rotation": {"angle": -22.5, "axis": "x", "origin": [8.5, 26, 4.5]},
			"faces": {
				"north": {"uv": [12, 1.5, 15.97794, 5.47794], "texture": "#0"},
				"east": {"uv": [12, 1, 15.97794, 4.97794], "texture": "#0"},
				"south": {"uv": [12, 1, 15.97794, 4.97794], "texture": "#0"},
				"west": {"uv": [12, 1, 15.97794, 4.97794], "texture": "#0"},
				"up": {"uv": [12, 1, 15.97794, 4.97794], "texture": "#0"},
				"down": {"uv": [12, 1, 15.97794, 4.97794], "texture": "#0"}
			}
		},
		{
			"name": "steve_body",
			"from": [1, 28, -1],
			"to": [15, 31, 4],
			"rotation": {"angle": -22.5, "axis": "x", "origin": [8.5, 26, 4.5]},
			"faces": {
				"north": {"uv": [12, 1.5, 15.97794, 5.47794], "texture": "#0"},
				"east": {"uv": [12, 1, 15.97794, 4.97794], "texture": "#0"},
				"south": {"uv": [12, 1, 15.97794, 4.97794], "texture": "#0"},
				"west": {"uv": [12, 1, 15.97794, 4.97794], "texture": "#0"},
				"up": {"uv": [12, 1, 15.97794, 4.97794], "texture": "#0"},
				"down": {"uv": [12, 1, 15.97794, 4.97794], "texture": "#0"}
			}
		},
		{
			"name": "steve_body",
			"from": [2, 27, 0],
			"to": [15, 30, 9],
			"rotation": {"angle": -22.5, "axis": "x", "origin": [8.5, 26, 4.5]},
			"faces": {
				"north": {"uv": [12, 1.5, 15.97794, 5.47794], "texture": "#0"},
				"east": {"uv": [12, 1, 15.97794, 4.97794], "texture": "#0"},
				"south": {"uv": [12, 1, 15.97794, 4.97794], "texture": "#0"},
				"west": {"uv": [12, 1, 15.97794, 4.97794], "texture": "#0"},
				"up": {"uv": [12, 1, 15.97794, 4.97794], "texture": "#0"},
				"down": {"uv": [12, 1, 15.97794, 4.97794], "texture": "#0"}
			}
		},
		{
			"name": "steve_body",
			"from": [1, 25, -2],
			"to": [15, 28, 15],
			"rotation": {"angle": -22.5, "axis": "x", "origin": [8.5, 26, 4.5]},
			"faces": {
				"north": {"uv": [12, 1.5, 15.97794, 5.47794], "texture": "#0"},
				"east": {"uv": [12, 1, 15.97794, 4.97794], "texture": "#0"},
				"south": {"uv": [12, 1, 15.97794, 4.97794], "texture": "#0"},
				"west": {"uv": [12, 1, 15.97794, 4.97794], "texture": "#0"},
				"up": {"uv": [12, 1, 15.97794, 4.97794], "texture": "#0"},
				"down": {"uv": [12, 1, 15.97794, 4.97794], "texture": "#0"}
			}
		},
		{
			"name": "steve_body",
			"from": [-10, -16, 2],
			"to": [0, 6, 12],
			"rotation": {"angle": -45, "axis": "z", "origin": [8.5, -2, 7]},
			"faces": {
				"north": {"uv": [5.5, 5, 9.47886, 15.97794], "texture": "#0"},
				"east": {"uv": [5.5, 5, 9.47886, 15.97794], "texture": "#0"},
				"south": {"uv": [5.5, 5, 9.47886, 15.97794], "texture": "#0"},
				"west": {"uv": [5.5, 5, 9.47886, 15.97794], "texture": "#0"},
				"up": {"uv": [12, 1, 15.97794, 4.97794], "texture": "#0"},
				"down": {"uv": [5.5, 14.5, 9.47794, 15.97794], "texture": "#0"}
			}
		},
		{
			"name": "steve_body",
			"from": [5.71142, -15.45406, 2],
			"to": [15.71142, 6.54594, 12],
			"rotation": {"angle": 45, "axis": "z", "origin": [-5.28858, 7.54594, 7]},
			"faces": {
				"north": {"uv": [5.5, 5, 9.47886, 15.97794], "texture": "#0"},
				"east": {"uv": [5.5, 5, 9.47886, 15.97794], "rotation": 180, "texture": "#0"},
				"south": {"uv": [5.5, 5, 9.47886, 15.97794], "texture": "#0"},
				"west": {"uv": [5.5, 5, 9.47886, 15.97794], "rotation": 180, "texture": "#0"},
				"up": {"uv": [12, 1, 15.97794, 4.97794], "rotation": 180, "texture": "#0"},
				"down": {"uv": [5.5, 14.5, 9.47794, 15.97794], "rotation": 180, "texture": "#0"}
			}
		}
	],
	"display": {
		"head": {
			"scale": [4, 4, 4],
			"translation": [0, -21.5, 0],
			"rotation": [0, 180, 0]
		},
		"thirdperson_righthand": {
			"translation": [-6, -10.5, 12.5],
			"rotation": [-15, 0, 0]
		}
	}
}