{
	"credit": "Made By BronGhast014 with Blockbench",
	"textures": {
		"1": "mobs/worlock_illager"
	},
	"elements": [
		{
			"name": "sholder cap",
			"from": [-0.15, 13.25, 5.9],
			"to": [2.85, 16.25, 10.2],
			"faces": {
				"north": {"uv": [11.75, 3.5, 12.5, 2.75], "rotation": 180, "texture": "#1"},
				"east": {"uv": [11.75, 2.75, 12.5, 3.5], "rotation": 180, "texture": "#1"},
				"south": {"uv": [12, 3, 12.75, 3.75], "rotation": 180, "texture": "#1"},
				"west": {"uv": [12.75, 3.5, 11.75, 2.75], "rotation": 180, "texture": "#1"},
				"up": {"uv": [11.75, 2.75, 12.5, 3.75], "texture": "#1"},
				"down": {"uv": [11.75, 2.75, 12.5, 3.5], "texture": "#1"}
			}
		},
		{
			"name": "leg",
			"from": [0, 4, 6],
			"to": [4, 16, 10],
			"faces": {
				"north": {"uv": [12, 6.5, 13, 9.5], "texture": "#1"},
				"east": {"uv": [11, 6.5, 12, 9.5], "texture": "#1"},
				"south": {"uv": [14, 6.5, 15, 9.5], "texture": "#1"},
				"west": {"uv": [13, 6.5, 14, 9.5], "texture": "#1"},
				"up": {"uv": [12, 5.5, 13, 6.5], "texture": "#1"},
				"down": {"uv": [11, 5.5, 12, 6.5], "texture": "#1"}
			}
		},
		{
			"name": "sleeve",
			"from": [-0.1, 6.5, 5.9],
			"to": [4.1, 7.5, 10.1],
			"faces": {
				"north": {"uv": [13.5, 9.5, 13.75, 10.5], "rotation": 270, "texture": "#1"},
				"east": {"uv": [13.5, 9.5, 13.75, 10.5], "rotation": 270, "texture": "#1"},
				"south": {"uv": [13.5, 9.5, 13.75, 10.5], "rotation": 270, "texture": "#1"},
				"west": {"uv": [13.5, 9.5, 13.75, 10.5], "rotation": 90, "texture": "#1"},
				"up": {"uv": [13.5, 9.5, 13.75, 10.5], "rotation": 270, "texture": "#1"},
				"down": {"uv": [13.5, 9.5, 13.75, 10.5], "rotation": 270, "texture": "#1"}
			}
		}
	],
	"display": {
		"thirdperson_lefthand": {
			"rotation": [90, 0, 0],
			"translation": [-6, -2, 4]
		},
		"head": {
			"translation": [0, -19.25, 0],
			"scale": [1.6, 1.6, 1.6]
		}
	},
	"groups": [
		{
			"name": "arms",
			"children": [
				{
					"name": "left",
					"children": [0, 1, 2]
				}
			]
		}
	]
}