{
	"credit": "Made By BronGhast014 with Blockbench",
	"textures": {
		"0": "mobs/mummy",
		"particle": "mobs/mummy"
	},
	"elements": [
		{
			"name": "head",
			"from": [3.9, 23.4, 3.9],
			"to": [12.1, 31.6, 12.1],
			"faces": {
				"north": {"uv": [2, 10, 4, 12], "texture": "#0"},
				"east": {"uv": [0, 10, 2, 12], "texture": "#0"},
				"south": {"uv": [6, 10, 8, 12], "texture": "#0"},
				"west": {"uv": [4, 10, 6, 12], "texture": "#0"},
				"up": {"uv": [4, 10, 2, 8], "texture": "#0"},
				"down": {"uv": [6, 8, 4, 10], "texture": "#0"}
			}
		},
		{
			"name": "head",
			"from": [4, 23.5, 4],
			"to": [12, 31.5, 12],
			"faces": {
				"north": {"uv": [2, 2, 4, 4], "texture": "#0"},
				"east": {"uv": [0, 2, 2, 4], "texture": "#0"},
				"south": {"uv": [6, 2, 8, 4], "texture": "#0"},
				"west": {"uv": [4, 2, 6, 4], "texture": "#0"},
				"up": {"uv": [4, 2, 2, 0], "texture": "#0"},
				"down": {"uv": [6, 0, 4, 2], "texture": "#0"}
			}
		},
		{
			"name": "right_arm",
			"from": [12, 11.5, 6],
			"to": [15, 23.5, 10],
			"rotation": {"angle": 45, "axis": "x", "origin": [8, 22.5, 8]},
			"faces": {
				"north": {"uv": [11, 5, 11.75, 8], "texture": "#0"},
				"east": {"uv": [10, 5, 11, 8], "texture": "#0"},
				"south": {"uv": [12.75, 5, 13.5, 8], "texture": "#0"},
				"west": {"uv": [11.75, 5, 12.75, 8], "texture": "#0"},
				"up": {"uv": [11.75, 5, 11, 4], "texture": "#0"},
				"down": {"uv": [12.5, 4, 11.75, 5], "texture": "#0"}
			}
		},
		{
			"name": "left_armoverlay",
			"from": [11.9, 11.4, 5.9],
			"to": [15.1, 23.6, 10.1],
			"rotation": {"angle": 45, "axis": "x", "origin": [8, 22.5, 8]},
			"faces": {
				"north": {"uv": [10, 13, 10.75, 16], "texture": "#0"},
				"east": {"uv": [13, 13, 14, 16], "texture": "#0"},
				"south": {"uv": [12.25, 13, 13, 16], "texture": "#0"},
				"west": {"uv": [11.5, 13, 12.5, 16], "texture": "#0"},
				"up": {"uv": [12, 13, 11.25, 12], "texture": "#0"},
				"down": {"uv": [12.75, 12, 12, 13], "texture": "#0"}
			}
		},
		{
			"name": "right_arm",
			"from": [1, 11.5, 6],
			"to": [4, 23.5, 10],
			"rotation": {"angle": 45, "axis": "x", "origin": [8, 22.5, 8]},
			"faces": {
				"north": {"uv": [11, 5, 11.75, 8], "texture": "#0"},
				"east": {"uv": [10, 5, 11, 8], "texture": "#0"},
				"south": {"uv": [12.75, 5, 13.5, 8], "texture": "#0"},
				"west": {"uv": [11.75, 5, 12.75, 8], "texture": "#0"},
				"up": {"uv": [11.75, 5, 11, 4], "texture": "#0"},
				"down": {"uv": [12.5, 4, 11.75, 5], "texture": "#0"}
			}
		},
		{
			"name": "left_armoverlay",
			"from": [0.9, 11.4, 5.9],
			"to": [4.1, 23.6, 10.1],
			"rotation": {"angle": 45, "axis": "x", "origin": [8, 22.5, 8]},
			"faces": {
				"north": {"uv": [10, 13, 10.75, 16], "texture": "#0"},
				"east": {"uv": [10.5, 13, 11.5, 16], "texture": "#0"},
				"south": {"uv": [11.5, 13, 12.25, 16], "texture": "#0"},
				"west": {"uv": [10.5, 13, 11.5, 16], "texture": "#0"},
				"up": {"uv": [12, 13.25, 11.25, 12.25], "texture": "#0"},
				"down": {"uv": [12.75, 12, 12, 13], "texture": "#0"}
			}
		},
		{
			"name": "body",
			"from": [4, 11.5, 6],
			"to": [12, 23.5, 10],
			"faces": {
				"north": {"uv": [5, 5, 7, 8], "texture": "#0"},
				"east": {"uv": [4, 5, 5, 8], "texture": "#0"},
				"south": {"uv": [8, 5, 10, 8], "texture": "#0"},
				"west": {"uv": [7, 5, 8, 8], "texture": "#0"},
				"up": {"uv": [7, 5, 5, 4], "texture": "#0"},
				"down": {"uv": [9, 4, 7, 5], "texture": "#0"}
			}
		},
		{
			"name": "body",
			"from": [3.9, 11.5, 5.9],
			"to": [12.1, 23.5, 10.1],
			"faces": {
				"north": {"uv": [5, 13, 7, 16], "texture": "#0"},
				"east": {"uv": [4, 13, 5, 16], "texture": "#0"},
				"south": {"uv": [5.5, 13, 7.5, 16], "texture": "#0"},
				"west": {"uv": [7, 13, 8, 16], "texture": "#0"},
				"up": {"uv": [7, 13, 5, 12], "texture": "#0"},
				"down": {"uv": [9, 12, 7, 13], "texture": "#0"}
			}
		},
		{
			"name": "right_legoverlay",
			"from": [7.9, -0.5, 5.9],
			"to": [12.1, 11.5, 10.1],
			"faces": {
				"north": {"uv": [1.25, 12.5, 2.25, 15.5], "texture": "#0"},
				"east": {"uv": [1.25, 13, 2.25, 16], "texture": "#0"},
				"south": {"uv": [1.25, 12.75, 2.25, 15.75], "texture": "#0"},
				"west": {"uv": [2.5, 13, 3.5, 16], "texture": "#0"},
				"up": {"uv": [6, 13, 5, 12], "texture": "#0"},
				"down": {"uv": [11, 0.75, 10, 1.75], "texture": "#0"}
			}
		},
		{
			"name": "left_leg",
			"from": [8, -0.5, 6],
			"to": [12, 11.5, 10],
			"faces": {
				"north": {"uv": [1, 5, 2, 8], "texture": "#0"},
				"east": {"uv": [0, 5, 1, 8], "texture": "#0"},
				"south": {"uv": [3, 5, 4, 8], "texture": "#0"},
				"west": {"uv": [2, 5, 3, 8], "texture": "#0"},
				"up": {"uv": [2, 5, 1, 4], "texture": "#0"},
				"down": {"uv": [3, 4, 2, 5], "texture": "#0"}
			}
		},
		{
			"name": "right_legoverlay",
			"from": [3.9, -0.5, 5.9],
			"to": [8.1, 11.5, 10.1],
			"faces": {
				"north": {"uv": [1.25, 12.75, 2.25, 15.75], "texture": "#0"},
				"east": {"uv": [3, 13, 4, 16], "texture": "#0"},
				"south": {"uv": [1.5, 12.25, 2.5, 15.25], "texture": "#0"},
				"west": {"uv": [3.75, 13, 4.75, 16], "texture": "#0"},
				"up": {"uv": [6, 13, 5, 12], "texture": "#0"},
				"down": {"uv": [11, 0.75, 10, 1.75], "texture": "#0"}
			}
		},
		{
			"name": "left_leg",
			"from": [4, -0.5, 6],
			"to": [8, 11.5, 10],
			"faces": {
				"north": {"uv": [1, 5, 2, 8], "texture": "#0"},
				"east": {"uv": [0, 5, 1, 8], "texture": "#0"},
				"south": {"uv": [3, 5, 4, 8], "texture": "#0"},
				"west": {"uv": [2, 5, 3, 8], "texture": "#0"},
				"up": {"uv": [2, 5, 1, 4], "texture": "#0"},
				"down": {"uv": [3, 4, 2, 5], "texture": "#0"}
			}
		}
	],
	"display": {
		"head": {
			"translation": [0, -29, 0],
			"scale": [1.6, 1.6, 1.6]
		}
	},
	"groups": [
		{
			"name": "Head",
			"children": [0, 1]
		},
		{
			"name": "R arm",
			"children": [2, 3]
		},
		{
			"name": "L arm",
			"children": [4, 5]
		},
		{
			"name": "body",
			"children": [6, 7,
				{
					"name": "rLeg",
					"children": [8, 9]
				},
				{
					"name": "Lleg",
					"children": [10, 11]
				}
			]
		}
	]
}