{
	"credit": "Made By BronGhast014 with Blockbench",
	"textures": {
		"0": "mobs/mummy",
		"particle": "mobs/mummy"
	},
	"elements": [
		{
			"name": "body",
			"from": [4, 11.5, 6],
			"to": [12, 23.5, 10],
			"faces": {
				"north": {"uv": [5, 5, 7, 8], "texture": "#0"},
				"east": {"uv": [4, 5, 5, 8], "texture": "#0"},
				"south": {"uv": [8, 5, 10, 8], "texture": "#0"},
				"west": {"uv": [7, 5, 8, 8], "texture": "#0"},
				"up": {"uv": [7, 5, 5, 4], "texture": "#0"},
				"down": {"uv": [9, 4, 7, 5], "texture": "#0"}
			}
		},
		{
			"name": "body",
			"from": [3.9, 11.5, 5.9],
			"to": [12.1, 23.5, 10.1],
			"faces": {
				"north": {"uv": [5, 13, 7, 16], "texture": "#0"},
				"east": {"uv": [4, 13, 5, 16], "texture": "#0"},
				"south": {"uv": [5.5, 13, 7.5, 16], "texture": "#0"},
				"west": {"uv": [7, 13, 8, 16], "texture": "#0"},
				"up": {"uv": [7, 13, 5, 12], "texture": "#0"},
				"down": {"uv": [9, 12, 7, 13], "texture": "#0"}
			}
		},
		{
			"name": "right_legoverlay",
			"from": [7.8965, -0.49999, 5.90349],
			"to": [12.0965, 11.50001, 10.10349],
			"rotation": {"angle": 22.5, "axis": "x", "origin": [8, 10, 8]},
			"faces": {
				"north": {"uv": [1.25, 12.5, 2.25, 15.5], "texture": "#0"},
				"east": {"uv": [1.25, 13, 2.25, 16], "texture": "#0"},
				"south": {"uv": [1.25, 12.75, 2.25, 15.75], "texture": "#0"},
				"west": {"uv": [2.5, 13, 3.5, 16], "texture": "#0"},
				"up": {"uv": [6, 13, 5, 12], "texture": "#0"},
				"down": {"uv": [11, 0.75, 10, 1.75], "texture": "#0"}
			}
		},
		{
			"name": "left_leg",
			"from": [7.9965, -0.49999, 6.00349],
			"to": [11.9965, 11.50001, 10.00349],
			"rotation": {"angle": 22.5, "axis": "x", "origin": [8, 10, 8]},
			"faces": {
				"north": {"uv": [1, 5, 2, 8], "texture": "#0"},
				"east": {"uv": [0, 5, 1, 8], "texture": "#0"},
				"south": {"uv": [3, 5, 4, 8], "texture": "#0"},
				"west": {"uv": [2, 5, 3, 8], "texture": "#0"},
				"up": {"uv": [2, 5, 1, 4], "texture": "#0"},
				"down": {"uv": [3, 4, 2, 5], "texture": "#0"}
			}
		},
		{
			"name": "right_legoverlay",
			"from": [3.8965, -0.49999, 5.90349],
			"to": [8.0965, 11.50001, 10.10349],
			"rotation": {"angle": -22.5, "axis": "x", "origin": [8, 10, 8]},
			"faces": {
				"north": {"uv": [1.25, 12.75, 2.25, 15.75], "texture": "#0"},
				"east": {"uv": [3, 13, 4, 16], "texture": "#0"},
				"south": {"uv": [1.5, 12.25, 2.5, 15.25], "texture": "#0"},
				"west": {"uv": [3.75, 13, 4.75, 16], "texture": "#0"},
				"up": {"uv": [6, 13, 5, 12], "texture": "#0"},
				"down": {"uv": [11, 0.75, 10, 1.75], "texture": "#0"}
			}
		},
		{
			"name": "left_leg",
			"from": [3.9965, -0.49999, 6.00349],
			"to": [7.9965, 11.50001, 10.00349],
			"rotation": {"angle": -22.5, "axis": "x", "origin": [8, 10, 8]},
			"faces": {
				"north": {"uv": [1, 5, 2, 8], "texture": "#0"},
				"east": {"uv": [0, 5, 1, 8], "texture": "#0"},
				"south": {"uv": [3, 5, 4, 8], "texture": "#0"},
				"west": {"uv": [2, 5, 3, 8], "texture": "#0"},
				"up": {"uv": [2, 5, 1, 4], "texture": "#0"},
				"down": {"uv": [3, 4, 2, 5], "texture": "#0"}
			}
		}
	],
	"display": {
		"head": {
			"translation": [0, -66.8, 0],
			"scale": [1.6, 1.6, 1.6]
		}
	},
	"groups": [
		{
			"name": "body",
			"children": [0, 1,
				{
					"name": "rLeg",
					"children": [2, 3]
				},
				{
					"name": "Lleg",
					"children": [4, 5]
				}
			]
		}
	]
}